Unnamed: 0,SeriousDlqin2yrs,RevolvingUtilizationOfUnsecuredLines,age,NumberOfTime30-59DaysPastDueNotWorse,DebtRatio,MonthlyIncome,NumberOfOpenCreditLinesAndLoans,NumberOfTimes90DaysLate,NumberRealEstateLoansOrLines,NumberOfTime60-89DaysPastDueNotWorse,NumberOfDependents,emi_burden,risk_score,age_group,anomaly_flag,is_anomaly,zscore_anomaly
7,0,0.305682465,57,0,5710.0,5400.0,8,0,3,0,0.0,1.0572116274763932,2284.183409479,Senior,-1,1,0
45,0,0.368875933,68,0,1687.5,1.0,31,0,1,0,0.0,843.75,675.2213255598,Senior,-1,1,1
59,0,0.541108804,43,0,2477.0,5400.0,3,0,1,0,2.0,0.4586187743010553,991.1246652824,Mid,-1,1,0
87,0,0.360509632,58,1,3282.0,5400.0,8,0,2,0,0.0,0.6076652471764488,1313.0163057792,Senior,-1,1,0
93,0,0.784835658,52,0,2662.0,5400.0,10,0,2,1,0.0,0.4928716904276985,1065.2709013948,Senior,-1,1,0
110,0,0.041257909,61,0,4739.0,5400.0,11,0,4,0,0.0,0.8774301055360119,1895.6247547454,Senior,-1,1,0
125,0,0.277956679,39,0,4090.0,5400.0,9,0,2,0,0.0,0.7572671727457878,1636.1667740074,Mid,-1,1,0
142,0,0.576518559,72,0,3031.0,5400.0,11,0,1,0,0.0,0.5611923717830032,1212.7459111354,Senior,-1,1,0
168,0,0.020966389,29,0,639.5,1.0,3,0,1,0,2.0,319.75,255.8125798334,Young,-1,1,1
172,0,0.9999999,29,0,974.0,5400.0,2,0,0,0,0.0,0.1803369746343269,390.19999994,Young,-1,1,0
180,1,0.946963874,35,0,1593.0,5400.0,6,0,1,0,1.0,0.2949453804850953,637.7681783244001,Mid,-1,1,0
196,1,0.025892469,38,0,74.5,1.0,13,0,0,0,2.0,37.25,29.8155354814,Mid,-1,1,0
215,1,0.655316473,63,0,5223.0,5400.0,19,0,2,0,0.0,0.9670431401592298,2089.5931898838003,Senior,-1,1,0
218,0,0.222696207,42,0,800.0,1.0,3,0,1,0,2.0,400.0,320.1336177242,Mid,-1,1,1
236,0,0.0,66,0,3730.0,5400.0,8,0,1,0,0.0,0.6906128494723199,1492.0,Senior,-1,1,0
243,0,0.877564897,58,0,2825.0,5400.0,10,0,2,0,0.0,0.523051286798741,1130.5265389382,Senior,-1,1,0
285,0,0.260971034,57,0,5439.0,5400.0,16,0,3,0,0.0,1.0070357341233105,2175.7565826204,Senior,-1,1,0
322,0,0.042606843,58,0,3976.0,5400.0,13,0,3,0,0.0,0.7361599703758563,1590.4255641058,Senior,-1,1,0
352,0,0.0,58,0,8380.0,5400.0,20,0,5,0,0.0,1.5515645250879466,3352.0,Senior,-1,1,1
355,1,0.953343701,48,2,2073.0,5400.0,5,1,2,2,0.0,0.3838178115163858,829.7720062206,Mid,-1,1,0
359,0,0.9999999,35,0,3388.0,5400.0,1,0,1,0,0.0,0.6272912423625254,1355.79999994,Mid,-1,1,0
365,0,0.728218119,40,1,3878.0,5400.0,10,0,2,0,0.0,0.7180151823736345,1551.6369308714,Mid,-1,1,0
368,0,0.066347297,46,1,4480.0,5400.0,6,0,2,0,0.0,0.8294760229587114,1792.0398083782,Mid,-1,1,0
369,0,0.502958087,57,0,6381.0,5400.0,5,0,2,0,0.0,1.181447880022218,2552.7017748522003,Senior,-1,1,0
401,0,0.134191514,63,0,926.5,1.0,9,0,1,0,0.0,463.25,370.6805149084,Senior,-1,1,1
422,0,0.063514422,57,0,2221.5,1.0,12,0,2,0,0.0,1110.75,888.6381086532,Senior,-1,1,1
427,0,0.9999999,33,0,1786.0,5400.0,3,0,1,0,0.0,0.3306795037955934,714.9999999400001,Mid,-1,1,0
532,0,0.0,64,0,3819.0,5400.0,3,0,2,0,0.0,0.7070912793927051,1527.6,Senior,-1,1,0
536,0,0.749602291,62,0,7963.0,5400.0,7,0,2,0,3.0,1.474356600629513,3185.6497613746,Senior,-1,1,1
584,0,0.768537191,46,0,2568.0,5400.0,5,0,0,0,0.0,0.4754675060174042,1027.6611223146,Mid,-1,1,0
641,0,0.063062463,54,0,4659.0,5400.0,5,0,2,0,0.0,0.8626180336974635,1863.6378374778,Senior,-1,1,0
644,0,0.143316879,70,3,4294.0,5400.0,16,0,5,1,0.0,0.7950379559340863,1717.6859901274,Senior,-1,1,0
645,0,0.334295645,48,0,5368.0,5400.0,13,0,2,0,0.0,0.9938900203665988,2147.4005773870003,Mid,-1,1,0
678,0,0.12136536,34,0,3300.0,5400.0,5,0,2,0,0.0,0.6109979633401222,1320.072819216,Mid,-1,1,0
781,0,0.917428326,66,1,2410.0,5400.0,7,1,2,0,0.0,0.446213664136271,964.5504569956,Senior,-1,1,0
848,1,0.0,44,0,6046.0,5400.0,9,0,3,0,0.0,1.1194223291982963,2418.4,Mid,-1,1,0
863,0,0.717853471,67,0,3174.0,5400.0,15,0,3,0,0.0,0.5876689501944085,1270.0307120826,Senior,-1,1,0
864,0,0.607205622,63,0,4627.0,5400.0,15,0,1,0,0.0,0.856693204962044,1851.1643233732,Senior,-1,1,0
867,0,0.059356682,32,0,4121.0,5400.0,10,0,1,0,0.0,0.7630068505832254,1648.4356140092,Mid,-1,1,0
869,0,0.738420926,72,0,2367.0,5400.0,11,0,1,0,0.0,0.4382521755230513,947.2430525556,Senior,-1,1,0
911,0,0.9999999,38,0,2628.0,5400.0,6,0,1,0,0.0,0.4865765598963155,1051.79999994,Mid,-1,1,0
915,0,0.707145775,64,0,3930.0,5400.0,13,0,2,0,0.0,0.7276430290686909,1572.424287465,Senior,-1,1,0
925,0,0.0427599,52,0,7806.0,5400.0,21,0,2,0,2.0,1.4452879096463618,3122.42565594,Senior,-1,1,1
932,0,0.994269551,41,0,2809.0,5400.0,5,0,2,0,0.0,0.5200888724310313,1124.1965617306,Mid,-1,1,0
984,0,0.212785199,37,1,106.2727273,21.0,6,0,2,0,4.0,4.830578513636364,42.6367620394,Mid,-1,1,0
992,1,0.228742911,38,2,3558.0,5400.0,19,0,3,0,2.0,0.6587668950194409,1423.3372457466,Mid,-1,1,0
1016,0,0.897369039,57,0,2910.0,5400.0,16,0,0,0,0.0,0.5387891131271987,1164.5384214234,Senior,-1,1,0
1019,0,0.83983667,49,0,3308.0,5400.0,8,0,2,0,1.0,0.612479170523977,1323.703902002,Mid,-1,1,0
1037,0,0.258812185,35,0,3947.0,5400.0,4,0,1,0,0.0,0.7307905943343825,1578.955287311,Mid,-1,1,0
1054,0,0.048037041,30,0,2235.0,5400.0,5,0,1,0,0.0,0.4138122569894464,894.0288222246,Young,-1,1,0
1128,0,0.820545297,45,1,3799.0,5400.0,4,0,2,0,2.0,0.703388261433068,1520.0923271782,Mid,-1,1,0
1152,0,0.601758577,36,0,2162.0,5400.0,10,0,1,0,2.0,0.4002962414367709,865.1610551462,Mid,-1,1,0
1157,0,0.926059916,48,1,12546.0,5400.0,8,0,4,0,0.0,2.3229031660803554,5018.955635949601,Mid,-1,1,1
1167,0,0.823059361,71,1,2061.0,5400.0,6,1,0,1,0.0,0.3815960007406035,824.8938356166001,Senior,-1,1,0
1168,1,0.902797114,45,3,2788.0,5400.0,8,2,1,2,0.0,0.5162007035734123,1115.7416782684,Mid,-1,1,0
1202,0,0.0,48,0,4212.0,5400.0,6,0,3,0,0.0,0.7798555822995742,1684.8000000000002,Mid,-1,1,0
1234,0,0.593788744,63,0,3400.0,5400.0,13,0,2,0,1.0,0.6295130531383077,1360.3562732464,Senior,-1,1,0
1239,0,0.002124734,73,0,3256.0,5400.0,9,0,1,0,0.0,0.6028513238289206,1302.4012748404,Senior,-1,1,0
1252,0,0.465521089,47,0,4085.0,5400.0,8,0,1,0,0.0,0.7563414182558785,1634.2793126534,Mid,-1,1,0
1264,0,0.414618818,70,0,4681.0,5400.0,21,0,2,0,0.0,0.8666913534530643,1872.6487712908,Senior,-1,1,0
1281,0,0.036422035,30,0,1756.0,1.0,10,0,2,0,0.0,878.0,702.4218532210001,Young,-1,1,1
1294,0,0.153327953,61,0,3851.0,5400.0,6,0,2,0,1.0,0.7130161081281244,1540.4919967718,Senior,-1,1,0
1299,0,0.796278584,44,0,2518.0,5400.0,6,5,1,2,4.0,0.4662099611183114,1007.6777671504,Mid,-1,1,0
1311,0,0.987501953,52,0,3844.0,5400.0,12,0,2,0,0.0,0.7117200518422514,1538.1925011718,Senior,-1,1,0
1342,0,0.173948934,68,0,3015.0,5400.0,7,0,2,0,0.0,0.5582299574152935,1206.1043693604,Senior,-1,1,0
1344,0,0.202774562,59,0,6994.0,5400.0,23,0,3,0,2.0,1.2949453804850954,2797.7216647372,Senior,-1,1,1
1363,0,0.099145861,72,0,2430.0,5400.0,23,0,2,0,1.0,0.4499166820959082,972.0594875166,Senior,-1,1,0
1396,0,0.241621668,40,0,3228.0,5400.0,11,0,2,0,0.0,0.5976670986854287,1291.3449730008,Mid,-1,1,0
1398,0,0.892003484,60,0,3955.0,5400.0,12,0,2,0,0.0,0.7322718015182373,1582.5352020904,Senior,-1,1,0
1464,0,0.037448128,73,0,2498.0,5400.0,4,0,2,0,0.0,0.4625069431586743,999.2224688768,Senior,-1,1,0
1484,0,0.088300431,35,0,3041.0,5400.0,8,0,1,0,0.0,0.5630438807628217,1216.4529802586,Mid,-1,1,0
1499,0,0.9999999,47,0,2174.0,5400.0,1,0,1,0,0.0,0.4025180522125532,870.19999994,Mid,-1,1,0
1514,0,0.956397524,35,2,3268.0,5400.0,15,0,1,0,0.0,0.6050731346047028,1307.7738385144,Mid,-1,1,0
1541,0,0.056334303,63,0,4542.0,5400.0,12,0,3,0,0.0,0.8409553786335864,1816.8338005818,Senior,-1,1,0
1561,0,0.933834167,57,2,6696.0,5400.0,8,0,2,0,0.0,1.2397704128865026,2678.9603005002,Senior,-1,1,1
1598,0,0.54691406,67,0,2969.0,5400.0,6,0,2,0,0.0,0.5497130161081282,1187.928148436,Senior,-1,1,0
1606,0,0.911540163,46,0,3353.0,5400.0,7,0,1,0,1.0,0.6208109609331606,1341.7469240978,Mid,-1,1,0
1616,0,0.839907542,29,0,364.0,2.0,8,0,0,0,0.0,121.33333333333331,146.1039445252,Young,-1,1,0
1617,0,0.286009847,65,0,3622.0,5400.0,5,0,1,0,0.0,0.6706165524902796,1448.9716059082002,Senior,-1,1,0
1660,0,0.337735888,48,1,3005.0,5400.0,11,0,1,0,2.0,0.5563784484354749,1202.2026415328,Mid,-1,1,0
1672,0,0.093454384,43,0,3986.0,5400.0,25,0,2,0,0.0,0.7380114793556749,1594.4560726304,Mid,-1,1,0
1727,0,0.982403519,57,0,2357.0,5400.0,8,0,1,1,0.0,0.4364006665432327,943.3894421114,Senior,-1,1,0
1729,0,0.258431665,70,0,4045.0,5400.0,8,0,1,0,1.0,0.7489353823366043,1618.155058999,Senior,-1,1,0
1731,1,0.537417139,38,1,2748.0,5400.0,5,3,1,3,0.0,0.5087946676541382,1099.5224502834,Mid,-1,1,0
1738,0,0.339794165,59,0,3115.0,5400.0,19,0,1,0,0.0,0.576745047213479,1246.203876499,Senior,-1,1,0
1761,0,0.056476222,59,0,3612.0,5400.0,7,0,2,0,0.0,0.6687650435104611,1444.8338857332,Senior,-1,1,0
1765,0,0.212426252,36,0,2743.0,5400.0,8,0,1,0,0.0,0.5078689131642289,1097.3274557512,Mid,-1,1,0
1792,0,0.9999999,31,1,813.0,5400.0,4,2,0,1,0.0,0.1505276800592483,325.79999994,Mid,-1,1,0
1818,0,0.342435003,55,0,3840.0,5400.0,5,0,2,0,0.0,0.710979448250324,1536.2054610018,Senior,-1,1,0
1841,0,0.001128491,81,1,4546.0,5400.0,13,0,5,0,0.0,0.8416959822255138,1818.4006770946,Senior,-1,1,0
1862,1,0.955200471,44,0,2277.0,5400.0,10,0,1,0,0.0,0.4215885947046843,911.3731202826,Mid,-1,1,0
1891,0,0.9999999,24,0,602.0,5400.0,0,0,0,0,0.0,0.1114608405850768,241.39999994,Young,-1,1,0
1902,0,0.906381727,50,0,5317.0,5400.0,16,0,2,0,2.0,0.984447324569524,2127.3438290362,Mid,-1,1,0
1907,0,0.033934804,57,0,5354.0,5400.0,9,0,2,0,4.0,0.9912979077948528,2141.6203608824,Senior,-1,1,0
1924,0,0.076419464,44,0,4200.0,5400.0,23,0,3,0,3.0,0.7776337715237919,1680.0458516784,Mid,-1,1,0
1954,0,0.291790743,37,0,4729.0,5400.0,6,0,2,0,0.0,0.8755785965561933,1891.7750744458,Mid,-1,1,0
1958,1,0.9999999,36,0,2730.0,5400.0,2,0,2,0,0.0,0.5054619514904647,1092.59999994,Mid,-1,1,0
2028,0,0.264172212,58,0,4068.0,5400.0,6,0,1,0,0.0,0.753193852990187,1627.3585033272,Senior,-1,1,0
2037,0,0.640208437,39,0,2441.0,5400.0,7,0,1,0,0.0,0.4519533419737085,976.7841250622,Mid,-1,1,0
2038,0,0.187268721,69,0,3740.0,5400.0,9,0,1,0,0.0,0.6924643584521385,1496.1123612326,Senior,-1,1,0
2052,0,0.968071818,60,0,4908.0,5400.0,21,0,2,0,0.0,0.9087206072949454,1963.7808430908,Senior,-1,1,0
2073,0,0.395090522,42,0,3524.0,5400.0,7,0,1,0,1.0,0.6524717644880578,1409.8370543132,Mid,-1,1,0
2079,0,0.99000999,35,1,1254.0,5400.0,10,1,0,0,0.0,0.2321792260692464,502.194005994,Mid,-1,1,0
2088,0,0.9999999,50,0,2701.0,5400.0,1,0,1,0,0.0,0.5000925754489909,1080.9999999400002,Mid,-1,1,0
2094,0,0.0,50,0,1222.0,1.0,19,0,1,0,0.0,611.0,488.8,Mid,-1,1,1
2114,0,0.0,37,0,2865.0,5400.0,8,0,5,0,2.0,0.5304573227180152,1146.0,Mid,-1,1,0
2126,0,0.091788469,59,0,4050.0,5400.0,9,0,3,0,3.0,0.7498611368265136,1620.0550730814,Senior,-1,1,0
2141,0,0.156203563,36,1,4179.0,5400.0,7,0,2,0,0.0,0.773745602666173,1671.6937221378,Mid,-1,1,0
2150,0,0.276054839,54,0,8260.0,5400.0,10,0,2,0,0.0,1.529346417330124,3304.1656329034,Senior,-1,1,1
2192,0,0.036329154,52,0,3617.0,5400.0,10,0,1,0,0.0,0.6696907980003703,1446.8217974924005,Senior,-1,1,0
2252,0,0.487686935,49,0,4467.0,5400.0,12,0,2,0,0.0,0.8270690612849473,1787.0926121610005,Mid,-1,1,0
2253,0,0.025665445,58,2,4034.0,5400.0,14,0,2,0,3.0,0.746898722458804,1613.6153992670002,Senior,-1,1,0
2266,1,0.306928195,49,1,5072.0,5400.0,16,0,2,0,0.0,0.9390853545639696,2028.9841569170003,Mid,-1,1,0
2343,0,0.433248383,44,0,2665.0,5400.0,9,0,1,0,0.0,0.4934271431216441,1066.2599490298,Mid,-1,1,0
2348,0,0.060837205,69,0,219.0,1.0,14,0,0,0,0.0,109.5,87.636502323,Senior,-1,1,0
2358,0,0.919452151,71,1,4942.0,5400.0,30,1,1,0,0.0,0.9150157378263284,1977.3516712906005,Senior,-1,1,0
2376,0,0.066923375,74,0,2561.0,5400.0,5,0,1,0,0.0,0.4741714497315312,1024.440154025,Senior,-1,1,0
2427,0,0.53648363,30,1,3106.0,5400.0,9,0,1,0,0.0,0.5750786891316423,1242.7218901780002,Young,-1,1,0
2431,0,0.9999999,60,0,2265.0,5400.0,3,0,2,0,0.0,0.419366783928902,906.59999994,Senior,-1,1,0
2453,0,0.353155374,45,0,1435.0,1.0,13,0,2,0,2.0,717.5,574.2118932244,Mid,-1,1,1
2459,0,0.955391478,59,0,1931.0,5400.0,8,0,1,0,0.0,0.3575263840029624,772.9732348868001,Senior,-1,1,0
2481,0,0.501810178,63,0,4903.0,5400.0,24,0,2,0,0.0,0.907794852805036,1961.5010861068,Senior,-1,1,0
2492,0,0.006367642,62,0,6413.0,5400.0,18,0,2,0,0.0,1.1873727087576376,2565.2038205852004,Senior,-1,1,0
2500,0,0.201010872,58,0,5285.0,5400.0,12,0,2,0,0.0,0.9785224958341048,2114.1206065232,Senior,-1,1,0
2515,0,0.926799199,81,1,2110.0,5400.0,6,0,0,0,0.0,0.3906683947417145,844.5560795194,Senior,-1,1,0
2567,0,0.460788025,44,0,2977.0,5400.0,6,0,1,0,1.0,0.551194223291983,1191.076472815,Mid,-1,1,0
2582,0,0.00624375,78,0,2357.0,5400.0,7,0,1,0,0.0,0.4364006665432327,942.80374625,Senior,-1,1,0
2584,0,0.579950004,41,0,2195.0,5400.0,9,0,1,0,0.0,0.4064062210701722,878.3479700024,Mid,-1,1,0
2594,0,0.613277345,38,0,2965.0,5400.0,7,0,2,0,0.0,0.5489724125162007,1186.367966407,Mid,-1,1,0
2620,0,0.0,43,0,4320.0,5400.0,14,0,3,0,2.0,0.7998518792816145,1728.0,Mid,-1,1,0
2648,1,0.9999999,36,2,3931.0,5400.0,5,0,2,2,0.0,0.7278281799666728,1572.9999999400002,Mid,-1,1,0
2656,0,0.944482897,61,1,2582.0,5400.0,9,2,1,0,2.0,0.4780596185891501,1033.3666897382,Senior,-1,1,0
2665,0,0.819906832,58,0,10370.0,5400.0,17,0,3,0,0.0,1.9200148120718383,4148.4919440992,Senior,-1,1,1
2681,0,0.9999999,54,0,1905.0,5400.0,2,0,1,0,0.0,0.3527124606554341,762.59999994,Senior,-1,1,0
2688,0,0.922613341,34,0,3297.0,5400.0,9,0,1,1,0.0,0.6104425106461766,1319.3535680046002,Mid,-1,1,0
2692,0,0.026308992,35,0,4299.0,5400.0,6,0,3,0,0.0,0.7959637104239956,1719.6157853952002,Mid,-1,1,0
2703,0,0.338668226,51,0,3410.0,5400.0,16,0,2,0,0.0,0.6313645621181263,1364.2032009356,Senior,-1,1,0
2747,0,0.9999999,35,0,3831.0,5400.0,4,0,1,0,0.0,0.7093130901684873,1532.9999999400002,Mid,-1,1,0
2799,0,0.0,72,0,3152.0,5400.0,7,0,2,0,0.0,0.5835956304388076,1260.8000000000002,Senior,-1,1,0
2893,0,0.032232209,67,0,4686.0,5400.0,10,0,3,0,2.0,0.8676171079429735,1874.4193393254,Senior,-1,1,0
2904,0,0.00010526,71,0,3597.0,5400.0,8,0,4,0,0.0,0.6659877800407332,1438.800063156,Senior,-1,1,0
2907,0,0.711147741,44,0,2328.0,5400.0,5,0,1,0,0.0,0.4310312905017589,931.6266886446,Mid,-1,1,0
2926,0,0.9999999,28,0,585.0,5400.0,1,0,0,0,0.0,0.1083132753193853,234.59999994,Young,-1,1,0
2944,0,0.9999999,52,0,6408.0,5400.0,5,0,1,0,0.0,1.1864469542677285,2563.7999999400004,Senior,-1,1,0
2951,0,0.027237104,56,0,6420.0,5400.0,10,0,3,0,0.0,1.1886687650435104,2568.0163422624,Senior,-1,1,0
2956,0,0.056602196,46,0,4763.0,5400.0,9,0,1,0,0.0,0.8818737270875764,1905.2339613176,Mid,-1,1,0
2958,1,0.686354379,27,0,805.0,5400.0,2,0,0,0,1.0,0.1490464728753934,322.4118126274,Young,-1,1,0
2964,0,0.0,35,0,4835.0,5400.0,7,0,1,0,0.0,0.89520459174227,1934.0,Mid,-1,1,0
2981,0,0.9999999,31,0,559.0,5400.0,8,0,1,0,0.0,0.103499351971857,224.19999994000003,Mid,-1,1,0
3004,0,0.246641902,45,0,3175.0,5400.0,9,0,2,0,0.0,0.5878541010923903,1270.1479851412,Mid,-1,1,0
3058,0,0.032092449,73,0,2448.0,5400.0,11,0,2,0,0.0,0.4532493982595815,979.2192554694,Senior,-1,1,0
3138,0,0.081697277,66,0,3417.0,5400.0,6,0,1,0,0.0,0.6326606184039992,1366.8490183662002,Senior,-1,1,0
3160,0,0.169468356,61,0,5808.0,5400.0,11,0,2,0,0.0,1.075356415478615,2323.3016810136,Senior,-1,1,0
3168,0,0.128930684,54,0,5174.0,5400.0,10,0,2,0,1.0,0.9579707461581188,2069.6773584104,Senior,-1,1,0
3172,0,0.735804585,52,0,6720.0,5400.0,6,0,3,0,0.0,1.244214034438067,2688.441482751,Senior,-1,1,1
3197,0,0.895649944,25,0,917.0,5400.0,10,0,0,0,0.0,0.1697833734493612,367.3373899664,Young,-1,1,0
3201,0,0.014462292,70,0,6852.0,5400.0,18,0,1,0,0.0,1.2686539529716718,2740.8086773752,Senior,-1,1,1
3204,0,0.009306009,34,0,3206.0,5400.0,10,0,3,0,0.0,0.5935937789298278,1282.4055836054,Mid,-1,1,0
3247,0,0.0,43,0,5110.0,5400.0,8,0,2,0,2.0,0.9461210886872802,2044.0,Mid,-1,1,0
3257,0,0.062123447,59,0,7327.0,5400.0,18,0,15,0,0.0,1.356600629513053,2930.8372740682003,Senior,-1,1,1
3288,0,0.409143189,65,0,5969.0,5400.0,19,0,1,0,1.0,1.1051657100536938,2387.8454859134,Senior,-1,1,0
3289,0,0.281489173,71,0,5024.0,5400.0,9,0,3,0,0.0,0.9301981114608406,2009.7688935038,Senior,-1,1,0
3296,0,0.237317827,35,0,2222.0,5400.0,10,0,1,0,0.0,0.4114052953156822,888.9423906962,Mid,-1,1,0
3309,0,0.020667849,42,0,3634.0,5400.0,10,0,2,0,0.0,0.6728383632660618,1453.6124007094002,Mid,-1,1,0
3333,0,0.0,74,0,2261.0,5400.0,7,0,1,0,0.0,0.4186261803369746,904.4,Senior,-1,1,0
3346,0,0.9999999,27,0,881.0,5400.0,3,0,1,0,0.0,0.1631179411220144,352.99999994,Young,-1,1,0
3359,0,0.772934899,62,0,2165.0,5400.0,7,0,1,0,0.0,0.4008516941307165,866.4637609394,Senior,-1,1,0
3390,0,0.114043727,74,0,2636.0,5400.0,14,0,3,0,0.0,0.4880577670801703,1054.4684262362,Senior,-1,1,0
3404,0,0.952403808,59,1,1921.0,5400.0,5,0,2,0,0.0,0.3556748750231439,768.9714422848001,Senior,-1,1,0
3418,0,0.018886158,33,0,3756.0,5400.0,2,0,1,0,0.0,0.6954267728198482,1502.4113316948,Mid,-1,1,0
3432,0,0.9999999,75,0,2319.0,5400.0,9,0,1,0,0.0,0.4293649324199222,928.19999994,Senior,-1,1,0
3472,0,0.307546921,59,0,3661.0,5400.0,7,0,1,0,3.0,0.6778374375115719,1464.5845281526,Senior,-1,1,0
3477,0,0.9999999,62,1,2110.0,5400.0,4,0,1,0,0.0,0.3906683947417145,844.59999994,Senior,-1,1,0
3490,1,0.708234174,55,3,2459.0,5400.0,10,0,2,0,0.0,0.455286058137382,984.0249405044,Senior,-1,1,0
3493,0,0.342432034,57,1,2874.0,5400.0,15,0,2,0,0.0,0.5321236807998518,1149.8054592204,Senior,-1,1,0
3500,0,0.30028332,58,0,3615.0,5400.0,13,0,2,1,0.0,0.6693204962044066,1446.180169992,Senior,-1,1,0
3507,0,0.108635655,48,0,5774.0,5400.0,9,0,5,0,0.0,1.069061284947232,2309.665181393,Mid,-1,1,0
3534,0,0.441912454,64,3,7582.0,5400.0,19,0,2,1,0.0,1.403814108498426,3033.0651474724,Senior,-1,1,1
3575,0,0.947817059,70,0,4471.0,5400.0,10,0,1,0,0.0,0.8278096648768747,1788.9686902354,Senior,-1,1,0
3580,0,0.801448481,64,0,3259.0,5400.0,10,0,0,0,1.0,0.6034067765228661,1304.0808690886,Senior,-1,1,0
3589,0,0.088509958,29,0,2816.0,5400.0,6,0,2,0,0.0,0.5213849287169042,1126.4531059748,Young,-1,1,0
3658,0,0.121471896,51,0,4783.0,5400.0,12,0,1,0,2.0,0.8855767450472135,1913.2728831376,Senior,-1,1,0
3671,0,0.01347141,35,0,3260.0,5400.0,12,0,2,0,0.0,0.603591927420848,1304.008082846,Mid,-1,1,0
3701,0,0.098066711,32,0,248.0,1.0,7,0,0,0,4.0,124.0,99.2588400266,Mid,-1,1,0
3726,0,0.107607579,76,0,2889.0,5400.0,17,0,2,0,0.0,0.5349009442695797,1155.6645645474002,Senior,-1,1,0
3742,0,0.092636424,60,0,3868.0,5400.0,16,0,2,0,0.0,0.7161636733938159,1547.2555818544,Senior,-1,1,0
3753,0,0.067161455,27,1,434.0,1.0,10,0,1,0,1.0,217.0,173.640296873,Young,-1,1,0
3757,0,0.010487462,69,0,4534.0,5400.0,23,0,2,0,0.0,0.8394741714497316,1813.6062924772,Senior,-1,1,0
3758,0,0.417356182,61,0,2864.0,5400.0,14,0,2,0,1.0,0.5302721718200333,1145.8504137092002,Senior,-1,1,0
3774,0,0.393518102,69,0,4693.0,5400.0,9,0,2,0,0.0,0.8689131642288465,1877.4361108612,Senior,-1,1,0
3785,0,0.075202927,34,0,5621.0,5400.0,8,0,2,0,0.0,1.040733197556008,2248.4451217562,Mid,-1,1,0
3814,0,0.001621578,76,0,3261.0,5400.0,5,0,2,0,1.0,0.6037770783188299,1304.4009729468,Senior,-1,1,0
3825,0,0.009631325,72,1,378.0,1.0,5,1,2,0,0.0,189.0,151.205778795,Senior,-1,1,0
3844,0,0.659236332,73,4,2098.0,5400.0,12,0,1,0,0.0,0.3884465839659322,839.5955417992001,Senior,-1,1,0
3849,0,0.756286457,61,0,3025.0,5400.0,9,0,2,0,1.0,0.560081466395112,1210.4537718742,Senior,-1,1,0
3861,0,0.644550406,38,0,6424.0,5400.0,10,0,4,0,0.0,1.189409368635438,2569.9867302436005,Mid,-1,1,0
3868,0,0.896284149,48,0,3907.0,5400.0,12,0,2,0,0.0,0.7233845584151083,1563.3377704894,Mid,-1,1,0
3891,0,0.055948367,54,0,4196.0,5400.0,9,0,2,0,2.0,0.7768931679318645,1678.4335690202,Senior,-1,1,0
3934,0,0.9999999,41,0,1851.0,5400.0,4,0,2,1,0.0,0.342714312164414,740.9999999400001,Mid,-1,1,0
3970,0,0.856761937,38,0,861.5,1.0,5,0,2,0,2.0,430.75,345.1140571622,Mid,-1,1,1
3988,0,0.860797645,44,0,2735.0,5400.0,6,0,2,0,0.0,0.506387705980374,1094.516478587,Mid,-1,1,0
3989,1,0.406654055,55,1,4239.0,5400.0,12,0,2,1,0.0,0.7848546565450842,1695.843992433,Senior,-1,1,0
3995,0,0.717336537,45,0,2352.0,5400.0,6,0,3,0,0.0,0.4354749120533234,941.2304019222,Mid,-1,1,0
4001,0,0.258414887,60,0,3414.0,5400.0,15,0,4,0,0.0,0.6321051657100537,1365.7550489322002,Senior,-1,1,0
4006,1,0.9999999,36,3,1848.0,5400.0,4,1,1,2,0.0,0.3421588594704684,739.79999994,Mid,-1,1,0
4009,0,0.224512885,40,1,4452.0,5400.0,8,0,1,0,0.0,0.8242917978152194,1780.934707731,Mid,-1,1,0
4044,0,0.007390064,94,0,3.93e-05,203500.0,5,0,0,0,0.0,1.9311944413049567e-10,0.0044497584,Senior,-1,1,1
4057,0,0.446570375,46,0,3407.0,5400.0,12,0,1,0,0.0,0.6308091094241807,1363.0679422250005,Mid,-1,1,0
4122,0,0.0,65,0,4803.0,5400.0,8,0,1,0,0.0,0.8892797630068506,1921.2,Senior,-1,1,0
4135,0,0.73076203,68,0,3618.0,5400.0,11,0,1,0,1.0,0.6698759488983521,1447.638457218,Senior,-1,1,0
4145,0,0.120690405,62,0,4626.0,5400.0,7,0,2,0,0.0,0.8565080540640622,1850.472414243,Senior,-1,1,0
4152,0,0.033997044,57,0,8078.0,5400.0,10,0,3,0,0.0,1.4956489538974265,3231.2203982264004,Senior,-1,1,1
4162,0,0.461281367,40,0,4288.0,5400.0,11,0,2,0,2.0,0.7939270505461952,1715.4767688202,Mid,-1,1,0
4207,0,0.9999999,72,0,3801.0,5400.0,4,0,1,0,0.0,0.7037585632290316,1520.9999999400002,Senior,-1,1,0
4233,0,0.9999999,78,0,916.0,5400.0,1,0,1,0,0.0,0.1695982225513793,366.99999994,Senior,-1,1,0
4237,0,0.133286671,73,0,2329.0,5400.0,5,0,2,0,0.0,0.4312164413997408,931.6799720026,Senior,-1,1,0
4271,0,0.432608917,63,0,2691.0,5400.0,4,0,2,1,0.0,0.4982410664691724,1076.6595653502002,Senior,-1,1,0
4282,0,0.0,61,1,3404.0,5400.0,7,0,1,0,0.0,0.6302536567302351,1361.6,Senior,-1,1,0
4283,0,0.859188518,70,0,4387.0,5400.0,19,0,0,0,0.0,0.8122569894463988,1755.3155131108,Senior,-1,1,0
4286,0,0.951652417,35,0,1024.0,5400.0,2,0,0,0,0.0,0.1895945195334197,410.1709914502,Mid,-1,1,0
4291,0,0.026665668,43,0,4895.0,5400.0,7,0,3,0,0.0,0.9063136456211812,1958.0159994008,Mid,-1,1,0
4359,0,0.022529693,41,0,2936.0,5400.0,4,0,2,0,3.0,0.5436030364747269,1174.4135178158,Mid,-1,1,0
4397,0,0.0,45,0,3509.0,5400.0,6,0,2,0,0.0,0.6496945010183299,1403.6,Mid,-1,1,0
4422,0,0.003688725,31,0,3199.0,5400.0,9,0,1,0,0.0,0.5922977226439549,1279.602213235,Mid,-1,1,0
4441,0,0.99840032,79,2,403.0,5400.0,3,1,0,0,0.0,0.0746158118866876,161.799040192,Senior,-1,1,0
4459,0,0.0,73,0,2508.0,5400.0,5,0,2,0,0.0,0.4643584521384928,1003.2,Senior,-1,1,0
4515,0,0.084575005,64,0,4993.0,5400.0,16,0,4,0,0.0,0.9244584336234032,1997.250745003,Senior,-1,1,0
4536,0,0.9999999,56,0,5548.0,5400.0,5,0,3,0,0.0,1.027217182003333,2219.7999999400004,Senior,-1,1,0
4555,0,0.9999999,47,0,512.0,1.0,3,0,2,0,0.0,256.0,205.39999994,Mid,-1,1,0
4590,0,0.06482931,44,0,3484.0,5400.0,18,0,1,0,3.0,0.6450657285687835,1393.6388975860002,Mid,-1,1,0
4605,0,0.166907402,44,0,5446.0,5400.0,13,0,4,0,0.0,1.0083317904091835,2178.5001444412,Mid,-1,1,0
4628,0,0.9999999,95,0,447.0,5400.0,3,0,1,0,0.0,0.0827624513978892,179.39999994,Senior,-1,1,0
4630,0,0.386006778,52,0,4814.0,5400.0,11,0,2,0,0.0,0.891316422884651,1925.8316040668,Senior,-1,1,0
4673,0,0.504657109,75,0,0.300789853,52667.0,30,0,10,0,0.0,5.711055156831473e-06,0.4231102066,Senior,-1,1,1
4680,0,0.282367086,37,0,3154.0,5400.0,8,0,1,0,0.0,0.5839659322347713,1261.7694202516002,Mid,-1,1,0
4763,1,0.784422929,72,2,1513.0,5400.0,5,5,0,1,0.0,0.2801333086465469,605.6706537574,Senior,-1,1,0
4781,0,0.0,57,0,5957.0,5400.0,4,0,2,0,0.0,1.1029438992779117,2382.8,Senior,-1,1,0
4854,0,0.041629923,62,0,3494.0,1.0,14,0,3,0,0.0,1747.0,1397.6249779538002,Senior,-1,1,1
4855,0,0.0,56,0,168835.0,5400.0,10,0,3,0,2.0,31.259951860766524,67534.0,Senior,-1,1,1
4883,0,0.154042447,64,2,4210.0,5400.0,15,0,3,0,0.0,0.7794852805036104,1684.0924254682,Senior,-1,1,0
4919,0,0.460269865,42,1,6962.0,5400.0,8,0,4,0,3.0,1.289020551749676,2785.076161919,Mid,-1,1,1
4935,0,0.015553206,35,0,3611.0,5400.0,12,0,2,0,0.0,0.6685798926124792,1444.4093319236,Mid,-1,1,0
4946,1,0.992225102,36,0,955.0,5400.0,8,0,0,0,0.0,0.1768191075726717,382.5953350612,Mid,-1,1,0
4949,0,0.061288243,42,0,1114.5,1.0,6,0,1,0,2.0,557.25,445.8367729458,Mid,-1,1,1
4971,0,0.676835727,53,0,4809.0,5400.0,12,0,2,0,0.0,0.8903906683947417,1924.0061014362,Senior,-1,1,0
4978,0,0.612622416,53,0,2933.0,5400.0,12,0,2,0,3.0,0.5430475837807813,1173.5675734496,Senior,-1,1,0
4988,0,0.690869698,63,0,5471.0,5400.0,9,0,3,0,0.0,1.01296056285873,2188.8145218188,Senior,-1,1,0
5015,1,0.19873338,41,0,10333.0,5400.0,10,0,8,0,1.0,1.9131642288465096,4133.3192400279995,Mid,-1,1,1
5029,0,0.81592905,27,0,939.0,5400.0,13,0,0,0,0.0,0.173856693204962,376.08955743,Young,-1,1,0
5037,0,0.722685482,54,2,6900.0,5400.0,14,0,3,0,1.0,1.2775411960748009,2760.4336112892,Senior,-1,1,1
5038,0,0.264963197,51,0,3554.0,5400.0,14,0,1,0,0.0,0.6580262914275135,1421.7589779182,Senior,-1,1,0
5051,0,0.0,37,0,3338.0,5400.0,9,0,1,0,0.0,0.6180336974634327,1335.2,Mid,-1,1,0
5090,1,0.942072687,39,4,3033.0,5400.0,5,0,2,0,0.0,0.5615626735789668,1213.7652436122,Mid,-1,1,0
5114,0,0.220476309,67,0,4993.0,5400.0,18,0,2,0,1.0,0.9244584336234032,1997.3322857854,Senior,-1,1,0
5138,0,0.124792869,56,0,5164.0,5400.0,3,0,1,0,0.0,0.9561192371783004,2065.6748757214,Senior,-1,1,0
5139,0,0.396705676,40,1,3071.0,5400.0,7,0,2,0,0.0,0.5685984077022773,1228.6380234056,Mid,-1,1,0
5156,0,0.9999999,37,0,1439.0,5400.0,1,0,1,0,0.0,0.2664321421958897,576.19999994,Mid,-1,1,0
5196,0,0.9999999,63,0,3242.0,5400.0,5,0,2,0,0.0,0.6002592112571746,1297.3999999400005,Senior,-1,1,0
5203,0,0.012076691,76,0,4462.0,5400.0,12,0,2,0,0.0,0.826143306795038,1784.8072460146002,Senior,-1,1,0
5220,0,0.448850383,35,1,2331.0,5400.0,7,0,2,0,0.0,0.4315867431957045,932.6693102298,Mid,-1,1,0
5239,0,0.026211702,57,0,5030.0,5400.0,10,0,2,0,3.0,0.9313090168487316,2012.0157270212,Senior,-1,1,0
5248,0,0.955929201,49,0,2805.0,5400.0,12,0,1,0,0.0,0.5193482688391039,1122.5735575206,Mid,-1,1,0
5253,0,0.159581318,50,0,3781.0,5400.0,12,0,1,0,2.0,0.7000555452693945,1512.4957487908,Mid,-1,1,0
5260,0,0.015509888,61,0,4665.0,5400.0,8,0,1,0,0.0,0.8637289390853545,1866.0093059328,Senior,-1,1,0
5265,0,0.28611898,38,0,2560.0,5400.0,6,0,1,0,0.0,0.4739862988335493,1024.171671388,Mid,-1,1,0
5274,0,0.358856018,60,0,3800.0,5400.0,13,0,2,0,0.0,0.7035734123310498,1520.2153136108,Senior,-1,1,0
5297,0,0.9999999,61,0,1210.0,5400.0,2,0,1,0,0.0,0.2240325865580448,484.59999994,Senior,-1,1,0
5304,0,0.026259974,78,0,2302.0,5400.0,8,0,2,0,0.0,0.4262173671542307,920.8157559844,Senior,-1,1,0
5319,0,0.598715177,47,0,3268.0,5400.0,11,0,2,0,2.0,0.6050731346047028,1307.5592291062,Mid,-1,1,0
5324,0,0.376315592,64,0,2951.0,5400.0,9,0,2,0,1.0,0.5463802999444547,1180.6257893552,Senior,-1,1,0
5340,0,0.617006666,88,1,1252.0,5400.0,8,0,0,0,0.0,0.2318089242732827,501.1702039996,Senior,-1,1,0
5349,0,0.999951967,57,0,2280.0,5400.0,4,0,1,0,0.0,0.4221440473986299,912.5999711802,Senior,-1,1,0
5387,0,0.662523928,53,0,5131.0,5400.0,9,0,2,0,0.0,0.9500092575448992,2052.7975143568,Senior,-1,1,0
5397,0,0.0,46,0,3370.0,5400.0,8,0,1,0,0.0,0.6239585261988521,1348.0,Mid,-1,1,0
5407,0,0.095583035,54,0,3743.0,5400.0,8,0,2,0,0.0,0.693019811146084,1497.257349821,Senior,-1,1,0
5408,0,0.03399864,29,0,3148.0,5400.0,6,0,1,0,1.0,0.5828550268468802,1259.220399184,Young,-1,1,0
5417,0,0.038919619,43,0,4161.0,5400.0,7,0,1,0,0.0,0.7704128865024995,1664.4233517714,Mid,-1,1,0
5422,0,0.507163565,41,0,3315.0,5400.0,9,0,2,0,2.0,0.6137752268098501,1326.304298139,Mid,-1,1,0
5461,0,0.751636202,62,0,2641.0,5400.0,11,0,1,0,0.0,0.4889835215700796,1056.8509817212,Senior,-1,1,0
5489,0,0.208967025,50,0,5213.0,5400.0,10,0,3,0,1.0,0.9651916311794112,2085.325380215,Mid,-1,1,0
5579,0,0.937710356,42,0,2581.0,5400.0,4,0,1,1,1.0,0.4778744676911683,1032.9626262136,Mid,-1,1,0
5581,0,0.951158191,75,1,2858.0,5400.0,21,0,1,0,0.0,0.5291612664321422,1143.7706949146,Senior,-1,1,0
5631,0,0.281370699,48,0,5800.0,5400.0,19,0,3,0,0.0,1.0738752082947602,2320.1688224194,Mid,-1,1,0
5641,0,0.9999999,47,0,1924.0,5400.0,4,0,2,0,0.0,0.3562303277170894,770.19999994,Mid,-1,1,0
5729,1,0.960418663,80,0,2395.0,5400.0,6,0,0,1,0.0,0.4434364006665432,958.5762511978,Senior,-1,1,0
5759,0,0.339901366,35,0,1119.5,1.0,9,0,2,0,3.0,559.75,448.0039408196,Mid,-1,1,1
5774,0,0.0,51,1,3977.0,5400.0,7,0,2,0,0.0,0.7363451212738382,1590.8000000000002,Senior,-1,1,0
5811,0,0.0,69,0,5266.0,5400.0,6,0,2,0,0.0,0.9750046287724496,2106.4,Senior,-1,1,0
5856,0,0.074355797,36,0,149.4230769,25.0,8,0,2,0,0.0,5.7470414192307695,59.813844238200005,Mid,-1,1,0
5866,0,0.027749133,79,0,2151.0,5400.0,4,0,1,0,0.0,0.3982595815589705,860.4166494798001,Senior,-1,1,0
5888,0,0.196835894,53,0,4136.0,5400.0,15,0,3,0,4.0,0.7657841140529531,1654.5181015364,Senior,-1,1,0
5926,1,0.9999999,58,0,1991.0,5400.0,5,2,1,0,0.0,0.3686354378818737,796.9999999400001,Senior,-1,1,0
5927,0,0.411491117,47,0,4515.0,5400.0,10,0,3,0,2.0,0.8359563043880763,1806.2468946702,Mid,-1,1,0
5932,0,0.666388935,40,0,2356.0,5400.0,6,0,2,0,0.0,0.4362155156452509,942.799833361,Mid,-1,1,0
5968,0,0.120473023,35,1,1375.5,1.0,6,0,1,0,2.0,687.75,550.2722838138001,Mid,-1,1,1
5976,0,0.190307566,61,0,5431.0,5400.0,5,0,1,0,0.0,1.0055545269394557,2172.5141845396,Senior,-1,1,0
5989,1,0.637436156,34,0,893.0,1.0,11,0,2,0,2.0,446.5,357.58246169360007,Mid,-1,1,1
6002,0,0.691282499,61,2,0.021589134,96668.0,14,0,1,0,0.0,2.2333047822983581e-07,0.423405153,Senior,-1,1,1
6019,0,0.984007996,62,1,2358.0,5400.0,4,0,2,0,0.0,0.4365858174412146,943.7904047976,Senior,-1,1,0
6062,0,0.036336922,54,0,3981.0,5400.0,12,0,1,0,0.0,0.7370857248657656,1592.4218021532,Senior,-1,1,0
6071,1,0.0,82,5,2146.0,5400.0,5,1,1,1,0.0,0.3973338270690613,858.4000000000001,Senior,-1,1,0
6176,0,0.1679944,40,0,3035.0,5400.0,5,0,1,0,0.0,0.5619329753749306,1214.10079664,Mid,-1,1,0
6231,1,0.97891232,55,1,1504.0,5400.0,6,0,1,1,0.0,0.2784669505647102,602.187347392,Senior,-1,1,0
6232,0,0.999883409,27,0,672.0,5400.0,3,0,0,0,0.0,0.1244214034438067,269.3999300454,Young,-1,1,0
6244,0,0.266671794,40,0,370.5,1.0,6,0,0,0,1.0,185.25,148.3600030764,Mid,-1,1,0
6258,0,0.464316423,46,0,4340.0,5400.0,13,0,3,0,2.0,0.8035548972412516,1736.2785898538,Mid,-1,1,0
6271,0,0.003124911,61,0,5025.0,5400.0,8,0,4,0,0.0,0.9303832623588224,2010.0018749466,Senior,-1,1,0
6296,1,0.97084771,62,5,9914.0,5400.0,10,0,2,0,0.0,1.8355860025921125,3966.182508626001,Senior,-1,1,1
6349,0,0.0,56,0,354.5,1.0,5,0,1,0,0.0,177.25,141.8,Senior,-1,1,0
6357,0,0.9999999,57,2,2047.0,5400.0,3,1,1,0,1.0,0.3790038881688576,819.39999994,Senior,-1,1,0
6373,0,0.9999999,62,0,476.5,1.0,4,0,2,0,0.0,238.25,191.19999994000003,Senior,-1,1,0
6378,0,0.290094654,59,0,4032.0,5400.0,6,0,2,0,0.0,0.7465284206628402,1612.9740567924002,Senior,-1,1,0
6389,0,0.666328271,59,0,7018.0,5400.0,13,0,1,0,1.0,1.29938900203666,2807.5997969626,Senior,-1,1,1
6402,0,0.012465564,73,0,2296.0,5400.0,12,0,1,0,0.0,0.4251064617663396,918.4074793384,Senior,-1,1,0
6405,0,0.014811574,49,0,4255.0,5400.0,3,0,2,0,0.0,0.787817070912794,1702.0088869444,Mid,-1,1,0
6420,0,0.892366898,41,0,2078.5,1.0,5,0,2,0,2.0,1039.25,831.9354201388,Mid,-1,1,1
6432,1,0.9999999,61,0,2134.0,5400.0,2,3,2,0,1.0,0.395112016293279,854.19999994,Senior,-1,1,0
6458,0,0.693061043,62,0,5020.0,5400.0,9,0,2,0,2.0,0.9294575078689132,2008.4158366258,Senior,-1,1,0
6476,0,0.472508434,61,0,2730.0,5400.0,6,0,1,0,0.0,0.5054619514904647,1092.2835050604,Senior,-1,1,0
6478,0,0.974051896,26,1,696.0,5400.0,3,1,0,0,0.0,0.1288650249953712,278.98443113760004,Young,-1,1,0
6483,0,0.045020073,63,0,5356.0,5400.0,15,0,3,0,4.0,0.9916682095908164,2142.4270120438,Senior,-1,1,0
6516,0,0.924293966,38,0,1492.0,5400.0,4,0,0,0,0.0,0.2762451397889279,597.3545763796001,Mid,-1,1,0
6528,0,0.94000606,77,1,2715.0,5400.0,7,0,1,0,0.0,0.5026846880207368,1086.564003636,Senior,-1,1,0
6574,0,0.38149808,52,1,5297.0,5400.0,17,0,1,0,3.0,0.9807443066098872,2119.028898848,Senior,-1,1,0
6624,0,0.185928776,64,0,3259.0,5400.0,13,0,2,0,0.0,0.6034067765228661,1303.7115572656,Senior,-1,1,0
6651,0,0.064093082,67,0,3213.0,5400.0,13,0,1,0,0.0,0.5948898352157008,1285.2384558492,Senior,-1,1,0
6658,0,0.631491796,43,0,1808.5,1.0,7,0,2,0,2.0,904.25,723.7788950776,Mid,-1,1,1
6681,0,0.764263028,53,1,2302.0,5400.0,4,0,2,0,1.0,0.4262173671542307,921.2585578168,Senior,-1,1,0
6696,0,0.068969435,44,0,3462.0,5400.0,7,0,2,0,0.0,0.6409924088131828,1384.8413816610002,Mid,-1,1,0
6780,0,0.081687133,50,1,3803.0,5400.0,19,0,3,0,0.0,0.7041288650249954,1521.2490122798,Mid,-1,1,0
6836,0,0.9999999,47,0,4333.0,5400.0,4,0,2,0,0.0,0.8022588409553786,1733.79999994,Mid,-1,1,0
6907,0,0.053125629,57,0,1167.5,1.0,19,0,1,0,3.0,583.75,467.0318753774,Senior,-1,1,1
6937,0,0.325173986,43,0,1723.0,1.0,13,0,1,0,2.0,861.5,689.3951043916001,Mid,-1,1,1
6972,0,0.0,71,0,3174.0,5400.0,7,0,2,0,0.0,0.5876689501944085,1269.6,Senior,-1,1,0
6985,0,0.233568857,52,0,3187.0,5400.0,7,0,1,0,0.0,0.5900759118681725,1274.9401413142002,Senior,-1,1,0
6986,0,0.175440534,67,0,3333.0,5400.0,19,0,2,0,0.0,0.6171079429735234,1333.3052643204,Senior,-1,1,0
6991,0,0.0,46,1,4044.0,5400.0,5,0,2,0,0.0,0.7487502314386225,1617.6,Mid,-1,1,0
7051,0,0.959178872,40,0,3061.0,5400.0,5,0,1,0,2.0,0.5667468987224588,1224.9755073232002,Mid,-1,1,0
7095,1,0.460085808,38,0,8041.0,5400.0,10,0,4,0,0.0,1.4887983706720975,3216.6760514848,Mid,-1,1,1
7097,0,0.053364153,91,0,2966.0,5400.0,4,0,1,0,0.0,0.5491575634141825,1186.4320184918,Senior,-1,1,0
7110,0,0.749538226,59,0,2973.0,5400.0,15,0,0,0,0.0,0.5504536197000556,1189.6497229356,Senior,-1,1,0
7115,0,0.33240845,56,0,3579.0,5400.0,7,0,2,0,0.0,0.6626550638770599,1431.79944507,Senior,-1,1,0
7137,0,0.240502024,40,2,3334.0,5400.0,6,0,1,0,0.0,0.6172930938715053,1333.7443012144,Mid,-1,1,0
7141,0,0.04927941,70,0,3316.0,5400.0,14,0,3,0,0.0,0.6139603777078319,1326.429567646,Senior,-1,1,0
7167,0,0.182281772,34,0,3284.0,5400.0,11,0,2,0,0.0,0.6080355489724125,1313.7093690632,Mid,-1,1,0
7180,0,0.057189679,63,0,4409.0,5400.0,15,0,4,0,0.0,0.8163303092019997,1763.6343138074,Senior,-1,1,0
7182,0,0.184581511,57,0,4014.0,5400.0,16,0,3,0,2.0,0.7431957044991668,1605.7107489066002,Senior,-1,1,0
7198,0,0.073704576,39,0,3034.0,5400.0,7,0,1,0,0.0,0.5617478244769487,1213.6442227456002,Mid,-1,1,0
7215,0,0.597414026,77,2,5483.0,5400.0,15,0,3,0,0.0,1.015182373634512,2193.5584484156,Senior,-1,1,0
7235,0,0.9999999,26,0,57.5,1.0,2,0,0,0,0.0,28.75,23.59999994,Young,-1,1,0
7273,0,0.102970974,60,0,1684.0,1.0,10,0,1,0,0.0,842.0,673.6617825844,Senior,-1,1,1
7295,0,0.0,77,0,2151.0,5400.0,6,0,1,0,0.0,0.3982595815589705,860.4000000000001,Senior,-1,1,0
7348,0,0.9999999,62,0,4795.0,5400.0,10,0,2,0,1.0,0.8877985558229957,1918.59999994,Senior,-1,1,0
7399,0,0.513588587,45,0,2758.0,5400.0,8,0,3,0,0.0,0.5106461766339567,1103.5081531522,Mid,-1,1,0
7462,0,0.495811037,73,0,2455.0,5400.0,10,0,1,0,0.0,0.4545454545454545,982.2974866222,Senior,-1,1,0
7486,1,0.900273315,28,0,1967.0,5400.0,9,0,2,0,0.0,0.3641918163303092,787.3401639890001,Young,-1,1,0
7504,0,0.010564998,44,0,4304.0,5400.0,8,0,2,0,0.0,0.7968894649139048,1721.6063389988,Mid,-1,1,0
7514,0,0.152292612,71,0,110952.0,5400.0,9,0,0,0,0.0,20.5428624328828,44380.8913755672,Senior,-1,1,1
7540,0,0.236352729,36,1,3279.0,5400.0,5,0,1,0,0.0,0.6071097944825032,1311.7418116374,Mid,-1,1,0
7554,0,0.9999999,66,0,4115.0,5400.0,4,0,2,0,0.0,0.7618959451953342,1646.59999994,Senior,-1,1,0
7571,0,0.891481315,31,1,2306.0,5400.0,12,0,1,0,2.0,0.4269579707461581,922.934888789,Mid,-1,1,0
7579,0,0.250881533,66,0,7947.0,5400.0,9,1,2,0,0.0,1.4713941862618034,3178.9505289198,Senior,-1,1,1
7586,0,0.054297295,42,0,2951.0,5400.0,5,0,1,0,0.0,0.5463802999444547,1180.432578377,Mid,-1,1,0
7603,0,0.226385807,62,0,5319.0,5400.0,14,0,2,0,1.0,0.984817626365488,2127.7358314842,Senior,-1,1,0
7609,0,0.170521201,56,0,6185.0,5400.0,13,0,1,0,0.0,1.1451583040177744,2474.1023127206,Senior,-1,1,0
7610,0,0.086777264,87,0,3246.0,5400.0,8,0,1,0,0.0,0.600999814849102,1298.4520663584,Senior,-1,1,0
7611,0,0.125317494,61,0,3301.0,5400.0,10,0,1,0,0.0,0.611183114238104,1320.4751904964,Senior,-1,1,0
7660,1,0.95448799,49,2,6102.0,5400.0,8,2,2,0,0.0,1.1297907794852804,2441.372692794,Mid,-1,1,0
7695,0,0.42616694,34,0,782.5,1.0,6,0,0,0,4.0,391.25,313.255700164,Mid,-1,1,1
7777,0,0.591820684,45,2,4639.0,5400.0,4,0,1,0,2.0,0.8589150157378264,1855.9550924104,Mid,-1,1,0
7807,0,0.274268752,91,0,1869.0,5400.0,27,0,1,0,0.0,0.3460470283280873,747.7645612512,Senior,-1,1,0
7832,0,0.330610523,61,0,4439.0,5400.0,19,0,2,0,1.0,0.8218848361414552,1775.7983663138002,Senior,-1,1,0
7850,0,0.340930384,46,0,4147.0,5400.0,8,0,3,0,0.0,0.7678207739307535,1659.0045582304,Mid,-1,1,0
7859,0,0.073683349,58,0,3675.0,5400.0,11,0,1,0,0.0,0.680429550083318,1470.0442100094,Senior,-1,1,0
7874,0,0.57700489,41,0,4441.0,5400.0,8,0,2,0,0.0,0.822255137937419,1776.7462029340002,Mid,-1,1,0
7962,0,0.846909262,60,0,4886.0,5400.0,15,0,1,0,0.0,0.9046472875393444,1954.9081455572,Senior,-1,1,0
7967,0,0.940501487,45,0,2155.0,1.0,6,0,2,0,4.0,1077.5,862.5643008922,Mid,-1,1,1
7982,0,0.998003992,26,0,466.0,5400.0,4,1,0,0,0.0,0.0862803184595445,186.9988023952,Young,-1,1,0
8015,0,0.866237724,54,0,4377.0,5400.0,14,0,1,0,0.0,0.8104054804665802,1751.3197426344002,Senior,-1,1,0
8024,0,0.742178223,65,0,5848.0,5400.0,15,0,1,0,1.0,1.0827624513978893,2339.6453069338004,Senior,-1,1,0
8028,0,0.0,61,0,4518.0,5400.0,9,0,3,0,0.0,0.8365117570820219,1807.2,Senior,-1,1,0
8053,0,0.352494164,40,0,2882.0,5400.0,7,0,1,0,2.0,0.5336048879837068,1153.0114964984,Mid,-1,1,0
8078,0,0.035342521,86,0,2209.0,5400.0,16,0,3,0,0.0,0.4089983336419182,883.6212055126,Senior,-1,1,0
8082,0,0.089146154,62,1,3697.0,5400.0,9,0,2,0,0.0,0.6845028698389187,1478.8534876924002,Senior,-1,1,0
8087,0,0.0,54,0,2878.0,1.0,4,0,1,0,2.0,1439.0,1151.2,Senior,-1,1,1
8103,0,0.978947922,45,1,4913.0,5400.0,11,0,1,0,2.0,0.9096463617848548,1965.7873687532,Mid,-1,1,0
8115,0,0.9999999,47,1,2564.0,5400.0,4,0,1,0,0.0,0.4747269024254767,1026.1999999400002,Mid,-1,1,0
8148,0,0.187690521,52,0,3261.0,5400.0,9,0,2,0,2.0,0.6037770783188299,1304.5126143126,Senior,-1,1,0
8156,0,0.9999999,57,1,2109.0,5400.0,5,0,1,0,0.0,0.3904832438437326,844.19999994,Senior,-1,1,0
8160,0,0.858021843,29,1,1541.0,5400.0,8,0,1,0,2.0,0.2853175337900389,616.9148131058001,Young,-1,1,0
8176,1,0.822326485,45,0,2994.0,5400.0,10,0,1,1,0.0,0.5543417885576745,1198.0933958910002,Mid,-1,1,0
8186,0,0.065733382,39,0,7291.0,5400.0,16,1,8,0,0.0,1.3499351971857063,2916.4394400292,Mid,-1,1,1
8190,0,0.093890084,48,1,3550.0,5400.0,7,0,2,0,0.0,0.657285687835586,1420.0563340504,Mid,-1,1,0
8208,0,0.326128491,73,0,4572.0,5400.0,23,0,2,0,0.0,0.8465099055730421,1828.9956770946,Senior,-1,1,0
8210,0,0.9999999,70,0,703.0,5400.0,1,1,1,0,0.0,0.1301610812812442,281.79999993999996,Senior,-1,1,0
8218,0,0.768952115,41,0,4224.0,5400.0,9,0,2,0,2.0,0.7820773930753564,1690.061371269,Mid,-1,1,0
8222,0,0.9999999,66,0,1067.0,5400.0,2,0,1,0,0.0,0.1975560081466395,427.39999994,Senior,-1,1,0
8270,1,0.699388909,42,1,3253.0,5400.0,11,0,1,0,2.0,0.602295871134975,1301.6196333454,Mid,-1,1,0
8272,1,0.428255873,50,2,5943.0,5400.0,13,0,3,1,0.0,1.1003517867061656,2377.4569535238,Mid,-1,1,0
8284,0,0.018999487,46,0,4438.0,5400.0,8,0,1,0,2.0,0.8216996852434735,1775.2113996922,Mid,-1,1,0
8303,0,0.000519979,62,0,4011.0,5400.0,7,0,1,0,0.0,0.7426402518052213,1604.4003119874,Senior,-1,1,0
8304,0,0.317193832,31,0,2523.0,5400.0,6,0,2,0,0.0,0.4671357156082207,1009.3903162992,Mid,-1,1,0
8310,0,0.797311315,47,0,6521.0,5400.0,7,0,2,1,0.0,1.2073690057396778,2608.878386789,Mid,-1,1,1
8313,0,0.9999999,80,0,1016.0,5400.0,2,0,1,0,0.0,0.1881133123495648,406.99999994,Senior,-1,1,0
8340,0,0.9999999,24,0,498.0,5400.0,0,0,0,0,0.0,0.0922051471949639,199.79999994,Young,-1,1,0
8343,0,0.153667488,64,0,3225.0,5400.0,6,0,1,0,0.0,0.597111645991483,1290.0922004928,Senior,-1,1,0
8344,0,0.645319533,46,0,3113.0,5400.0,8,0,2,0,0.0,0.5763747454175153,1245.5871917198,Mid,-1,1,0
8404,1,0.476717152,59,0,3792.0,5400.0,10,0,2,0,0.0,0.702092205147195,1517.0860302912,Senior,-1,1,0
8410,0,0.9999999,43,0,1742.0,5400.0,6,0,1,0,0.0,0.3225328642843917,697.39999994,Mid,-1,1,0
8507,0,0.003049848,38,0,1021.0,1.0,6,0,1,0,4.0,510.5,408.4018299088,Mid,-1,1,1
8524,0,0.804055573,44,2,3866.0,5400.0,8,0,2,0,1.0,0.7157933715978523,1546.8824333438,Mid,-1,1,0
8546,0,0.724963752,67,0,3377.0,5400.0,7,0,3,1,0.0,0.6252545824847251,1351.2349782512,Senior,-1,1,0
8567,0,0.9999999,64,0,2366.0,5400.0,11,0,1,0,3.0,0.4380670246250694,946.99999994,Senior,-1,1,0
8584,0,0.174187158,52,0,4790.0,5400.0,18,0,2,0,2.0,0.8868728013330864,1916.1045122948,Senior,-1,1,0
8592,0,0.9999999,44,0,1723.0,5400.0,4,0,2,0,0.0,0.3190149972227365,689.79999994,Mid,-1,1,0
8604,0,0.9999999,54,0,2620.0,5400.0,8,0,2,0,5.0,0.4850953527124607,1048.59999994,Senior,-1,1,0
8619,0,0.980540336,38,1,3186.0,5400.0,17,0,2,0,1.0,0.5898907609701907,1274.9883242016,Mid,-1,1,0
8634,0,0.048180245,57,0,4562.0,5400.0,9,0,1,0,0.0,0.8446583965932235,1824.828908147,Senior,-1,1,0
8667,0,0.501323822,67,0,4414.0,5400.0,8,0,2,0,0.0,0.817256063691909,1765.9007942932,Senior,-1,1,0
8677,0,0.135185442,42,0,4501.0,5400.0,13,0,2,0,1.0,0.8333641918163303,1800.4811112652,Mid,-1,1,0
8697,0,0.127492374,64,1,6616.0,5400.0,12,0,3,1,0.0,1.224958341047954,2646.4764954244,Senior,-1,1,1
8701,0,0.304853903,80,0,2009.0,5400.0,11,0,1,0,0.0,0.3719681540455471,803.7829123418,Senior,-1,1,0
8729,0,0.9999999,39,0,4936.0,5400.0,3,0,2,0,0.0,0.9139048324384372,1974.99999994,Mid,-1,1,0
8755,0,0.9999999,65,0,1795.0,5400.0,4,1,1,1,0.0,0.3323458618774301,718.59999994,Senior,-1,1,0
8765,0,0.324953297,64,2,5481.0,5400.0,14,0,2,0,3.0,1.0148120718385485,2192.5949719782,Senior,-1,1,0
8868,0,0.369756693,45,0,336.0,1.0,6,0,0,0,0.0,168.0,134.6218540158,Mid,-1,1,0
8906,0,0.717976435,28,0,1806.0,5400.0,6,0,2,0,0.0,0.3343825217552305,722.8307858610001,Young,-1,1,0
8909,0,0.9999999,61,0,980.5,1.0,2,0,1,0,0.0,490.25,392.79999994,Senior,-1,1,1
8927,0,0.841253479,49,0,4630.0,5400.0,16,0,2,0,0.0,0.8572486576559897,1852.5047520874,Mid,-1,1,0
8928,0,0.05252633,38,0,6102.0,5400.0,8,0,2,0,0.0,1.1297907794852804,2440.831515798,Mid,-1,1,0
8957,0,0.9999999,32,0,579.0,5400.0,1,0,1,0,0.0,0.1072023699314941,232.19999994000003,Mid,-1,1,0
8973,0,0.0,43,0,5203.0,5400.0,6,0,2,0,0.0,0.9633401221995926,2081.2000000000003,Mid,-1,1,0
9001,0,0.938659058,45,2,3494.0,5400.0,7,0,1,0,0.0,0.6469172375486021,1398.1631954348002,Mid,-1,1,0
9002,0,0.297757298,62,0,4492.0,5400.0,14,0,2,0,0.0,0.8316978337344936,1796.9786543788002,Senior,-1,1,0
9073,0,0.326915898,40,0,3252.0,5400.0,16,0,2,0,2.0,0.6021107202369932,1300.9961495388002,Mid,-1,1,0
9082,0,0.007522987,58,0,6522.0,5400.0,8,0,3,0,0.0,1.2075541566376595,2608.8045137922004,Senior,-1,1,1
9089,0,0.717285339,76,0,2297.0,5400.0,7,0,2,0,0.0,0.4252916126643214,919.2303712034,Senior,-1,1,0
9090,0,0.060729285,49,0,3508.0,5400.0,7,0,2,0,0.0,0.649509350120348,1403.236437571,Mid,-1,1,0
9094,0,0.019985873,46,0,9559.0,5400.0,10,0,2,0,0.0,1.769857433808554,3823.611991523801,Mid,-1,1,1
9138,0,0.206527174,45,2,4357.0,5400.0,19,0,2,0,0.0,0.8067024625069431,1742.9239163044,Mid,-1,1,0
9150,0,0.359578046,51,0,7060.0,5400.0,12,0,4,0,0.0,1.307165339751898,2824.2157468276,Senior,-1,1,1
9202,0,0.040140946,60,0,3775.0,5400.0,3,0,2,0,0.0,0.6989446398815035,1510.0240845676,Senior,-1,1,0
9230,0,0.427476407,45,0,1276.5,1.0,9,0,1,0,0.0,638.25,510.8564858442,Mid,-1,1,1
9233,0,0.423779656,35,0,2277.0,5400.0,3,0,1,0,0.0,0.4215885947046843,911.0542677936,Mid,-1,1,0
9245,0,0.339171497,71,0,5479.0,5400.0,28,0,1,0,0.0,1.0144417700425847,2191.8035028982,Senior,-1,1,0
9277,0,0.055491395,39,0,2994.0,5400.0,5,0,1,0,0.0,0.5543417885576745,1197.6332948370002,Mid,-1,1,0
9317,0,0.588171729,53,0,6398.0,5400.0,22,0,2,0,0.0,1.1845954452879095,2559.5529030374005,Senior,-1,1,0
9340,0,0.9999999,62,0,1280.0,5400.0,6,0,1,0,0.0,0.2369931494167746,512.59999994,Senior,-1,1,0
9390,1,0.570612691,47,0,9636.0,5400.0,25,0,2,0,1.0,1.7841140529531567,3854.7423676146,Mid,-1,1,1
9395,0,0.839100868,65,2,2389.0,5400.0,29,1,0,0,0.0,0.4423254952786521,956.1034605208,Senior,-1,1,0
9465,0,0.9999999,54,0,3998.0,5400.0,4,0,1,0,0.0,0.7402332901314571,1599.79999994,Senior,-1,1,0
9520,1,0.68647443,64,0,4653.0,5400.0,8,1,2,1,0.0,0.8615071283095723,1861.611884658,Senior,-1,1,0
9548,0,0.0,44,0,6739.0,5400.0,9,0,3,0,1.0,1.2477319014997224,2695.6000000000004,Mid,-1,1,1
9553,0,3.32e-05,37,1,4100.0,5400.0,8,0,2,0,0.0,0.7591186817256064,1640.00001992,Mid,-1,1,0
9555,0,0.0,39,0,3253.0,5400.0,4,0,1,0,0.0,0.602295871134975,1301.2,Mid,-1,1,0
9624,0,0.730684621,32,0,3735.0,5400.0,5,0,2,0,0.0,0.6915386039622292,1494.4384107726,Mid,-1,1,0
9651,0,0.151280062,67,0,4099.0,5400.0,9,0,1,0,0.0,0.7589335308276245,1639.6907680372,Senior,-1,1,0
9757,0,0.019902146,68,1,5086.0,5400.0,9,0,1,0,0.0,0.9416774671357157,2034.4119412876,Senior,-1,1,0
9760,0,0.363527295,39,0,2429.0,5400.0,4,0,2,0,1.0,0.4497315311979263,971.818116377,Mid,-1,1,0
9774,0,0.657755532,48,0,3574.0,5400.0,6,0,1,0,0.0,0.6617293093871506,1429.9946533192,Mid,-1,1,0
9775,0,0.9999999,61,1,1460.0,5400.0,3,0,1,0,0.0,0.2703203110535086,584.59999994,Senior,-1,1,0
9790,0,0.010315529,75,0,2874.0,5400.0,11,0,2,0,1.0,0.5321236807998518,1149.6061893174,Senior,-1,1,0
9794,0,0.921542814,39,0,3452.0,5400.0,9,1,1,1,0.0,0.6391408998333642,1381.3529256884,Mid,-1,1,0
9807,0,0.9999999,76,0,2790.0,5400.0,3,0,1,0,0.0,0.5165710053693761,1116.59999994,Senior,-1,1,0
9813,0,0.372695987,61,0,5782.0,5400.0,15,0,4,0,0.0,1.0705424921310869,2313.0236175922,Senior,-1,1,0
9822,0,0.034013605,64,0,4354.0,5400.0,2,0,1,0,0.0,0.8061470098129976,1741.620408163,Senior,-1,1,0
9836,0,0.641197935,34,0,3285.0,5400.0,14,0,2,0,2.0,0.6082206998703944,1314.384718761,Mid,-1,1,0
9837,0,0.545218901,48,0,3526.0,5400.0,12,0,2,0,0.0,0.6528420662840215,1410.7271313406002,Mid,-1,1,0
9847,0,0.305534723,54,0,3862.0,5400.0,9,0,2,0,0.0,0.7150527680059249,1544.9833208338002,Senior,-1,1,0
9864,0,0.113385692,40,0,3737.0,5400.0,4,0,1,0,0.0,0.691908905758193,1494.8680314152002,Mid,-1,1,0
9926,0,0.234117725,40,0,3033.0,5400.0,7,0,2,0,0.0,0.5615626735789668,1213.340470635,Mid,-1,1,0
9952,0,0.9999999,71,0,2304.0,5400.0,2,0,1,0,1.0,0.4265876689501944,922.19999994,Senior,-1,1,0
9969,0,0.0,48,1,5090.0,5400.0,6,0,4,0,0.0,0.942418070727643,2036.0,Mid,-1,1,0
9976,0,0.547900697,66,0,3495.0,5400.0,12,0,2,0,2.0,0.647102388446584,1398.3287404182,Senior,-1,1,0
9980,0,0.132460844,79,0,3830.0,5400.0,7,0,1,0,0.0,0.7091279392705054,1532.0794765064,Senior,-1,1,0
9983,0,0.018362969,66,0,4984.0,5400.0,17,0,3,0,0.0,0.9227920755415664,1993.6110177814,Senior,-1,1,0
10044,0,0.0,73,0,4199.0,5400.0,6,0,1,0,0.0,0.77744862062581,1679.6,Senior,-1,1,0
10071,0,0.394030479,68,0,2487.0,5400.0,23,0,1,0,0.0,0.4604702832808739,995.0364182874,Senior,-1,1,0
10075,0,0.32556985,33,0,2635.0,5400.0,7,0,1,0,0.0,0.4878726161821884,1054.19534191,Mid,-1,1,0
10085,0,0.385183833,58,0,3003.0,5400.0,19,0,2,1,0.0,0.5560081466395111,1201.4311102998,Senior,-1,1,0
10093,0,0.013420406,39,0,3042.0,5400.0,6,0,1,0,0.0,0.5632290316608035,1216.8080522436,Mid,-1,1,0
10098,0,0.0,56,0,1476.5,1.0,6,0,1,0,0.0,738.25,590.6,Senior,-1,1,1
10181,0,0.288892592,37,0,5000.0,5400.0,7,0,2,0,0.0,0.925754489909276,2000.1733355552,Mid,-1,1,0
10182,0,0.275368906,66,0,3192.0,5400.0,12,0,2,0,0.0,0.5910016663580818,1276.9652213436002,Senior,-1,1,0
10196,0,0.039706212,72,0,3049.0,5400.0,9,0,2,0,0.0,0.5645250879466766,1219.6238237272,Senior,-1,1,0
10203,0,0.918117344,31,0,1645.0,5400.0,11,0,1,0,1.0,0.3045732271801518,658.5508704064,Mid,-1,1,0
10223,1,0.888712953,59,5,3252.0,5400.0,12,1,2,0,0.0,0.6021107202369932,1301.3332277718002,Senior,-1,1,0
10245,0,0.9999999,37,2,2568.0,5400.0,5,0,2,1,0.0,0.4754675060174042,1027.79999994,Mid,-1,1,0
10268,1,0.883861846,47,3,2078.0,5400.0,3,0,1,1,0.0,0.3847435660062951,831.7303171076001,Mid,-1,1,0
10269,0,0.222724703,44,2,3073.0,5400.0,7,0,1,0,0.0,0.5689687094982411,1229.3336348218,Mid,-1,1,0
10304,0,0.172310218,35,1,2855.0,5400.0,6,0,2,0,0.0,0.5286058137381966,1142.1033861308,Mid,-1,1,0
10320,0,0.050314013,54,0,3583.0,5400.0,22,0,1,0,2.0,0.6633956674689873,1433.2301884078,Senior,-1,1,0
10363,0,0.005356952,67,0,6824.0,5400.0,13,0,5,0,0.0,1.26346972782818,2729.6032141712003,Senior,-1,1,1
10378,0,0.011217505,68,1,4016.0,5400.0,8,0,3,0,0.0,0.7435660062951305,1606.406730503,Senior,-1,1,0
10394,0,0.133982483,55,0,1615.0,1.0,13,0,1,0,0.0,807.5,646.0803894898,Senior,-1,1,1
10406,0,0.9999999,48,0,8155.0,5400.0,3,0,2,0,0.0,1.5099055730420292,3262.59999994,Mid,-1,1,1
10419,0,0.900616891,63,2,3231.0,5400.0,11,0,2,2,0.0,0.5982225513793742,1292.9403701346,Senior,-1,1,0
10431,0,0.11823528,45,0,5228.0,5400.0,4,0,2,0,0.0,0.967968894649139,2091.2709411680003,Mid,-1,1,0
10462,0,0.32089535,58,0,3266.0,5400.0,6,0,2,0,5.0,0.6047028328087392,1306.59253721,Senior,-1,1,0
10478,0,0.417055646,54,0,4915.0,5400.0,14,0,2,0,0.0,0.9100166635808185,1966.2502333876,Senior,-1,1,0
10525,0,0.478152839,42,0,3127.0,5400.0,7,0,2,0,7.0,0.5789668579892613,1251.0868917034002,Mid,-1,1,0
10540,0,0.567986749,27,0,1171.0,5400.0,11,0,2,0,2.0,0.2168117015367524,468.74079204940006,Young,-1,1,0
10572,0,0.546062564,56,0,2810.0,1.0,15,0,3,0,1.0,1405.0,1124.3276375384,Senior,-1,1,1
10636,1,0.725076887,71,0,1888.0,5400.0,9,0,0,0,0.0,0.3495648953897426,755.6350461322,Senior,-1,1,0
10751,0,0.368372275,61,0,1291.0,1.0,5,0,1,0,0.0,645.5,516.6210233649999,Senior,-1,1,1
10756,0,0.108087584,49,0,3843.0,5400.0,5,0,1,0,0.0,0.7115349009442696,1537.2648525504,Mid,-1,1,0
10804,0,0.9999999,55,0,3150.0,5400.0,5,0,2,0,3.0,0.5832253286428439,1260.59999994,Senior,-1,1,0
10814,0,0.981990011,57,0,3448.0,5400.0,7,0,2,0,0.0,0.6384002962414368,1379.7891940066002,Senior,-1,1,0
10815,0,0.682687821,49,0,3153.0,5400.0,7,0,2,0,3.0,0.5837807813367895,1261.6096126926,Mid,-1,1,0
10886,0,0.796210862,60,0,4845.0,5400.0,26,0,2,1,0.0,0.8970561007220885,1938.4777265172,Senior,-1,1,0
10888,0,0.393344201,31,0,2910.0,5400.0,6,0,1,0,0.0,0.5387891131271987,1164.2360065206,Mid,-1,1,0
10889,0,0.04011314,46,1,3599.0,5400.0,5,0,2,0,0.0,0.6663580818366969,1439.6240678840002,Mid,-1,1,0
10916,0,0.74219821,60,0,3409.0,5400.0,8,0,2,0,1.0,0.6311794112201444,1364.0453189260002,Senior,-1,1,0
10918,0,0.543600433,60,0,6285.0,5400.0,13,0,3,0,0.0,1.16367339381596,2514.3261602598,Senior,-1,1,0
10941,0,0.152291904,48,0,3190.0,5400.0,7,0,1,0,0.0,0.5906313645621182,1276.0913751424,Mid,-1,1,0
10945,0,0.283168458,55,0,3608.0,5400.0,9,0,2,0,0.0,0.6680244399185336,1443.3699010748,Senior,-1,1,0
10951,0,0.047369328,45,0,4105.0,5400.0,18,0,2,0,0.0,0.7600444362155157,1642.0284215968,Mid,-1,1,0
11003,0,0.162223176,69,0,4385.0,5400.0,8,0,2,0,0.0,0.8118866876504351,1754.0973339056,Senior,-1,1,0
11011,0,0.346517302,31,0,3163.0,5400.0,11,0,1,0,0.0,0.585632290316608,1265.4079103812,Mid,-1,1,0
11012,0,0.040612792,62,0,3587.0,5400.0,7,0,1,0,0.0,0.6641362710609147,1434.8243676752002,Senior,-1,1,0
11035,0,0.036387054,48,0,3717.0,5400.0,9,0,3,0,0.0,0.6882058877985558,1486.8218322324,Mid,-1,1,0
11043,0,0.613071472,65,0,2959.0,5400.0,7,0,2,0,0.0,0.5478615071283096,1183.9678428832,Senior,-1,1,0
11047,0,0.079282883,44,0,3615.0,5400.0,6,0,1,0,0.0,0.6693204962044066,1446.0475697298,Mid,-1,1,0
11056,0,0.31868248,64,0,3109.0,5400.0,5,0,2,0,2.0,0.5756341418255878,1243.791209488,Senior,-1,1,0
11078,0,0.9999999,48,0,3474.0,5400.0,6,0,2,0,0.0,0.643214219588965,1390.1999999400002,Mid,-1,1,0
11105,0,0.524376262,67,0,2709.0,5400.0,8,0,1,0,0.0,0.5015737826328458,1083.9146257572002,Senior,-1,1,0
11149,0,0.790010499,63,0,2197.0,5400.0,4,0,0,0,0.0,0.4067765228661359,879.2740062994001,Senior,-1,1,0
11155,0,0.0,27,0,3427.0,5400.0,20,0,2,0,0.0,0.6345121273838178,1370.8000000000002,Young,-1,1,0
11165,0,0.449883786,65,0,4098.0,5400.0,9,0,1,0,0.0,0.7587483799296426,1639.4699302716,Senior,-1,1,0
11235,0,0.931825674,60,0,5979.0,5400.0,6,0,2,0,0.0,1.1070172190335124,2392.1590954044,Senior,-1,1,0
11266,0,0.106689331,45,0,4345.0,5400.0,10,0,2,0,0.0,0.8044806517311609,1738.0640135986,Mid,-1,1,0
11303,1,0.912257769,34,0,1608.0,1.0,9,0,3,0,3.0,804.0,643.7473546614001,Mid,-1,1,1
11314,0,0.669107448,68,0,2535.0,5400.0,7,0,1,0,0.0,0.4693575263840029,1014.4014644688,Senior,-1,1,0
11340,1,0.506188855,44,0,2591.0,5400.0,6,0,1,1,0.0,0.4797259766709869,1036.703713313,Mid,-1,1,0
11349,0,0.015432819,51,0,7793.0,5400.0,10,0,5,0,0.0,1.4428809479725977,3117.2092596914003,Senior,-1,1,1
11380,0,0.458525869,58,0,4362.0,5400.0,12,0,2,0,0.0,0.8076282169968524,1745.0751155214002,Senior,-1,1,0
11388,0,0.047126786,66,0,8489.0,5400.0,13,0,9,0,0.0,1.5717459729679688,3395.6282760716003,Senior,-1,1,1
11394,0,0.940191161,61,0,5111.0,5400.0,12,0,2,0,0.0,0.946306239585262,2044.9641146966,Senior,-1,1,0
11412,0,0.37729195,50,0,3383.0,5400.0,14,0,2,0,0.0,0.6263654878726161,1353.42637517,Mid,-1,1,0
11428,0,0.011536233,64,0,4272.0,5400.0,10,0,2,0,0.0,0.7909646361784854,1708.8069217398,Senior,-1,1,0
11460,0,0.130220414,57,0,4497.0,5400.0,7,0,1,0,0.0,0.8326235882244029,1798.8781322484,Senior,-1,1,0
11467,1,0.986575264,47,1,3205.0,5400.0,9,5,1,3,0.0,0.5934086280318459,1282.5919451584,Mid,-1,1,0
11471,0,0.299339064,66,0,6237.0,5400.0,11,0,2,0,1.0,1.154786150712831,2494.9796034384003,Senior,-1,1,0
11488,0,0.148462124,57,2,3465.0,5400.0,11,0,2,0,2.0,0.6415478615071283,1386.0890772744,Senior,-1,1,0
11495,0,0.704242874,50,0,7899.0,5400.0,30,0,1,0,0.0,1.4625069431586744,3160.0225457244005,Mid,-1,1,1
11524,1,0.630144195,53,0,2829.0,5400.0,9,0,1,0,0.0,0.5237918903906684,1131.978086517,Senior,-1,1,0
11556,0,0.000599691,39,0,1120.5,1.0,6,0,2,0,2.0,560.25,448.20035981460006,Mid,-1,1,1
11557,0,0.050885017,44,1,3806.0,5400.0,13,0,6,0,0.0,0.7046843177189409,1522.4305310102002,Mid,-1,1,0
11573,0,0.09571992,70,0,3826.0,5400.0,13,0,2,0,0.0,0.708387335678578,1530.457431952,Senior,-1,1,0
11591,1,0.334703316,42,0,5152.0,5400.0,14,0,2,0,0.0,0.953897426402518,2061.0008219896004,Mid,-1,1,0
11620,0,0.397704381,70,1,3012.0,5400.0,12,0,1,0,0.0,0.5576745047213479,1205.0386226286,Senior,-1,1,0
11658,0,0.738104538,72,0,3235.0,5400.0,10,0,0,0,0.0,0.5989631549713016,1294.4428627228,Senior,-1,1,0
11664,0,0.280819592,62,0,4603.0,5400.0,14,0,2,0,0.0,0.8522495834104795,1841.3684917552,Senior,-1,1,0
11703,0,0.0,50,0,3300.0,5400.0,7,0,1,0,3.0,0.6109979633401222,1320.0,Mid,-1,1,0
11732,0,0.14687257,58,0,3823.0,5400.0,7,1,2,0,0.0,0.7078318829846325,1529.288123542,Senior,-1,1,0
11747,0,0.881752288,41,0,2878.0,5400.0,7,0,1,0,2.0,0.5328642843917794,1151.7290513728,Mid,-1,1,0
11757,0,0.536677835,59,0,4004.0,5400.0,19,0,1,0,0.0,0.7413441955193483,1601.922006701,Senior,-1,1,0
11763,1,0.0,61,0,3325.0,5400.0,10,0,2,0,0.0,0.6156267357896685,1330.0,Senior,-1,1,0
11792,0,0.967903183,67,0,1472.0,5400.0,12,0,0,0,0.0,0.2725421218292909,589.3807419098001,Senior,-1,1,0
11794,0,0.279616862,41,0,2669.0,5400.0,15,0,1,0,0.0,0.4941677467135715,1067.7677701172,Mid,-1,1,0
11874,0,0.380132723,60,0,4269.0,5400.0,18,0,2,0,0.0,0.7904091834845399,1707.8280796338,Senior,-1,1,0
11889,0,0.495104259,57,1,3079.0,5400.0,14,1,2,0,1.0,0.5700796148861322,1231.8970625554002,Senior,-1,1,0
11920,0,0.831944537,63,0,2950.0,5400.0,8,0,1,0,0.0,0.5461951490464729,1180.4991667222,Senior,-1,1,0
11945,0,0.104676397,52,0,4292.0,5400.0,11,0,3,0,0.0,0.7946676541381226,1716.8628058382,Senior,-1,1,0
11991,0,0.0,70,0,3831.0,5400.0,6,0,1,0,0.0,0.7093130901684873,1532.4,Senior,-1,1,0
11993,0,0.082730576,74,0,2440.0,5400.0,3,0,1,0,0.0,0.4517681910757267,976.0496383456,Senior,-1,1,0
12001,0,0.04076509,48,0,5308.0,5400.0,12,0,4,0,1.0,0.9827809664876874,2123.2244590540004,Mid,-1,1,0
12009,0,0.638274131,53,0,3616.0,5400.0,14,0,1,0,0.0,0.6695056471023885,1446.7829644786,Senior,-1,1,0
12025,0,0.078093281,55,0,3887.0,5400.0,7,0,1,0,0.0,0.7196815404554712,1554.8468559686005,Senior,-1,1,0
12032,0,0.829323481,57,1,5162.0,5400.0,10,0,3,0,0.0,0.9557489353823366,2065.2975940886004,Senior,-1,1,0
12034,0,0.465633175,60,1,3320.0,5400.0,11,0,1,0,0.0,0.6147009812997593,1328.279379905,Senior,-1,1,0
12036,0,0.582243867,45,0,5732.0,5400.0,10,0,4,0,3.0,1.061284947231994,2293.1493463202,Mid,-1,1,0
12064,0,0.437451097,47,0,4790.0,5400.0,14,0,2,0,2.0,0.8868728013330864,1916.2624706582,Mid,-1,1,0
12131,0,0.9999999,70,0,1450.0,5400.0,7,0,1,0,0.0,0.26846880207369,580.59999994,Senior,-1,1,0
12146,0,0.998447095,44,0,3831.0,5400.0,8,0,2,0,4.0,0.7093130901684873,1532.999068257,Mid,-1,1,0
12172,0,0.820072388,59,0,2250.0,5400.0,7,0,1,0,0.0,0.4165895204591742,900.4920434328,Senior,-1,1,0
12215,0,0.066895981,48,0,3258.0,5400.0,8,0,1,0,0.0,0.6032216256248842,1303.2401375886,Mid,-1,1,0
12243,0,0.214238629,23,0,139.5,1.0,5,0,0,0,0.0,69.75,55.9285431774,Young,-1,1,0
12262,0,0.805415122,38,1,2057.0,5400.0,10,0,0,1,0.0,0.3808553971486761,823.2832490732001,Mid,-1,1,0
12269,1,0.815450444,26,1,913.0,5400.0,2,3,0,0,0.0,0.1690427698574338,365.68927026640006,Young,-1,1,0
12368,0,0.525560116,63,0,2476.0,5400.0,13,0,2,0,3.0,0.4584336234030735,990.7153360696,Senior,-1,1,0
12383,0,0.357539058,53,1,3857.0,5400.0,24,0,1,0,0.0,0.7141270135160156,1543.0145234348,Senior,-1,1,0
12397,0,0.42919045,55,0,5786.0,5400.0,15,0,3,0,4.0,1.0712830957230142,2314.65751427,Senior,-1,1,0
12425,0,0.086688569,63,1,3881.0,5400.0,12,0,1,0,0.0,0.7185706350675801,1552.4520131414,Senior,-1,1,0
12438,1,0.138416335,66,0,4562.0,5400.0,8,0,2,0,0.0,0.8446583965932235,1824.883049801,Senior,-1,1,0
12479,0,0.329798591,29,0,3343.0,5400.0,9,0,3,0,0.0,0.618959451953342,1337.3978791546,Young,-1,1,0
12499,0,0.0,75,0,3396.0,5400.0,11,0,4,0,0.0,0.6287724495463803,1358.4,Senior,-1,1,0
12504,0,0.042417241,42,0,3357.0,5400.0,6,0,1,0,0.0,0.621551564525088,1342.8254503446,Mid,-1,1,0
12509,0,0.0,43,0,3688.0,5400.0,7,0,1,0,0.0,0.682836511757082,1475.2,Mid,-1,1,0
12518,0,0.2885785,65,0,3865.0,5400.0,10,0,1,1,0.0,0.7156082206998704,1546.1731471,Senior,-1,1,0
12528,0,0.013469681,68,0,4611.0,5400.0,8,0,1,0,0.0,0.8537307905943344,1844.4080818086,Senior,-1,1,0
12539,0,0.000687479,61,0,3212.0,5400.0,6,0,2,0,0.0,0.594704684317719,1284.8004124874,Senior,-1,1,0
12541,0,0.9999999,63,0,1726.0,5400.0,2,0,1,0,0.0,0.3195704499166821,690.9999999400001,Senior,-1,1,0
12560,0,0.774548761,56,1,2756.0,5400.0,7,0,1,0,0.0,0.510275874837993,1102.8647292566002,Senior,-1,1,0
12608,0,0.929023151,51,3,5392.0,5400.0,15,0,3,2,1.0,0.9983336419181632,2157.3574138906,Senior,-1,1,0
12622,0,0.017871865,63,0,3050.5,1.0,9,0,2,0,2.0,1525.25,1220.210723119,Senior,-1,1,1
12623,0,0.041260269,50,0,4012.0,5400.0,4,0,2,0,0.0,0.7428254027032031,1604.8247561614005,Mid,-1,1,0
12688,0,0.035742979,63,1,6840.0,5400.0,5,0,1,0,0.0,1.2664321421958895,2736.0214457874,Senior,-1,1,1
12701,0,0.604728403,63,0,3982.0,5400.0,10,0,1,0,0.0,0.7372708757637475,1593.1628370418002,Senior,-1,1,0
12721,0,0.225737246,65,1,3447.0,5400.0,11,0,2,0,1.0,0.6382151453434549,1378.9354423476002,Senior,-1,1,0
12739,0,0.347975712,54,0,5858.0,5400.0,12,0,4,0,0.0,1.084613960377708,2343.4087854272,Senior,-1,1,0
12783,0,0.611574047,62,0,2462.0,5400.0,16,0,1,0,0.0,0.4558415108313275,985.1669444282,Senior,-1,1,0
12799,0,0.065158885,66,0,3444.0,5400.0,8,0,2,0,0.0,0.6376596926495094,1377.639095331,Senior,-1,1,0
12803,0,0.93124794,54,1,3956.0,5400.0,8,0,1,0,0.0,0.7324569524162192,1582.958748764,Senior,-1,1,0
12826,0,0.9999999,79,0,658.0,5400.0,7,0,1,0,0.0,0.1218292908720607,263.79999993999996,Senior,-1,1,0
12852,0,0.937677054,24,2,580.0,5400.0,7,0,0,0,0.0,0.107387520829476,232.5626062324,Young,-1,1,0
12857,1,0.9999999,57,1,2222.0,5400.0,7,1,2,0,0.0,0.4114052953156822,889.39999994,Senior,-1,1,0
12867,0,0.846200461,56,3,6113.0,5400.0,9,2,2,1,0.0,1.131827439363081,2445.7077202766004,Senior,-1,1,0
12893,0,0.0,43,0,3980.0,5400.0,5,0,1,0,2.0,0.7369005739677837,1592.0,Mid,-1,1,0
12947,0,0.033861014,55,0,3592.0,5400.0,17,0,2,0,0.0,0.6650620255508239,1436.8203166084002,Senior,-1,1,0
12950,1,0.42286573,55,1,2776.0,5400.0,9,0,1,0,0.0,0.5139788927976301,1110.653719438,Senior,-1,1,0
12954,0,0.004186822,29,0,2873.0,5400.0,3,0,1,0,0.0,0.5319385299018701,1149.2025120932,Young,-1,1,0
12971,0,0.014780308,65,0,7482.0,5400.0,19,0,4,0,0.0,1.3852990187002407,2992.8088681848003,Senior,-1,1,1
13017,0,0.9999999,56,0,3085.0,5400.0,3,0,1,0,4.0,0.5711905202740233,1234.59999994,Senior,-1,1,0
13066,0,0.06147429,41,0,21377.0,5400.0,13,0,7,0,0.0,3.957970746158119,8550.836884574,Mid,-1,1,1
13070,0,0.584587598,37,0,3417.0,5400.0,12,0,2,0,0.0,0.6326606184039992,1367.1507525588,Mid,-1,1,0
13086,0,0.717845118,45,0,3750.0,5400.0,15,0,2,0,2.0,0.6943158674319571,1500.4307070708,Mid,-1,1,0
13088,0,0.274919749,50,0,5463.0,5400.0,13,0,3,0,0.0,1.0114793556748751,2185.3649518494003,Mid,-1,1,0
13119,0,0.9999999,73,0,1554.0,5400.0,8,0,1,0,0.0,0.287724495463803,622.19999994,Senior,-1,1,0
13126,1,0.9999999,42,1,1701.0,5400.0,3,3,1,1,0.0,0.3149416774671357,680.9999999400001,Mid,-1,1,0
13136,0,0.956295638,45,0,3248.0,5400.0,16,0,1,0,0.0,0.6013701166450657,1299.7737773828,Mid,-1,1,0
13137,0,0.175552192,42,1,5705.0,5400.0,7,0,2,0,0.0,1.056285872986484,2282.1053313152,Mid,-1,1,0
13138,0,0.9999999,33,0,2058.0,5400.0,5,0,1,0,0.0,0.381040548046658,823.79999994,Mid,-1,1,0
13236,0,0.935120051,46,1,1585.0,1.0,12,0,1,0,1.0,792.5,634.5610720306,Mid,-1,1,1
13237,0,0.36324404,46,0,3717.0,5400.0,9,0,1,0,0.0,0.6882058877985558,1487.0179464240002,Mid,-1,1,0
13241,0,0.0,58,0,3807.0,5400.0,9,0,3,1,0.0,0.7048694686169228,1522.8000000000002,Senior,-1,1,0
13300,0,0.0,58,0,6374.0,5400.0,21,0,3,0,0.0,1.180151823736345,2549.6000000000004,Senior,-1,1,0
13311,0,0.677915261,75,0,1149.0,5400.0,4,0,1,0,0.0,0.2127383817811516,460.0067491566,Senior,-1,1,0
13312,0,0.142368241,52,0,6415.0,5400.0,13,0,4,0,1.0,1.187743010553601,2566.0854209446,Senior,-1,1,0
13322,0,0.9999999,48,1,1477.0,5400.0,3,1,1,1,0.0,0.2734678763192001,591.39999994,Mid,-1,1,0
13324,0,0.017048713,85,0,18.0,1.0,4,0,0,0,0.0,9.0,7.2102292278,Senior,-1,1,0
13334,0,0.450755076,66,0,7905.0,5400.0,13,0,4,0,0.0,1.4636178485465654,3162.2704530456,Senior,-1,1,1
13343,0,0.028257965,54,0,4637.0,5400.0,8,0,2,0,0.0,0.8585447139418626,1854.816954779,Senior,-1,1,0
13384,0,0.001685069,44,0,3468.0,5400.0,12,0,2,0,0.0,0.6421033142010739,1387.2010110414,Mid,-1,1,0
13406,0,0.279545137,63,0,3500.0,5400.0,19,0,2,0,0.0,0.6480281429364932,1400.1677270822,Senior,-1,1,0
13420,0,0.9999999,67,0,1472.0,5400.0,4,0,2,0,0.0,0.2725421218292909,589.39999994,Senior,-1,1,0
13470,0,0.89720729,51,0,5033.0,5400.0,12,0,1,0,2.0,0.9318644695426772,2013.738324374,Senior,-1,1,0
13490,0,0.513959123,38,0,11995.0,5400.0,17,0,6,0,4.0,2.220885021292353,4798.3083754738,Mid,-1,1,1
13511,0,0.039022322,38,0,2955.0,5400.0,13,0,2,0,0.0,0.5471209035363821,1182.0234133932,Mid,-1,1,0
13518,0,0.17178718,42,0,3179.0,5400.0,5,0,1,0,0.0,0.5885947046843177,1271.7030723080002,Mid,-1,1,0
13532,0,0.622465666,58,0,2962.0,5400.0,7,0,1,0,0.0,0.5484169598222551,1185.1734793996,Senior,-1,1,0
13556,0,0.088010384,44,0,3233.0,5400.0,6,0,1,0,0.0,0.598592853175338,1293.2528062304,Mid,-1,1,0
13563,0,0.9999999,48,0,7889.0,5400.0,8,0,2,0,4.0,1.4606554341788558,3156.1999999400005,Mid,-1,1,1
13583,0,0.318326265,44,0,2687.0,5400.0,10,0,1,0,2.0,0.497500462877245,1074.990995759,Mid,-1,1,0
13585,0,0.835571766,44,5,6569.0,5400.0,14,0,4,0,0.0,1.2162562488428068,2628.1013430596004,Mid,-1,1,1
13592,0,0.235450203,65,0,11300.0,5400.0,26,0,7,0,0.0,2.092205147194964,4520.1412701218,Senior,-1,1,1
13599,0,0.0,45,0,4212.0,5400.0,7,0,3,0,0.0,0.7798555822995742,1684.8000000000002,Mid,-1,1,0
13600,0,0.351847585,50,0,4535.0,5400.0,10,0,2,0,0.0,0.8396593223477133,1814.211108551,Mid,-1,1,0
13636,0,0.0,64,1,5067.0,5400.0,7,0,1,0,0.0,0.9381596000740604,2026.8,Senior,-1,1,0
13647,1,0.0,63,0,3785.0,5400.0,10,1,4,0,0.0,0.700796148861322,1514.0,Senior,-1,1,0
13657,0,0.389515783,45,0,3315.0,5400.0,8,0,1,0,0.0,0.6137752268098501,1326.2337094698,Mid,-1,1,0
13684,0,0.052907265,68,0,6783.0,5400.0,14,0,2,0,0.0,1.255878541010924,2713.2317443590005,Senior,-1,1,1
13713,0,0.752462377,50,0,2981.0,5400.0,2,0,1,0,2.0,0.5519348268839104,1192.8514774262,Mid,-1,1,0
13726,0,0.15115576,41,0,3029.0,5400.0,7,0,1,0,0.0,0.5608220699870394,1211.6906934560002,Mid,-1,1,0
13733,0,0.9999999,27,1,527.0,5400.0,2,0,0,2,3.0,0.0975745232364377,211.39999994,Young,-1,1,0
13734,0,0.9999999,57,0,2447.0,5400.0,5,0,1,0,0.0,0.4530642473615997,979.39999994,Senior,-1,1,0
13736,0,0.325186816,66,0,6322.0,5400.0,8,0,3,1,0.0,1.1705239770412887,2528.9951120896003,Senior,-1,1,0
13765,0,0.9999999,63,0,6039.0,5400.0,11,0,2,0,0.0,1.1181262729124235,2416.19999994,Senior,-1,1,0
13773,0,0.063154444,50,0,5589.0,5400.0,9,0,3,0,2.0,1.034808368820589,2235.6378926663997,Mid,-1,1,0
13846,0,0.591782909,46,0,4603.0,5400.0,8,0,1,0,0.0,0.8522495834104795,1841.5550697454,Mid,-1,1,0
13852,0,0.585508213,83,0,2353.0,5400.0,10,0,1,0,0.0,0.4356600629513053,941.5513049278,Senior,-1,1,0
13926,0,0.026062242,67,0,5970.0,5400.0,15,0,2,0,0.0,1.1053508609516756,2388.0156373452,Senior,-1,1,0
13953,0,0.491111095,55,1,4864.0,5400.0,22,0,1,0,0.0,0.9005739677837438,1945.894666657,Senior,-1,1,0
13956,0,0.181479417,34,0,4335.0,5400.0,5,0,2,0,0.0,0.8026291427513423,1734.1088876502,Mid,-1,1,0
13970,0,0.155857215,42,0,3046.0,5400.0,4,0,1,0,0.0,0.563969635252731,1218.4935143290002,Mid,-1,1,0
14010,0,0.0,30,0,2655.0,5400.0,2,0,1,0,0.0,0.4915756341418256,1062.0,Young,-1,1,0
14064,0,0.088880409,55,0,3495.0,5400.0,6,0,2,0,0.0,0.647102388446584,1398.0533282454,Senior,-1,1,0
14073,0,0.118493213,57,1,4504.0,5400.0,13,0,2,0,1.0,0.8339196445102759,1801.6710959278,Senior,-1,1,0
14087,0,0.157601175,72,0,5359.0,5400.0,20,0,2,0,0.0,0.992223662284762,2143.6945607049997,Senior,-1,1,0
14096,0,0.015392677,43,0,3566.0,5400.0,9,0,2,0,3.0,0.6602481022032957,1426.4092356062,Mid,-1,1,0
14151,0,0.506898566,40,0,4201.0,5400.0,8,0,1,0,1.0,0.7778189224217738,1680.7041391396,Mid,-1,1,0
14167,0,0.045167524,59,0,4172.0,5400.0,8,0,3,0,0.0,0.7724495463803,1668.8271005144002,Senior,-1,1,0
14175,0,0.9999999,50,0,2262.0,5400.0,4,0,2,0,0.0,0.4188113312349565,905.39999994,Mid,-1,1,0
14203,0,0.843178382,64,1,4123.0,5400.0,9,0,1,0,0.0,0.763377152379189,1649.7059070292,Senior,-1,1,0
14204,0,0.085350431,61,0,3416.0,5400.0,10,0,2,0,0.0,0.6324754675060174,1366.4512102586,Senior,-1,1,0
14226,0,0.305107796,50,0,3331.0,5400.0,11,0,2,0,0.0,0.6167376411775597,1332.5830646776,Mid,-1,1,0
14256,0,0.9999999,53,1,3140.0,5400.0,6,0,2,0,0.0,0.5813738196630254,1256.59999994,Senior,-1,1,0
14265,0,0.348465153,48,0,3268.0,5400.0,9,0,2,0,0.0,0.6050731346047028,1307.4090790918,Mid,-1,1,0
14267,0,0.019570031,69,0,4683.0,5400.0,6,0,4,0,0.0,0.867061655249028,1873.2117420186,Senior,-1,1,0
14283,0,0.157352175,65,0,4518.0,5400.0,13,0,2,0,1.0,0.8365117570820219,1807.294411305,Senior,-1,1,0
14286,0,0.0,41,0,5998.0,5400.0,6,0,3,0,0.0,1.1105350860951675,2399.2000000000003,Mid,-1,1,0
14302,0,0.455775045,56,0,3578.0,5400.0,6,0,1,0,0.0,0.662469912979078,1431.473465027,Senior,-1,1,0
14304,0,0.368567455,60,0,8511.0,5400.0,8,0,3,0,0.0,1.5758192927235697,3404.621140473,Senior,-1,1,1
14320,0,0.025617828,74,0,2801.0,5400.0,4,0,1,0,0.0,0.5186076652471765,1120.4153706968,Senior,-1,1,0
14340,0,0.239959095,56,0,3680.0,5400.0,18,0,1,0,0.0,0.6813553045732271,1472.143975457,Senior,-1,1,0
14370,0,0.382237978,36,0,4721.0,5400.0,5,0,1,0,0.0,0.8740973893723385,1888.6293427868,Mid,-1,1,0
14402,0,0.004814705,69,0,5390.0,5400.0,24,0,3,0,0.0,0.9979633401221996,2156.002888823,Senior,-1,1,0
14449,0,0.106107558,55,0,3578.0,5400.0,12,0,3,0,0.0,0.662469912979078,1431.2636645348,Senior,-1,1,0
14465,0,0.9999999,33,1,905.0,5400.0,3,2,0,0,0.0,0.1675615626735789,362.59999994,Mid,-1,1,0
14482,0,0.9999999,33,0,1054.0,5400.0,4,0,0,0,0.0,0.1951490464728754,422.19999994,Mid,-1,1,0
14535,0,0.08281258,56,0,6902.0,5400.0,24,0,2,0,0.0,1.2779114978707646,2760.849687548,Senior,-1,1,1
14556,0,0.9999999,38,0,1201.0,5400.0,5,0,1,0,0.0,0.2223662284762081,480.99999994,Mid,-1,1,0
14561,0,0.073576456,66,2,4354.0,5400.0,11,0,5,0,0.0,0.8061470098129976,1741.6441458736,Senior,-1,1,0
14598,0,0.201798202,22,0,3.0,1.0,1,0,0,0,0.0,1.5,1.3210789212000005,Young,-1,1,0
14600,0,0.313751953,56,0,4217.0,5400.0,10,0,3,0,1.0,0.7807813367894835,1686.9882511718,Senior,-1,1,0
14603,0,0.024848758,52,0,5750.0,5400.0,7,0,2,0,0.0,1.0646176633956674,2300.0149092548,Senior,-1,1,0
14610,0,0.346955101,46,0,1982.5,1.0,4,0,1,0,2.0,991.25,793.2081730606,Mid,-1,1,1
14624,0,0.01123437,47,0,6718.0,5400.0,14,0,4,0,0.0,1.2438437326421032,2687.2067406220003,Mid,-1,1,1
14635,0,0.423483478,30,0,710.5,1.0,8,0,2,0,2.0,355.25,284.45409008679997,Young,-1,1,1
14644,1,0.541352643,63,1,4206.0,5400.0,7,0,1,1,0.0,0.778744676911683,1682.7248115858,Senior,-1,1,0
14662,0,0.635099142,63,1,3458.0,5400.0,7,0,2,0,0.0,0.6402518052212554,1383.5810594852,Senior,-1,1,0
14689,0,0.001828079,61,0,3759.0,5400.0,10,0,1,0,0.0,0.6959822255137937,1503.6010968474002,Senior,-1,1,0
14697,0,0.012731631,56,1,5528.0,5400.0,11,0,2,0,0.0,1.0235141640436956,2211.2076389786,Senior,-1,1,0
14699,0,0.9999999,62,1,1287.0,5400.0,4,0,1,0,0.0,0.2382892057026476,515.39999994,Senior,-1,1,0
14703,0,0.807669066,48,3,6446.0,5400.0,17,0,2,0,2.0,1.1934826883910388,2578.8846014396,Mid,-1,1,0
14710,0,0.281594088,37,0,2221.0,5400.0,11,0,1,0,3.0,0.4112201444177004,888.5689564528001,Mid,-1,1,0
14711,0,0.045434732,49,0,4258.0,5400.0,13,0,4,0,0.0,0.7883725236067395,1703.2272608392,Mid,-1,1,0
14735,0,0.074518847,43,1,1294.5,1.0,19,0,2,0,2.0,647.25,517.8447113082001,Mid,-1,1,1
14751,0,0.526496529,59,1,3984.0,5400.0,14,0,1,0,0.0,0.7376411775597111,1593.9158979174,Senior,-1,1,0
14767,0,0.320651838,41,0,4570.0,5400.0,12,0,1,0,0.0,0.8461396037770783,1828.1923911028,Mid,-1,1,0
14770,0,0.080799975,67,0,3584.0,5400.0,6,0,3,0,0.0,0.663580818366969,1433.6484799850002,Senior,-1,1,0
14800,0,0.952095808,23,0,15.5,1.0,1,1,0,0,0.0,7.75,6.7712574848,Young,-1,1,0
14810,0,0.081616386,60,0,206.7272727,10.0,10,0,1,0,0.0,18.793388427272728,82.7398789116,Senior,-1,1,0
14817,0,0.59542052,49,0,4137.0,5400.0,5,0,1,0,0.0,0.765969264950935,1655.157252312,Mid,-1,1,0
14830,0,0.698132365,40,0,470.5,1.0,6,0,0,0,2.0,235.25,188.618879419,Mid,-1,1,0
14857,0,0.4959269,43,0,1090.5,1.0,10,0,2,0,2.0,545.25,436.49755614,Mid,-1,1,1
14897,0,0.013806873,58,0,1603.5,1.0,12,0,1,0,0.0,801.75,641.4082841238001,Senior,-1,1,1
14900,0,0.9999999,45,0,2049.0,5400.0,4,1,1,1,0.0,0.3793741899648213,820.19999994,Mid,-1,1,0
14920,0,0.081905368,75,0,4853.0,5400.0,8,0,4,0,0.0,0.8985373079059433,1941.2491432208,Senior,-1,1,0
14952,0,0.194859942,58,0,3379.0,5400.0,12,0,2,0,3.0,0.6256248842806887,1351.7169159652,Senior,-1,1,0
15000,0,0.389083117,46,0,3615.0,5400.0,6,0,1,0,0.0,0.6693204962044066,1446.2334498702,Mid,-1,1,0
15004,0,0.243787549,45,2,2073.5,1.0,14,0,2,0,3.0,1036.75,829.5462725294001,Mid,-1,1,1
15010,0,0.174833007,54,0,3719.0,5400.0,9,0,2,0,3.0,0.6885761895945195,1487.7048998042,Senior,-1,1,0
15065,0,0.322321405,39,0,3582.0,5400.0,11,0,4,0,0.0,0.6632105165710054,1432.9933928430005,Mid,-1,1,0
15083,0,0.405759835,54,0,4527.0,5400.0,6,0,1,0,0.0,0.8381781151638585,1811.043455901,Senior,-1,1,0
15122,0,0.69071206,53,0,3753.0,5400.0,5,0,2,0,2.0,0.6948713201259026,1501.614427236,Senior,-1,1,0
15139,0,0.499596465,75,0,1621.0,5400.0,4,0,1,0,0.0,0.3001296056285873,648.6997578790001,Senior,-1,1,0
15150,0,0.192074454,61,0,3206.0,5400.0,7,0,4,0,0.0,0.5935937789298278,1282.5152446724,Senior,-1,1,0
15176,0,0.9999999,54,0,1965.0,5400.0,2,0,1,0,0.0,0.3638215145343454,786.59999994,Senior,-1,1,0
15194,0,0.0,36,0,4892.0,5400.0,6,0,1,0,0.0,0.9057581929272356,1956.8,Mid,-1,1,0
15203,0,0.262964663,59,0,3548.0,5400.0,9,0,2,0,0.0,0.6569153860396223,1419.3577787978,Senior,-1,1,0
15229,0,0.843859357,37,0,2746.0,5400.0,6,0,3,0,0.0,0.5084243658581744,1098.9063156142,Mid,-1,1,0
15294,0,0.182266514,57,0,10141.0,5400.0,15,0,7,0,0.0,1.8776152564339936,4056.5093599084,Senior,-1,1,1
15296,0,0.038402033,65,0,3552.0,5400.0,6,0,2,0,0.0,0.6576559896315497,1420.8230412198002,Senior,-1,1,0
15307,0,0.3960001,59,0,2969.0,5400.0,22,0,2,1,0.0,0.5497130161081282,1187.83760006,Senior,-1,1,0
15310,1,0.957320557,43,0,4763.0,5400.0,11,0,2,0,0.0,0.8818737270875764,1905.7743923342,Mid,-1,1,0
15313,0,0.00046031,48,0,9805.0,5400.0,15,0,5,0,0.0,1.8154045547120905,3922.000276186,Mid,-1,1,1
15372,0,0.9999999,53,0,2282.0,5400.0,7,0,1,0,0.0,0.4225143491945936,913.39999994,Senior,-1,1,0
15387,0,0.261418698,61,0,3349.0,5400.0,11,0,1,0,0.0,0.6200703573412331,1339.7568512188002,Senior,-1,1,0
15408,0,0.751583462,44,0,9701.0,5400.0,11,0,2,0,0.0,1.7961488613219774,3880.8509500772,Mid,-1,1,1
15440,0,0.023803717,37,0,2686.0,5400.0,10,0,2,0,1.0,0.4973153119792631,1074.4142822302,Mid,-1,1,0
15445,0,0.412034586,60,1,2691.0,5400.0,8,0,2,0,0.0,0.4982410664691724,1076.6472207516,Senior,-1,1,0
15476,0,0.943643683,64,1,869.5,1.0,8,0,1,0,0.0,434.75,348.3661862098,Senior,-1,1,1
15493,0,0.153463124,44,0,5519.0,5400.0,5,0,2,0,0.0,1.021847805961859,2207.6920778743997,Mid,-1,1,0
15508,0,0.9999999,36,0,4397.0,5400.0,3,0,2,0,0.0,0.8141084984262174,1759.3999999400005,Mid,-1,1,0
15511,1,0.425085262,49,1,3350.0,5400.0,12,0,2,0,1.0,0.6202555082392149,1340.2550511572,Mid,-1,1,0
15517,0,0.461023993,58,0,5208.0,5400.0,11,0,1,0,1.0,0.964265876689502,2083.4766143958004,Senior,-1,1,0
15525,0,0.758450406,55,1,2629.0,5400.0,12,0,1,0,0.0,0.4867617107942973,1052.0550702436,Senior,-1,1,0
15561,0,0.058351508,51,0,4126.0,5400.0,10,0,3,0,1.0,0.7639326050731347,1650.4350109048,Senior,-1,1,0
15563,0,0.009293024,64,0,3498.0,5400.0,4,0,2,0,0.0,0.6476578411405295,1399.2055758144,Senior,-1,1,0
15570,0,0.124638898,46,0,4006.0,5400.0,7,0,2,0,0.0,0.741714497315312,1602.4747833388,Mid,-1,1,0
15629,0,0.9999999,41,0,1518.0,5400.0,3,0,1,0,0.0,0.2810590631364562,607.79999994,Mid,-1,1,0
15638,0,0.00368369,48,0,3378.0,5400.0,12,0,2,0,0.0,0.6254397333827069,1351.202210214,Mid,-1,1,0
15646,0,0.104897514,48,0,5714.0,5400.0,10,0,1,0,0.0,1.0579522310683207,2285.6629385083997,Mid,-1,1,0
15671,0,0.171845276,40,0,3390.0,5400.0,3,0,1,0,1.0,0.6276615441584892,1356.1031071656,Mid,-1,1,0
15686,0,0.618206942,45,0,3686.0,5400.0,8,0,1,0,0.0,0.6824662099611183,1474.7709241652,Mid,-1,1,0
15693,0,0.9999999,42,0,2438.0,5400.0,3,0,1,0,0.0,0.451397889279763,975.79999994,Mid,-1,1,0
15700,0,0.958928165,63,1,2798.0,5400.0,11,0,1,0,0.0,0.5180522125532309,1119.775356899,Senior,-1,1,0
15705,0,0.039095402,59,0,3897.0,5400.0,13,0,1,0,0.0,0.7215330494352897,1558.8234572412002,Senior,-1,1,0
15738,1,0.7012613,53,1,8464.0,5400.0,15,0,5,0,0.0,1.5671172005184224,3386.0207567800003,Senior,-1,1,1
15747,0,0.413716691,56,0,2926.0,5400.0,13,0,1,0,0.0,0.5417515274949084,1170.6482300146,Senior,-1,1,0
15761,0,0.620575787,70,0,5863.0,5400.0,9,0,2,0,0.0,1.0855397148676171,2345.5723454722,Senior,-1,1,0
15765,0,0.677041921,67,0,4778.0,5400.0,13,0,2,0,0.0,0.8846509905573042,1911.6062251526,Senior,-1,1,0
15843,0,0.9999999,68,0,2741.0,5400.0,5,0,2,0,0.0,0.5074986113682651,1096.9999999400002,Senior,-1,1,0
15853,0,0.523912614,73,0,4390.0,5400.0,12,0,0,0,0.0,0.8128124421403444,1756.3143475684,Senior,-1,1,0
15880,0,0.9999999,74,0,508.0,5400.0,4,0,0,0,0.0,0.0940566561747824,203.79999994,Senior,-1,1,0
15892,0,0.441117764,24,0,3.0,1.0,3,0,0,0,0.0,1.5,1.4646706584000002,Young,-1,1,0
15907,0,0.0,40,0,3301.0,5400.0,4,0,1,0,0.0,0.611183114238104,1320.4,Mid,-1,1,0
16028,0,0.008545066,48,0,3542.0,5400.0,12,0,4,0,0.0,0.6558044806517311,1416.8051270396002,Mid,-1,1,0
16041,0,0.376939521,33,0,2577.0,5400.0,4,0,1,0,0.0,0.4771338640992408,1031.0261637126,Mid,-1,1,0
16052,0,0.958440097,49,0,3367.0,5400.0,6,0,1,0,0.0,0.6234030735049065,1347.3750640582002,Mid,-1,1,0
16090,0,0.386900375,80,0,3248.0,5400.0,10,0,1,0,0.0,0.6013701166450657,1299.432140225,Senior,-1,1,0
16092,0,0.321720302,46,0,5034.0,5400.0,12,0,2,0,0.0,0.9320496204406592,2013.7930321812,Mid,-1,1,0
16198,0,0.05676632,39,0,3017.0,5400.0,2,0,1,0,0.0,0.5586002592112572,1206.834059792,Mid,-1,1,0
16222,0,0.006199691,78,1,2775.0,5400.0,10,0,2,0,0.0,0.5137937418996482,1110.0037198146,Senior,-1,1,0
16225,0,0.072189794,52,0,6166.0,5400.0,18,0,2,0,2.0,1.1416404369561193,2466.4433138764,Senior,-1,1,0
16258,0,0.148736637,66,0,4517.0,5400.0,18,0,1,0,0.0,0.83632660618404,1806.8892419822,Senior,-1,1,0
16264,0,0.18172029,60,0,3450.0,5400.0,22,0,2,0,0.0,0.6387705980374004,1380.109032174,Senior,-1,1,0
16287,0,0.186506967,74,0,138.5,1.0,6,0,0,0,0.0,69.25,55.511904180200005,Senior,-1,1,0
16359,0,0.547935029,48,0,4146.0,5400.0,4,0,1,0,0.0,0.7676356230327717,1658.7287610174,Mid,-1,1,0
16381,0,0.059677613,70,0,3480.0,5400.0,9,0,2,0,0.0,0.6443251249768561,1392.0358065678,Senior,-1,1,0
16410,0,0.188698098,61,4,3616.0,5400.0,21,0,1,2,0.0,0.6695056471023885,1446.5132188588002,Senior,-1,1,0
16412,0,0.0,29,0,2481.0,5400.0,6,0,1,0,0.0,0.4593593778929827,992.4,Young,-1,1,0
16428,0,0.930818615,69,0,6974.0,5400.0,35,0,2,0,0.0,1.2912423625254583,2790.158491169,Senior,-1,1,1
16430,0,0.012849679,80,0,2134.0,5400.0,6,0,1,0,0.0,0.395112016293279,853.6077098074,Senior,-1,1,0
16453,0,0.375926357,63,0,3941.0,5400.0,17,0,2,0,0.0,0.7296796889464914,1576.6255558142002,Senior,-1,1,0
16457,0,0.036743554,37,0,6915.0,5400.0,21,0,3,0,3.0,1.2803184595445287,2766.0220461324,Mid,-1,1,1
16491,0,0.05499206,33,0,7511.0,5400.0,4,0,2,0,0.0,1.3906683947417144,3004.432995236,Mid,-1,1,1
16545,0,0.9999999,41,0,1642.0,5400.0,3,0,1,0,0.0,0.3040177744862062,657.39999994,Mid,-1,1,0
16558,0,0.9999999,49,1,1989.0,5400.0,3,0,1,0,0.0,0.36826513608591,796.19999994,Mid,-1,1,0
16571,0,0.666611116,61,0,3481.0,5400.0,5,0,2,0,0.0,0.644510275874838,1392.7999666696,Senior,-1,1,0
16600,0,0.916821111,47,1,3473.0,5400.0,11,0,1,0,0.0,0.6430290686909832,1389.7500926666,Mid,-1,1,0
16612,0,0.555186795,67,0,6292.0,5400.0,14,0,1,0,0.0,1.164969450101833,2517.133112077,Senior,-1,1,0
16617,0,0.377131143,48,0,4048.0,5400.0,5,0,1,0,0.0,0.7494908350305499,1619.4262786858,Mid,-1,1,0
16618,0,0.400672973,42,1,2925.0,5400.0,3,0,1,0,0.0,0.5415663765969265,1170.2404037838,Mid,-1,1,0
16623,0,0.823038874,47,0,3715.0,5400.0,11,0,1,0,1.0,0.6878355860025921,1486.4938233244,Mid,-1,1,0
16625,0,0.568534245,67,0,2354.0,5400.0,4,0,1,0,2.0,0.4358452138492871,941.941120547,Senior,-1,1,0
16704,0,0.816701574,78,1,1832.0,5400.0,7,0,1,0,0.0,0.3391964451027587,733.2900209444001,Senior,-1,1,0
16707,0,0.061384478,51,0,3347.0,5400.0,9,0,2,0,0.0,0.6197000555452694,1338.8368306868,Senior,-1,1,0
16770,0,0.145211193,43,0,5672.0,5400.0,15,0,4,0,0.0,1.0501758933530827,2268.8871267158,Mid,-1,1,0
16779,0,0.0,52,0,5362.0,5400.0,11,0,3,0,0.0,0.9927791149787076,2144.8,Senior,-1,1,0
16824,0,0.002079002,78,0,2300.0,5400.0,5,0,1,0,0.0,0.425847065358267,920.0012474012,Senior,-1,1,0
16856,0,0.9999999,64,0,1520.0,5400.0,4,0,1,0,0.0,0.2814293649324199,608.59999994,Senior,-1,1,0
16871,0,0.002199951,66,0,3680.0,5400.0,13,0,3,0,0.0,0.6813553045732271,1472.0013199706,Senior,-1,1,0
16880,0,0.022380334,72,1,3089.0,5400.0,19,0,2,0,0.0,0.5719311238659508,1235.6134282004002,Senior,-1,1,0
16904,0,0.497663128,47,0,3351.0,5400.0,10,0,3,0,0.0,0.6204406591371968,1340.6985978768,Mid,-1,1,0
16944,0,0.086864118,51,0,3470.0,5400.0,14,0,2,1,0.0,0.6424736159970376,1388.0521184708,Senior,-1,1,0
16956,0,0.482651735,51,0,2608.0,5400.0,5,0,2,0,0.0,0.4828735419366784,1043.489591041,Senior,-1,1,0
16967,0,0.235934237,47,0,3842.0,5400.0,6,0,2,0,0.0,0.7113497500462878,1536.9415605422002,Mid,-1,1,0
16969,0,0.9999999,61,2,1103.0,5400.0,8,0,1,0,0.0,0.2042214404739863,441.79999994,Senior,-1,1,0
16986,0,0.0,48,1,4218.0,5400.0,8,0,2,1,0.0,0.7809664876874652,1687.2,Mid,-1,1,0
17037,0,0.000969867,35,0,2624.0,5400.0,8,0,2,0,0.0,0.4858359563043881,1049.6005819202,Mid,-1,1,0
17045,0,0.09206632,43,0,3159.0,5400.0,6,0,2,0,0.0,0.5848916867246806,1263.6552397920002,Mid,-1,1,0
17060,0,0.01723428,53,0,3905.0,5400.0,7,0,1,0,0.0,0.7230142566191446,1562.010340568,Senior,-1,1,0
17076,0,0.102413195,48,1,4218.0,5400.0,8,0,1,0,0.0,0.7809664876874652,1687.261447917,Mid,-1,1,0
17086,0,0.069996818,57,0,13826.0,5400.0,13,0,4,0,0.0,2.5598963154971304,5530.441998090801,Senior,-1,1,1
17143,0,0.043868133,49,0,9454.0,5400.0,13,0,1,0,2.0,1.750416589520459,3781.626320879801,Mid,-1,1,1
17155,0,0.086728117,60,1,3724.0,5400.0,21,0,1,0,0.0,0.6895019440844288,1489.6520368702002,Senior,-1,1,0
17159,0,0.072260886,55,1,1082.0,1.0,15,0,2,0,2.0,541.0,432.8433565316,Senior,-1,1,1
17161,0,0.9999999,28,0,1436.0,5400.0,5,0,1,0,0.0,0.2658766895019441,574.99999994,Young,-1,1,0
17162,0,0.926517953,24,0,752.0,5400.0,4,0,0,0,0.0,0.1392334752823551,301.3559107718,Young,-1,1,0
17180,0,0.625374991,38,0,3404.0,5400.0,7,0,1,0,3.0,0.6302536567302351,1361.9752249946002,Mid,-1,1,0
17197,0,0.9999999,80,0,976.0,5400.0,2,0,0,0,0.0,0.1807072764302907,390.99999994,Senior,-1,1,0
17204,0,0.0,49,0,3471.0,5400.0,8,0,2,0,0.0,0.6426587668950194,1388.4,Mid,-1,1,0
17251,0,0.296561008,64,0,3944.0,5400.0,4,0,2,0,0.0,0.7302351416404369,1577.7779366048,Senior,-1,1,0
17254,0,0.056424679,60,0,4070.0,5400.0,9,0,1,0,1.0,0.7535641547861507,1628.0338548074,Senior,-1,1,0
17268,0,0.158606725,49,0,4707.0,5400.0,8,0,2,0,0.0,0.8715052768005925,1882.895164035,Mid,-1,1,0
17274,0,0.0,48,1,3481.0,5400.0,6,0,2,0,0.0,0.644510275874838,1392.4,Mid,-1,1,0
17276,0,0.92660443,60,0,3015.0,5400.0,9,3,1,1,0.0,0.5582299574152935,1206.555962658,Senior,-1,1,0
17281,0,0.064841563,39,0,3372.0,5400.0,8,0,2,0,0.0,0.6243288279948158,1348.8389049378002,Mid,-1,1,0
17302,0,0.999955567,50,0,2316.0,5400.0,6,0,1,0,3.0,0.4288094797259766,926.9999733402,Mid,-1,1,0
17318,0,0.003152105,44,0,6638.0,5400.0,8,0,2,0,0.0,1.229031660803555,2655.201891263,Mid,-1,1,1
17356,0,0.9999999,57,1,3548.0,5400.0,8,0,2,0,0.0,0.6569153860396223,1419.79999994,Senior,-1,1,0
17375,0,0.841123973,63,0,2587.0,5400.0,14,0,3,0,1.0,0.4789853730790594,1035.3046743838,Senior,-1,1,0
17385,0,0.096469491,64,0,352.0,1.0,7,0,0,0,0.0,176.0,140.85788169460002,Senior,-1,1,0
17437,0,0.034583782,61,0,6793.0,5400.0,17,0,2,0,0.0,1.2577300499907424,2717.2207502692004,Senior,-1,1,1
17468,0,0.350812365,53,0,4740.0,5400.0,11,0,2,0,0.0,0.8776152564339937,1896.210487419,Senior,-1,1,0
17486,0,0.520422736,87,0,696.0,5400.0,5,0,1,0,0.0,0.1288650249953712,278.71225364160006,Senior,-1,1,0
17496,0,0.998566714,61,0,4583.0,5400.0,12,0,2,0,2.0,0.8485465654508424,1833.7991400284,Senior,-1,1,0
17500,0,0.637711429,60,0,3725.0,5400.0,15,0,1,1,0.0,0.6896870949824107,1490.3826268574,Senior,-1,1,0
17517,0,0.016983588,29,0,2465.0,5400.0,5,0,2,0,0.0,0.4563969635252731,986.0101901528,Young,-1,1,0
17523,0,0.093247766,65,1,17671.0,5400.0,17,0,5,0,2.0,3.2718015182373636,7068.455948659601,Senior,-1,1,1
17579,0,0.258940139,53,0,3854.0,5400.0,12,0,2,0,0.0,0.71357156082207,1541.7553640834,Senior,-1,1,0
17608,0,0.219093326,40,1,3489.0,5400.0,6,0,2,0,0.0,0.6459914830586928,1395.7314559956,Mid,-1,1,0
17631,0,0.942760413,34,0,1273.0,5400.0,5,1,0,0,2.0,0.2356970931309016,509.76565624780005,Mid,-1,1,0
17637,0,0.14631469,51,0,1066.0,1.0,12,0,2,0,2.0,533.0,426.48778881400006,Senior,-1,1,1
17638,0,0.525086816,45,0,3294.0,5400.0,15,0,2,0,0.0,0.6098870579522311,1317.9150520896,Mid,-1,1,0
17640,0,0.070127593,52,0,4168.0,5400.0,8,0,2,0,0.0,0.7717089427883725,1667.2420765558,Senior,-1,1,0
17692,0,0.032022634,62,0,3946.0,5400.0,24,0,4,0,3.0,0.7306054434364007,1578.4192135804,Senior,-1,1,0
17712,0,0.340833227,55,0,3020.0,5400.0,11,0,3,0,0.0,0.5591557119052027,1208.2044999362,Senior,-1,1,0
17737,0,0.409773166,57,0,3715.0,5400.0,9,0,2,0,3.0,0.6878355860025921,1486.2458638996,Senior,-1,1,0
17756,0,0.122749014,67,0,10924.0,5400.0,17,0,3,0,0.0,2.0225884095537863,4369.673649408401,Senior,-1,1,1
17762,0,0.254253041,70,0,3435.0,5400.0,9,0,1,0,0.0,0.6359933345676727,1374.1525518246,Senior,-1,1,0
17769,0,0.544518639,54,0,2899.0,5400.0,16,0,1,0,1.0,0.5367524532493982,1159.9267111834,Senior,-1,1,0
17799,0,0.078425403,40,0,4520.0,5400.0,8,0,2,0,0.0,0.8368820588779856,1808.0470552418,Mid,-1,1,0
17823,0,0.0,41,0,7017.0,5400.0,7,0,3,0,0.0,1.299203851138678,2806.8,Mid,-1,1,1
17830,0,0.036671729,36,0,2766.0,5400.0,9,0,1,0,0.0,0.5121273838178115,1106.4220030374,Mid,-1,1,0
17831,0,0.152943205,90,0,107.3333333,2.0,10,0,0,0,0.0,35.77777776666667,43.025099243,Senior,-1,1,0
17832,0,0.516755299,61,0,5566.0,5400.0,9,0,2,0,0.0,1.030549898167006,2226.7100531794,Senior,-1,1,0
17847,0,0.022079924,57,0,3803.0,5400.0,17,0,1,0,0.0,0.7041288650249954,1521.2132479544,Senior,-1,1,0
17899,0,0.9999999,31,1,1317.0,5400.0,3,0,1,0,0.0,0.2438437326421033,527.39999994,Mid,-1,1,0
17917,0,0.72267499,31,0,4542.0,5400.0,14,0,2,0,0.0,0.8409553786335864,1817.233604994,Mid,-1,1,0
17931,0,0.175161926,47,0,6055.0,5400.0,12,0,3,0,0.0,1.1210886872801331,2422.1050971556,Mid,-1,1,0
17938,0,0.256268593,56,0,7302.0,5400.0,7,0,3,0,0.0,1.3519718570635069,2920.9537611558003,Senior,-1,1,1
17979,0,0.004229079,52,0,789.0,1.0,6,0,1,0,0.0,394.5,315.60253744740004,Senior,-1,1,1
17984,0,0.0,67,0,3382.0,5400.0,5,0,2,0,0.0,0.6261803369746344,1352.8000000000002,Senior,-1,1,0
17994,0,0.530753183,49,0,2750.0,5400.0,9,0,4,0,0.0,0.5091649694501018,1100.3184519098,Mid,-1,1,0
17999,0,0.059117635,82,0,22.0,1.0,7,0,0,0,0.0,11.0,8.835470581000001,Senior,-1,1,0
18003,0,0.238170891,62,0,3960.0,5400.0,17,0,1,0,0.0,0.7331975560081466,1584.1429025346,Senior,-1,1,0
18009,0,0.567086804,60,0,3557.0,5400.0,14,0,1,0,0.0,0.658581744121459,1423.1402520824,Senior,-1,1,0
18043,0,0.0,43,0,3342.0,5400.0,10,0,5,0,0.0,0.6187743010553601,1336.8000000000002,Mid,-1,1,0
18089,0,0.012167997,63,0,6981.0,5400.0,10,0,2,0,0.0,1.2925384188113311,2792.4073007982,Senior,-1,1,1
18098,0,0.64708978,54,2,10728.0,5400.0,13,0,9,0,0.0,1.9862988335493428,4291.588253868,Senior,-1,1,1
18147,0,0.9999999,42,0,2503.0,5400.0,4,0,1,0,0.0,0.4634326976485836,1001.79999994,Mid,-1,1,0
18160,0,0.001439358,62,0,6173.0,5400.0,8,0,3,0,0.0,1.1429364932419923,2469.2008636148003,Senior,-1,1,0
18171,0,0.002492269,68,0,4120.0,5400.0,14,0,3,0,0.0,0.7628216996852435,1648.0014953614,Senior,-1,1,0
18181,0,0.526096911,29,0,2154.0,5400.0,5,0,2,0,0.0,0.3988150342529161,861.9156581466,Young,-1,1,0
18241,1,0.9999999,32,0,1076.0,5400.0,3,0,1,0,1.0,0.1992223662284762,430.99999994,Mid,-1,1,0
18280,0,0.103028804,42,0,2071.5,1.0,9,0,2,0,2.0,1035.75,828.6618172824001,Mid,-1,1,1
18318,1,0.9999999,31,1,994.0,5400.0,2,0,1,0,0.0,0.184039992593964,398.19999994,Mid,-1,1,0
18355,0,0.467679621,54,0,5268.0,5400.0,19,0,3,0,2.0,0.9753749305684132,2107.4806077726003,Senior,-1,1,0
18376,0,0.106133075,42,0,3980.0,5400.0,7,0,2,0,0.0,0.7369005739677837,1592.063679845,Mid,-1,1,0
18386,0,0.278904522,37,0,2161.0,5400.0,7,0,2,0,0.0,0.4001110905387891,864.5673427132001,Mid,-1,1,0
18400,0,0.393334632,66,0,5315.0,5400.0,18,0,2,1,0.0,0.9840770227735604,2126.2360007792,Senior,-1,1,0
18407,0,0.854834982,62,0,5671.0,5400.0,16,0,1,0,0.0,1.049990742455101,2268.9129009892,Senior,-1,1,0
18458,0,0.911338583,58,5,5569.0,5400.0,8,0,2,1,0.0,1.0311053508609518,2228.1468031498,Senior,-1,1,0
18460,1,0.817163753,53,2,5255.0,5400.0,5,0,2,1,0.0,0.9729679688946492,2102.4902982518,Senior,-1,1,0
18478,0,0.171105069,69,0,5220.0,5400.0,25,0,2,0,0.0,0.9664876874652842,2088.1026630414,Senior,-1,1,0
18501,0,0.029385294,51,0,3587.0,5400.0,13,0,2,0,0.0,0.6641362710609147,1434.8176311764005,Senior,-1,1,0
18502,0,0.825346355,65,0,3646.0,5400.0,15,0,1,0,3.0,0.6750601740418442,1458.895207813,Senior,-1,1,0
18568,0,0.823334845,57,0,5562.0,5400.0,11,0,1,0,2.0,1.0298092945750787,2225.2940009070003,Senior,-1,1,0
18585,0,0.0,31,0,2564.0,5400.0,7,0,2,0,0.0,0.4747269024254767,1025.6,Mid,-1,1,0
18640,0,0.096951524,26,0,250.0,1.0,8,0,0,0,0.0,125.0,100.0581709144,Young,-1,1,0
18641,0,0.050893449,46,1,5384.0,5400.0,24,0,8,1,1.0,0.9968524347343084,2153.6305360694,Mid,-1,1,0
18671,0,0.147530055,53,0,6374.0,5400.0,6,0,1,0,0.0,1.180151823736345,2549.6885180330005,Senior,-1,1,0
18722,0,0.493097012,62,0,15423.0,5400.0,25,0,4,0,2.0,2.855582299574153,6169.4958582072,Senior,-1,1,1
18726,0,0.27320932,64,1,3379.0,5400.0,21,0,0,0,0.0,0.6256248842806887,1351.763925592,Senior,-1,1,0
18740,0,0.152856928,62,0,6499.0,5400.0,7,0,2,0,0.0,1.203295685984077,2599.691714156801,Senior,-1,1,1
18767,0,0.0,46,0,6220.0,5400.0,7,0,2,0,0.0,1.1516385854471394,2488.0,Mid,-1,1,0
18772,0,0.942816074,41,0,511.0,1.0,7,0,0,1,1.0,255.5,204.9656896444,Mid,-1,1,0
18786,0,0.9999999,46,1,2048.0,5400.0,5,0,2,1,1.0,0.3791890390668395,819.79999994,Mid,-1,1,0
18808,0,0.07939603,61,0,5281.0,5400.0,9,0,4,0,0.0,0.9777818922421774,2112.447637618,Senior,-1,1,0
18829,0,0.9999999,62,0,2292.0,5400.0,6,0,1,1,0.0,0.4243658581744121,917.39999994,Senior,-1,1,0
18840,0,0.038300351,61,0,3732.0,5400.0,14,0,3,1,0.0,0.6909831512682837,1492.8229802106002,Senior,-1,1,0
18875,0,0.183496942,72,0,2447.0,5400.0,13,0,1,0,0.0,0.4530642473615997,978.9100981652,Senior,-1,1,0
18895,1,0.9999999,38,1,940.0,5400.0,1,0,1,0,0.0,0.1740418441029439,376.59999994,Mid,-1,1,0
18898,0,0.758019358,29,2,1333.0,5400.0,6,0,0,0,0.0,0.246806147009813,533.6548116148,Young,-1,1,0
18918,0,0.608920205,61,0,3039.0,5400.0,11,0,2,0,0.0,0.562673578966858,1215.9653521230002,Senior,-1,1,0
18947,0,0.252449738,63,0,3161.0,5400.0,14,0,2,0,1.0,0.5852619885206444,1264.5514698428,Senior,-1,1,0
18977,0,0.99550075,49,0,3070.0,5400.0,6,0,1,0,0.0,0.5684132568042956,1228.59730045,Mid,-1,1,0
18988,0,0.010036715,65,0,3795.0,5400.0,10,0,2,0,0.0,0.7026476578411406,1518.006022029,Senior,-1,1,0
19042,0,0.32558664,47,0,4350.0,5400.0,26,0,2,0,0.0,0.8054064062210702,1740.195351984,Mid,-1,1,0
19056,0,0.9999999,22,0,375.0,5400.0,0,0,0,0,0.0,0.0694315867431957,150.59999994,Young,-1,1,0
19069,0,0.839737582,33,0,1439.0,5400.0,4,0,1,0,0.0,0.2664321421958897,576.1038425492001,Mid,-1,1,0
19093,0,0.374356505,72,0,2481.0,5400.0,8,0,2,0,0.0,0.4593593778929827,992.624613903,Senior,-1,1,0
19108,0,0.9999999,62,0,12847.0,5400.0,10,0,8,0,0.0,2.378633586372894,5139.39999994,Senior,-1,1,1
19123,0,0.403553215,69,0,2996.0,5400.0,3,0,2,0,0.0,0.5547120903536382,1198.642131929,Senior,-1,1,0
19148,0,0.992015968,47,0,1831.0,5400.0,5,0,1,0,0.0,0.3390112942047769,732.9952095808001,Mid,-1,1,0
19213,1,0.441831099,73,1,10359.0,5400.0,20,0,1,0,0.0,1.9179781521940384,4143.8650986594,Senior,-1,1,1
19222,1,0.012688913,65,1,5286.0,5400.0,14,0,3,0,0.0,0.9787076467320868,2114.4076133478,Senior,-1,1,0
19231,0,0.9999999,34,0,853.0,5400.0,3,0,1,0,2.0,0.1579337159785225,341.79999994,Mid,-1,1,0
19296,0,0.094845018,45,0,8041.0,5400.0,9,0,6,0,2.0,1.4887983706720975,3216.4569070108,Mid,-1,1,1
19315,0,0.899442937,44,1,3109.0,5400.0,9,0,3,0,3.0,0.5756341418255878,1244.1396657622,Mid,-1,1,0
19322,0,0.954595085,64,0,7498.0,5400.0,9,0,2,0,0.0,1.3882614330679504,2999.772757051,Senior,-1,1,1
19356,0,0.9999999,41,0,2545.0,5400.0,2,0,1,0,0.0,0.4712090353638215,1018.59999994,Mid,-1,1,0
19417,0,0.434838062,50,1,3205.0,5400.0,14,0,2,0,0.0,0.5934086280318459,1282.2609028372,Mid,-1,1,0
19475,0,0.312789502,62,1,5065.0,5400.0,25,0,2,0,1.0,0.9377892982780968,2026.1876737012,Senior,-1,1,0
19477,1,0.57973267,32,1,2136.0,5400.0,10,0,2,0,0.0,0.3954823180892427,854.7478396020001,Mid,-1,1,0
19481,0,0.901960211,46,0,4856.0,5400.0,12,0,2,0,1.0,0.899092760599889,1942.9411761266,Mid,-1,1,0
19482,0,0.00950637,66,0,3213.0,5400.0,10,0,3,0,0.0,0.5948898352157008,1285.205703822,Senior,-1,1,0
19483,0,0.836594772,28,0,263.0,1.0,5,0,0,0,1.0,131.5,105.7019568632,Young,-1,1,0
19512,0,0.675017757,60,0,5052.0,5400.0,21,0,2,0,0.0,0.9353823366043326,2021.2050106542,Senior,-1,1,0
19537,0,0.430111373,57,0,3378.0,5400.0,18,0,2,0,2.0,0.6254397333827069,1351.4580668238,Senior,-1,1,0
19572,1,0.9999999,40,1,3483.0,5400.0,7,1,3,0,0.0,0.6448805776708018,1393.79999994,Mid,-1,1,0
19593,0,0.039964817,45,0,4065.0,5400.0,11,0,1,0,0.0,0.7526384002962414,1626.0239788902,Mid,-1,1,0
19600,0,0.003814088,65,0,4113.0,5400.0,9,0,1,0,0.0,0.7615256433993705,1645.2022884528,Senior,-1,1,0
19604,0,0.320402341,68,0,3398.0,5400.0,11,0,5,0,0.0,0.629142751342344,1359.3922414046,Senior,-1,1,0
19641,0,0.968494589,42,0,2645.0,5400.0,7,0,0,0,0.0,0.489724125162007,1058.5810967534,Mid,-1,1,0
19647,0,0.850532699,68,0,5385.0,5400.0,9,0,2,0,0.0,0.9970375856322904,2154.5103196194,Senior,-1,1,0
19659,0,0.376919178,48,0,4933.0,5400.0,9,0,1,0,0.0,0.9133493797444916,1973.4261515068,Mid,-1,1,0
19713,0,0.231468098,33,0,3827.0,5400.0,3,0,1,0,0.0,0.7085724865765599,1530.9388808588,Mid,-1,1,0
19757,0,0.591636735,48,0,1326.5,1.0,7,0,1,0,1.0,663.25,530.954982041,Mid,-1,1,1
19768,0,0.045805975,74,0,3117.0,5400.0,10,0,1,0,0.0,0.5771153490094427,1246.8274835850002,Senior,-1,1,0
19845,0,0.400441644,59,0,8741.0,5400.0,17,0,7,0,0.0,1.6184039992593964,3496.6402649864,Senior,-1,1,1
19850,1,0.9999999,46,1,1806.0,5400.0,1,1,1,0,0.0,0.3343825217552305,722.9999999400001,Mid,-1,1,0
19899,0,0.072005192,67,0,16728.0,5400.0,20,0,5,0,0.0,3.097204221440474,6691.243203115201,Senior,-1,1,1
19922,0,0.519520398,47,0,5692.0,5400.0,20,0,2,0,3.0,1.0538789113127198,2277.1117122388,Mid,-1,1,0
19935,0,0.009021914,66,0,3804.0,5400.0,4,0,1,0,0.0,0.7043140159229773,1521.6054131484002,Senior,-1,1,0
19949,0,0.175763021,48,0,4251.0,5400.0,9,0,1,0,0.0,0.7870764673208666,1700.5054578126,Mid,-1,1,0
19962,0,0.031042669,58,0,5013.0,5400.0,17,0,2,0,0.0,0.9281614515830402,2005.2186256014,Senior,-1,1,0
19983,0,0.635833848,68,0,3300.0,5400.0,12,0,0,0,0.0,0.6109979633401222,1320.3815003088,Senior,-1,1,0
19985,0,0.0,34,1,3869.0,5400.0,7,0,3,0,0.0,0.7163488242917978,1547.6,Mid,-1,1,0
19992,0,0.9999999,39,0,2070.0,5400.0,4,0,1,0,0.0,0.3832623588224403,828.59999994,Mid,-1,1,0
20054,0,0.654785013,60,0,4660.0,5400.0,7,1,1,0,0.0,0.8628031845954452,1864.3928710078,Senior,-1,1,0
20058,0,0.260348142,52,0,4951.0,5400.0,7,0,3,0,0.0,0.9166820959081652,1980.5562088852,Senior,-1,1,0
20063,0,0.008700047,53,0,3557.0,5400.0,5,0,2,0,3.0,0.658581744121459,1422.8052200282002,Senior,-1,1,0
20069,0,0.110837328,44,0,4999.0,5400.0,4,0,3,0,0.0,0.9255693390112942,1999.6665023968,Mid,-1,1,0
20089,0,0.953936943,29,0,1762.0,5400.0,12,0,0,0,0.0,0.3262358822440289,705.3723621658,Young,-1,1,0
20105,0,0.254232343,80,1,0.015708312,97336.0,23,0,1,0,0.0,1.6138068771381897e-07,0.1588227306,Senior,-1,1,1
20116,0,0.9999999,57,1,4684.0,5400.0,6,0,2,0,0.0,0.8672468061470098,1874.19999994,Senior,-1,1,0
20126,0,0.9999999,36,0,972.0,5400.0,3,0,1,0,0.0,0.1799666728383632,389.39999994,Mid,-1,1,0
20164,0,0.597370131,73,0,1705.0,5400.0,3,0,2,0,0.0,0.3156822810590631,682.3584220786,Senior,-1,1,0
20171,0,0.02478121,64,0,7781.0,5400.0,14,0,4,0,1.0,1.4406591371968154,3112.414868726,Senior,-1,1,1
20182,0,0.76200952,47,0,3323.0,5400.0,8,0,1,0,0.0,0.6152564339937049,1329.657205712,Mid,-1,1,0
20210,1,0.335129373,55,1,1962.5,1.0,21,0,1,1,0.0,981.25,785.2010776238,Senior,-1,1,1
20215,0,0.292983905,61,0,3189.0,5400.0,7,0,1,0,0.0,0.5904462136641363,1275.7757903430002,Senior,-1,1,0
20222,0,0.082333947,54,0,3506.0,5400.0,6,0,2,0,2.0,0.6491390483243844,1402.4494003682,Senior,-1,1,0
20252,0,0.369610215,37,0,3287.0,5400.0,13,0,2,0,2.0,0.608591001666358,1315.021766129,Mid,-1,1,0
20295,0,0.688051991,32,0,2588.0,5400.0,6,1,2,0,1.0,0.4791705239770413,1035.6128311946,Mid,-1,1,0
20299,0,0.001767923,42,0,2892.0,5400.0,9,0,2,0,0.0,0.5354563969635253,1156.8010607538,Mid,-1,1,0
20345,0,0.9999999,35,0,3888.0,5400.0,4,0,1,0,0.0,0.719866691353453,1555.79999994,Mid,-1,1,0
20351,0,0.884401956,56,1,2476.0,5400.0,7,0,1,0,0.0,0.4584336234030735,990.9306411736,Senior,-1,1,0
20393,0,0.002066598,41,0,3776.0,5400.0,5,0,2,0,0.0,0.6991297907794852,1510.4012399588,Mid,-1,1,0
20394,0,0.007514071,44,0,3544.0,5400.0,5,0,1,0,0.0,0.6561747824476949,1417.6045084426,Mid,-1,1,0
20437,0,0.998333889,80,0,500.0,5400.0,5,0,0,0,0.0,0.0925754489909276,200.5990003334,Senior,-1,1,0
20443,0,0.048040883,63,0,3453.0,5400.0,16,0,3,0,0.0,0.6393260507313461,1381.2288245298,Senior,-1,1,0
20447,0,0.660984098,40,2,3496.0,5400.0,13,3,1,2,2.0,0.6472875393445658,1398.7965904588,Mid,-1,1,0
20480,0,0.963407319,44,2,4973.0,5400.0,8,0,3,2,0.0,0.920755415663766,1989.7780443914,Mid,-1,1,0
20484,0,0.651646948,59,0,5520.0,5400.0,8,0,2,0,0.0,1.0220329568598407,2208.3909881688,Senior,-1,1,0
20517,0,0.000988083,74,0,5221.0,5400.0,13,0,3,0,0.0,0.966672838363266,2088.4005928498,Senior,-1,1,0
20604,0,0.9999999,44,0,3053.0,5400.0,2,0,1,0,2.0,0.565265691538604,1221.79999994,Mid,-1,1,0
20647,0,0.046162445,67,0,5732.0,5400.0,10,0,3,0,1.0,1.061284947231994,2292.827697467,Senior,-1,1,0
20674,0,0.015748688,69,0,3512.0,5400.0,5,0,2,0,0.0,0.6502499537122755,1404.8094492128002,Senior,-1,1,0
20675,0,0.319419445,59,0,3474.0,5400.0,4,0,1,0,0.0,0.643214219588965,1389.7916516670002,Senior,-1,1,0
20715,0,0.198090752,49,1,4355.0,5400.0,7,0,2,0,4.0,0.8063321607109795,1742.1188544512,Mid,-1,1,0
20730,0,0.0,74,0,2311.0,5400.0,6,0,1,0,0.0,0.4278837252360674,924.4,Senior,-1,1,0
20744,0,0.843485942,57,0,6105.0,5400.0,11,0,3,0,0.0,1.130346232179226,2442.5060915652,Senior,-1,1,0
20758,0,0.277150878,56,0,3134.0,5400.0,11,0,1,0,0.0,0.5802629142751342,1253.7662905268,Senior,-1,1,0
20776,0,0.461611334,63,0,3601.0,5400.0,11,0,1,0,0.0,0.6667283836326606,1440.6769668004,Senior,-1,1,0
20795,0,0.9999999,43,0,5157.0,5400.0,3,0,3,0,0.0,0.9548231808924272,2063.3999999400003,Mid,-1,1,0
20846,0,0.055822533,37,0,3341.0,5400.0,3,0,1,0,0.0,0.6185891501573783,1336.4334935198,Mid,-1,1,0
20855,0,0.9999999,67,0,1360.0,5400.0,5,0,1,0,0.0,0.251805221255323,544.59999994,Senior,-1,1,0
20895,0,0.878037438,30,2,923.0,5400.0,7,0,0,0,0.0,0.1708942788372523,369.7268224628,Young,-1,1,0
20916,0,0.875656679,35,0,2131.0,5400.0,10,0,0,0,0.0,0.3945565635993334,852.9253940074001,Mid,-1,1,0
20994,0,0.214893024,55,0,3414.0,5400.0,12,0,1,0,3.0,0.6321051657100537,1365.7289358144,Senior,-1,1,0
20999,0,0.004234915,42,1,7004.0,5400.0,16,0,1,0,0.0,1.296796889464914,2801.6025409490003,Mid,-1,1,1
21015,0,0.046531265,70,0,1470.0,1.0,7,0,2,0,1.0,735.0,588.027918759,Senior,-1,1,1
21018,0,0.448911223,42,0,2283.0,5400.0,8,0,1,0,0.0,0.4226995000925754,913.4693467338,Mid,-1,1,0
21049,0,0.177705365,65,0,8778.0,5400.0,20,0,2,0,1.0,1.625254582484725,3511.3066232190004,Senior,-1,1,1
21085,0,0.222120225,55,1,4324.0,5400.0,18,0,2,0,2.0,0.8005924828735419,1729.733272135,Senior,-1,1,0
21089,0,0.052421419,63,0,4121.0,5400.0,5,0,1,0,0.0,0.7630068505832254,1648.4314528514,Senior,-1,1,0
21096,0,0.857142857,69,0,1573.0,5400.0,17,0,0,0,2.0,0.2912423625254582,629.7142857142001,Senior,-1,1,0
21122,0,0.063933587,63,0,3498.0,5400.0,7,0,1,0,0.0,0.6476578411405295,1399.2383601522,Senior,-1,1,0
21139,0,0.118229392,57,0,3639.0,5400.0,11,0,2,0,0.0,0.6737641177559711,1455.6709376352,Senior,-1,1,0
21179,0,0.372878874,76,0,9610.0,5400.0,17,0,4,0,0.0,1.7793001296056286,3844.2237273244,Senior,-1,1,1
21207,0,0.020765053,76,0,3548.0,5400.0,19,0,2,0,0.0,0.6569153860396223,1419.2124590318,Senior,-1,1,0
21209,0,0.127574485,33,0,4614.0,5400.0,8,0,2,0,1.0,0.85428624328828,1845.676544691,Mid,-1,1,0
21232,0,0.569314589,63,6,2662.0,5400.0,16,0,1,1,0.0,0.4928716904276985,1065.1415887534,Senior,-1,1,0
21233,0,0.713801959,50,0,7483.0,5400.0,19,0,2,0,1.0,1.3854841695982223,2993.6282811754004,Mid,-1,1,1
21267,0,0.559043409,65,0,5333.0,5400.0,17,0,2,0,2.0,0.9874097389372338,2133.5354260454,Senior,-1,1,0
21281,0,0.01843041,62,0,3619.0,5400.0,13,0,2,0,0.0,0.670061099796334,1447.611058246,Senior,-1,1,0
21287,0,0.550444713,78,1,3775.0,5400.0,10,1,3,0,0.0,0.6989446398815035,1510.3302668278,Senior,-1,1,0
21297,0,0.370141454,31,0,2802.0,5400.0,6,0,0,0,1.0,0.5187928161451583,1121.0220848724,Mid,-1,1,0
21309,0,0.723665038,38,0,2965.0,5400.0,3,0,1,0,0.0,0.5489724125162007,1186.4341990228,Mid,-1,1,0
21310,0,0.238900522,62,0,3734.0,5400.0,18,0,2,0,0.0,0.6913534530642473,1493.7433403132002,Senior,-1,1,0
21336,0,0.928735,48,0,3475.0,5400.0,12,0,2,0,0.0,0.6433993704869468,1390.557241,Mid,-1,1,0
21371,0,0.001594157,64,0,4262.0,5400.0,10,1,2,0,0.0,0.7891131271986669,1704.8009564942,Senior,-1,1,0
21430,0,0.9999999,88,1,664.0,5400.0,5,0,1,0,0.0,0.1229401962599518,266.19999994,Senior,-1,1,0
21432,1,0.9999999,64,0,2939.0,5400.0,4,5,1,3,0.0,0.5441584891686725,1176.1999999400002,Senior,-1,1,0
21443,0,0.46660519,67,0,3665.0,5400.0,13,0,1,0,3.0,0.6785780411034994,1466.279963114,Senior,-1,1,0
21484,0,0.720090115,68,1,2362.0,5400.0,17,0,1,0,0.0,0.437326421033142,945.232054069,Senior,-1,1,0
21491,0,0.728436209,59,0,3259.0,5400.0,3,4,1,0,0.0,0.6034067765228661,1304.0370617254002,Senior,-1,1,0
21509,0,0.379397106,74,0,6069.0,5400.0,12,0,3,0,0.0,1.1236807998518792,2427.8276382636,Senior,-1,1,0
21545,0,0.9999999,61,0,1531.0,5400.0,2,0,1,0,0.0,0.2834660248102203,612.99999994,Senior,-1,1,0
21573,0,0.837632474,56,0,2936.0,5400.0,9,0,2,0,0.0,0.5436030364747269,1174.9025794844,Senior,-1,1,0
21579,0,0.308645251,53,0,3629.0,5400.0,16,0,2,0,1.0,0.6719126087761526,1451.7851871506002,Senior,-1,1,0
21585,0,0.384651441,47,1,5244.0,5400.0,9,0,2,0,2.0,0.9709313090168488,2097.8307908645997,Mid,-1,1,0
21609,0,0.165583442,31,0,40.0,1.0,2,0,0,0,1.0,20.0,16.0993500652,Mid,-1,1,0
21616,0,0.9999999,35,1,1899.0,5400.0,10,0,1,0,0.0,0.351601555267543,760.19999994,Mid,-1,1,0
21621,0,0.914443422,59,0,2428.0,5400.0,7,0,1,0,0.0,0.4495463802999445,971.7486660532,Senior,-1,1,0
21668,0,0.89762348,34,0,4447.0,5400.0,17,0,1,0,0.0,0.8233660433253102,1779.338574088,Mid,-1,1,0
21688,0,0.25164172,78,0,2780.0,5400.0,18,0,2,0,0.0,0.5147194963895575,1112.150985032,Senior,-1,1,0
21724,0,0.040599981,35,0,1287.0,1.0,11,0,2,0,0.0,643.5,514.8243599886001,Mid,-1,1,1
21748,0,0.096073333,68,0,10309.0,5400.0,7,0,4,0,0.0,1.9087206072949456,4123.657643999801,Senior,-1,1,1
21750,0,0.128005824,61,0,5098.0,5400.0,8,0,3,0,0.0,0.943899277911498,2039.2768034944,Senior,-1,1,0
21791,0,0.004925585,31,0,2472.0,5400.0,3,0,1,0,0.0,0.4576930198111461,988.802955351,Mid,-1,1,0
21797,0,0.9999999,68,0,3740.0,5400.0,3,0,2,0,0.0,0.6924643584521385,1496.59999994,Senior,-1,1,0
21805,0,0.203237689,68,0,3790.0,5400.0,13,0,3,0,0.0,0.7017219033512313,1516.1219426134,Senior,-1,1,0
21810,0,0.635953886,44,2,2800.0,5400.0,22,0,1,0,0.0,0.5184225143491946,1120.3815723316,Mid,-1,1,0
21825,0,0.084390743,44,0,5475.0,5400.0,6,0,3,0,0.0,1.0137011664506572,2190.0506344458,Mid,-1,1,0
21838,0,0.377394146,50,0,3886.0,5400.0,8,0,1,0,1.0,0.7194963895574894,1554.6264364876,Mid,-1,1,0
21897,0,0.753974868,41,0,341.5,1.0,8,0,0,0,0.0,170.75,137.0523849208,Mid,-1,1,0
21940,0,0.081210136,59,0,11569.0,5400.0,20,0,2,0,0.0,2.142010738752083,4627.6487260816,Senior,-1,1,1
21949,0,0.502461672,60,0,4954.0,5400.0,6,0,2,0,0.0,0.9172375486021108,1981.9014770032,Senior,-1,1,0
21969,0,0.904108991,51,1,3195.0,5400.0,12,0,1,0,0.0,0.5915571190520273,1278.5424653946,Senior,-1,1,0
21974,0,0.676453432,41,3,3124.0,5400.0,8,0,1,0,3.0,0.5784114052953157,1250.0058720592,Mid,-1,1,0
22006,0,0.201740525,40,0,2924.0,5400.0,13,0,2,0,0.0,0.5413812256989446,1169.7210443150002,Mid,-1,1,0
22029,0,0.118348643,47,0,5163.0,5400.0,10,0,2,0,3.0,0.9559340862803184,2065.2710091858003,Mid,-1,1,0
22050,1,0.9999999,52,0,5369.0,5400.0,5,1,2,0,0.0,0.9940751712645808,2148.19999994,Senior,-1,1,0
22056,0,0.9999999,53,0,1706.0,5400.0,2,0,1,0,2.0,0.315867431957045,682.9999999400001,Senior,-1,1,0
22075,0,0.47517908,55,0,6595.0,5400.0,13,0,1,0,0.0,1.2210701721903352,2638.285107448,Senior,-1,1,1
22078,0,0.333203258,39,0,5824.0,5400.0,9,0,3,0,0.0,1.0783188298463249,2329.7999219548,Mid,-1,1,0
22096,1,0.599077012,30,0,2306.0,5400.0,5,0,1,0,2.0,0.4269579707461581,922.7594462072,Young,-1,1,0
22112,0,0.940822713,47,0,4903.0,5400.0,9,0,2,0,0.0,0.907794852805036,1961.7644936278,Mid,-1,1,0
22148,0,0.030944015,44,0,3428.0,5400.0,7,0,2,0,1.0,0.6346972782817997,1371.218566409,Mid,-1,1,0
22210,0,0.693421977,37,0,4000.0,5400.0,16,0,1,0,3.0,0.7406035919274209,1600.4160531862,Mid,-1,1,0
22252,0,0.9999999,53,0,1801.0,5400.0,9,0,2,0,0.0,0.3334567672653212,720.9999999400001,Senior,-1,1,0
22295,0,0.158395474,42,0,11988.0,5400.0,7,0,3,0,4.0,2.2195889650064804,4795.2950372844,Mid,-1,1,1
22297,0,0.215907686,47,0,7638.0,5400.0,9,0,2,0,2.0,1.4141825587854102,3055.3295446116003,Mid,-1,1,1
22306,0,0.981920285,48,2,2896.0,5400.0,10,0,2,0,1.0,0.5361970005554527,1158.989152171,Mid,-1,1,0
22313,0,0.275260927,65,0,5071.0,5400.0,10,0,2,0,0.0,0.9389002036659878,2028.5651565562,Senior,-1,1,0
22367,0,0.082344121,65,0,4432.0,5400.0,20,0,2,0,0.0,0.8205887798555823,1772.8494064726,Senior,-1,1,0
22369,0,0.0,69,0,3673.0,5400.0,8,0,2,0,0.0,0.6800592482873542,1469.2,Senior,-1,1,0
22371,0,0.556262844,52,0,4385.0,5400.0,15,0,2,0,0.0,0.8118866876504351,1754.3337577064,Senior,-1,1,0
22386,0,0.184396268,39,0,3918.0,5400.0,10,0,2,4,2.0,0.7254212182929087,1567.3106377608,Mid,-1,1,0
22388,0,0.00591313,81,0,2027.0,5400.0,3,0,1,0,0.0,0.3753008702092205,810.803547878,Senior,-1,1,0
22394,1,0.324837606,36,0,3792.0,5400.0,14,0,2,0,5.0,0.702092205147195,1516.9949025636,Mid,-1,1,0
22410,0,0.085170102,46,0,3817.0,5400.0,17,0,2,0,1.0,0.7067209775967414,1526.8511020612002,Mid,-1,1,0
22441,0,0.83673163,56,0,3235.0,5400.0,21,0,1,0,0.0,0.5989631549713016,1294.502038978,Senior,-1,1,0
22452,0,0.0,47,0,4013.0,5400.0,12,0,2,0,0.0,0.743010553601185,1605.2,Mid,-1,1,0
22466,0,0.983443709,57,0,3429.0,5400.0,4,0,1,0,0.0,0.6348824291797815,1372.1900662254002,Senior,-1,1,0
22467,0,0.0,71,1,7027.0,5400.0,24,0,4,0,0.0,1.3010553601184969,2810.8,Senior,-1,1,1
22514,1,0.99040096,45,0,2461.0,5400.0,3,1,1,0,0.0,0.4556563599333457,984.994240576,Mid,-1,1,0
22539,0,0.9999999,65,0,5873.0,5400.0,6,0,1,0,0.0,1.0873912238474357,2349.7999999400004,Senior,-1,1,0
22555,0,0.0,53,0,4039.0,5400.0,8,0,4,0,0.0,0.7478244769487132,1615.6,Senior,-1,1,0
22557,0,0.089759669,37,0,1248.5,1.0,13,0,1,0,3.0,624.25,499.4538558014,Mid,-1,1,1
22569,0,0.9999999,43,0,2650.0,5400.0,7,0,2,0,0.0,0.4906498796519163,1060.59999994,Mid,-1,1,0
22592,1,0.921647907,44,0,2075.0,5400.0,11,0,1,1,0.0,0.3841881133123496,830.5529887442,Mid,-1,1,0
22594,0,0.182632695,62,0,4152.0,5400.0,4,0,2,0,0.0,0.7687465284206628,1660.9095796170002,Senior,-1,1,0
22620,0,0.082638256,52,0,5545.0,5400.0,18,0,2,0,2.0,1.0266617293093871,2218.0495829536,Senior,-1,1,0
22628,0,0.097826882,39,0,3418.0,5400.0,10,0,2,0,0.0,0.6328457693019811,1367.2586961292,Mid,-1,1,0
22634,0,0.9999999,76,4,7263.0,5400.0,9,1,3,0,0.0,1.3447509720422144,2905.7999999400004,Senior,-1,1,1
22654,0,0.053469463,69,0,91.5,1.0,11,0,0,0,0.0,45.75,36.6320816778,Senior,-1,1,0
22657,0,0.9999999,57,0,4835.0,5400.0,10,0,3,0,0.0,0.89520459174227,1934.59999994,Senior,-1,1,0
22672,0,0.044672416,46,0,9027.0,5400.0,14,0,2,0,0.0,1.671357156082207,3610.8268034496,Mid,-1,1,1
22694,0,0.018906469,62,1,5310.0,5400.0,12,1,3,0,1.0,0.9831512682836512,2124.0113438814,Senior,-1,1,0
22695,0,0.518722739,46,1,3037.0,5400.0,5,0,1,0,0.0,0.5623032771708942,1215.1112336434,Mid,-1,1,0
22696,0,0.52711822,34,0,693.0,1.0,4,0,1,0,1.0,346.5,277.516270932,Mid,-1,1,1
22718,0,0.731893871,52,0,4757.0,5400.0,9,0,2,0,1.0,0.8807628216996852,1903.2391363226,Senior,-1,1,0
22728,0,0.65322667,28,0,2482.0,5400.0,10,0,1,0,0.0,0.4595445287909646,993.191936002,Young,-1,1,0
22750,0,0.097418489,73,0,2589.0,5400.0,11,0,1,0,1.0,0.4793556748750231,1035.6584510934,Senior,-1,1,0
22767,0,0.768836335,61,0,7929.0,5400.0,17,0,3,0,0.0,1.46806147009813,3172.0613018010004,Senior,-1,1,1
22769,1,0.9999999,27,1,683.0,5400.0,4,2,0,0,1.0,0.1264580633216071,273.79999993999996,Young,-1,1,0
22775,0,0.0,56,0,3460.0,5400.0,4,0,2,0,0.0,0.640622107017219,1384.0,Senior,-1,1,0
22790,0,0.862954612,41,0,2335.0,5400.0,5,0,1,0,2.0,0.4323273467876319,934.5177727672,Mid,-1,1,0
22824,0,0.62411312,66,0,4759.0,5400.0,15,0,2,0,0.0,0.881133123495649,1903.974467872,Senior,-1,1,0
22831,0,0.013228734,43,0,7299.0,5400.0,6,0,1,0,0.0,1.3514164043695611,2919.6079372404006,Mid,-1,1,1
22864,0,0.105020649,46,0,3672.0,5400.0,12,0,1,0,1.0,0.6798740973893723,1468.8630123894002,Mid,-1,1,0
22896,0,0.059113111,55,0,3636.0,5400.0,8,0,2,0,0.0,0.6732086650620256,1454.4354678666,Senior,-1,1,0
22955,0,0.9999999,52,0,1444.0,5400.0,4,0,1,0,4.0,0.2673578966857989,578.19999994,Senior,-1,1,0
22956,0,0.9999999,71,0,704.0,5400.0,2,0,1,0,0.0,0.130346232179226,282.19999994,Senior,-1,1,0
22958,0,0.820060226,71,0,6133.0,5400.0,12,0,2,0,0.0,1.135530457322718,2453.6920361356,Senior,-1,1,0
22976,0,0.412769285,29,0,2715.0,5400.0,6,0,1,0,1.0,0.5026846880207368,1086.247661571,Young,-1,1,0
22988,0,0.427685836,63,2,8550.0,5400.0,22,0,2,0,0.0,1.5830401777448622,3420.2566115016,Senior,-1,1,1
22997,0,0.03687552,56,0,4067.0,5400.0,5,0,1,0,0.0,0.7530087020922052,1626.8221253120005,Senior,-1,1,0
23013,0,0.606051463,64,2,2817.0,5400.0,16,0,1,0,0.0,0.5215700796148861,1127.1636308778,Senior,-1,1,0
23052,0,0.0,37,0,2258.0,5400.0,8,0,2,0,0.0,0.418070727643029,903.2,Mid,-1,1,0
23084,0,0.0,47,0,4359.0,5400.0,11,0,4,0,0.0,0.8070727643029069,1743.6,Mid,-1,1,0
23090,1,0.267710585,43,1,7357.0,5400.0,7,0,1,0,0.0,1.3621551564525087,2942.960626351,Mid,-1,1,1
23095,0,0.034848399,61,0,4459.0,5400.0,17,0,3,0,0.0,0.8255878541010924,1783.6209090394002,Senior,-1,1,0
23106,0,0.170313187,30,0,2723.0,5400.0,7,0,2,0,0.0,0.5041658952045918,1089.3021879122,Young,-1,1,0
23129,0,0.250374963,66,0,2753.0,5400.0,3,0,1,0,0.0,0.5097204221440474,1101.3502249778,Senior,-1,1,0
23134,1,0.0,41,0,5655.0,5400.0,11,0,6,0,1.0,1.047028328087391,2262.0,Mid,-1,1,0
23157,0,0.833871188,51,0,5336.0,5400.0,7,0,2,0,0.0,0.9879651916311796,2134.9003227128,Senior,-1,1,0
23178,0,0.214105869,62,0,5404.0,5400.0,14,0,2,0,0.0,1.0005554526939455,2161.7284635214,Senior,-1,1,0
23180,0,0.308273461,46,0,2849.0,5400.0,4,0,2,0,0.0,0.5274949083503055,1139.7849640766,Mid,-1,1,0
23182,0,0.879916818,73,0,4441.0,5400.0,5,0,2,0,0.0,0.822255137937419,1776.9279500908,Senior,-1,1,0
23186,0,0.053929738,39,0,829.5,1.0,7,0,2,0,2.0,414.75,331.83235784280004,Mid,-1,1,1
23198,0,0.431342429,41,0,3407.0,5400.0,12,0,1,0,0.0,0.6308091094241807,1363.0588054574002,Mid,-1,1,0
23260,1,0.9999999,43,1,2887.0,5400.0,5,0,1,0,0.0,0.534530642473616,1155.39999994,Mid,-1,1,0
23291,0,0.985755499,32,1,795.0,5400.0,6,0,0,0,0.0,0.1471949638955749,318.5914532994,Mid,-1,1,0
23365,0,0.11850471,62,0,1476.5,1.0,10,0,1,0,0.0,738.25,590.671102826,Senior,-1,1,1
23378,0,0.9999999,54,2,1748.0,5400.0,7,0,2,0,0.0,0.3236437696722829,699.79999994,Senior,-1,1,0
23414,0,0.292728032,46,0,5102.0,5400.0,13,0,2,0,0.0,0.9446398815034251,2040.9756368192,Mid,-1,1,0
23446,0,0.9999999,39,0,3308.0,5400.0,5,0,1,0,0.0,0.612479170523977,1323.79999994,Mid,-1,1,0
23478,0,0.434703871,72,0,3753.0,5400.0,13,0,1,0,0.0,0.6948713201259026,1501.4608223226,Senior,-1,1,0
23510,0,0.159895595,49,1,4676.0,5400.0,15,0,2,0,1.0,0.865765598963155,1870.495937357,Mid,-1,1,0
23515,0,0.214672005,63,0,4148.0,5400.0,25,1,3,0,0.0,0.7680059248287354,1659.328803203,Senior,-1,1,0
23538,0,0.431966772,41,0,5202.0,5400.0,7,0,3,0,0.0,0.9631549713016108,2081.0591800632,Mid,-1,1,0
23616,0,0.048443928,58,0,3549.0,5400.0,10,0,1,0,0.0,0.6571005369376042,1419.6290663568002,Senior,-1,1,0
23618,0,0.0,65,0,3936.0,5400.0,7,0,2,0,0.0,0.7287539344565821,1574.4,Senior,-1,1,0
23621,0,0.058172648,39,0,3284.0,5400.0,10,0,2,0,0.0,0.6080355489724125,1313.6349035888002,Mid,-1,1,0
23665,0,0.980353866,48,0,2188.0,5400.0,11,0,0,0,0.0,0.4051101647842992,875.7882123196,Mid,-1,1,0
23676,0,0.378331426,81,0,2730.0,5400.0,11,0,1,0,0.0,0.5054619514904647,1092.2269988556,Senior,-1,1,0
23709,1,0.986554622,42,0,1804.0,5400.0,4,1,1,1,0.0,0.3340122199592668,722.1919327732,Mid,-1,1,0
23732,0,0.9999999,54,0,1666.0,5400.0,1,0,1,0,0.0,0.3084613960377708,666.9999999400001,Senior,-1,1,0
23792,0,0.9999999,48,2,2150.0,5400.0,5,0,2,1,1.0,0.3980744306609887,860.59999994,Mid,-1,1,0
23804,0,0.244558172,62,1,7314.0,5400.0,23,0,2,0,0.0,1.354193667839289,2925.7467349032004,Senior,-1,1,1
23817,0,0.144969253,29,0,117.0,1.0,7,0,0,0,0.0,58.5,46.886981551800005,Young,-1,1,0
23855,0,0.9999999,69,0,1998.0,5400.0,4,0,2,0,1.0,0.3699314941677467,799.79999994,Senior,-1,1,0
23863,0,0.143015191,42,0,3580.0,5400.0,10,0,2,0,0.0,0.6628402147750416,1432.0858091146,Mid,-1,1,0
23882,0,0.132435794,48,0,4697.0,5400.0,8,0,2,0,0.0,0.869653767820774,1878.8794614764,Mid,-1,1,0
23930,0,0.531386283,45,1,1113.5,1.0,9,0,1,0,2.0,556.75,445.7188317698,Mid,-1,1,1
24035,0,0.257152964,72,0,2376.0,5400.0,7,0,2,0,0.0,0.439918533604888,950.5542917784,Senior,-1,1,0
24038,0,0.942774166,40,0,1695.0,5400.0,8,0,0,0,1.0,0.3138307720792446,678.5656644996,Mid,-1,1,0
24041,0,0.9999999,51,0,964.5,1.0,4,0,1,0,0.0,482.25,386.39999994,Senior,-1,1,1
24050,0,0.443555644,40,0,2677.0,5400.0,8,0,1,0,0.0,0.4956489538974264,1071.0661333864,Mid,-1,1,0
24087,0,0.9999999,51,0,5364.0,5400.0,8,0,1,0,0.0,0.9931494167746714,2146.19999994,Senior,-1,1,0
24091,1,0.9999999,42,1,1422.0,5400.0,1,1,1,1,0.0,0.2632845769301981,569.39999994,Mid,-1,1,0
24127,0,0.263782907,47,0,3155.0,5400.0,17,0,2,0,1.0,0.5841510831327532,1262.1582697442,Mid,-1,1,0
24133,0,0.102601419,44,0,3192.0,5400.0,8,0,1,0,0.0,0.5910016663580818,1276.8615608514,Mid,-1,1,0
24152,0,0.058299167,65,0,3917.0,5400.0,8,0,1,0,0.0,0.7252360673949269,1566.8349795002002,Senior,-1,1,0
24189,0,0.9999999,52,0,1490.0,5400.0,3,0,1,0,1.0,0.2758748379929642,596.59999994,Senior,-1,1,0
24193,0,0.002013583,40,0,5195.0,5400.0,6,0,4,0,2.0,0.9618589150157378,2078.0012081498,Mid,-1,1,0
24238,0,0.0,45,0,6008.0,5400.0,11,1,2,0,3.0,1.112386595074986,2403.2000000000003,Mid,-1,1,0
24277,0,0.115040144,38,0,3499.0,5400.0,7,0,1,0,0.0,0.6478429920385114,1399.6690240864002,Mid,-1,1,0
24290,0,0.226746273,48,0,4339.0,5400.0,9,0,2,0,0.0,0.8033697463432697,1735.7360477638,Mid,-1,1,0
24297,0,0.204186846,35,0,3134.0,5400.0,15,0,1,0,0.0,0.5802629142751342,1253.7225121076,Mid,-1,1,0
24326,0,0.448284482,39,0,2593.0,5400.0,6,0,1,0,1.0,0.4800962784669506,1037.4689706892,Mid,-1,1,0
24327,0,0.085270473,65,0,9845.0,5400.0,12,0,3,0,0.0,1.8228105906313643,3938.0511622838,Senior,-1,1,1
24343,0,0.497005988,44,0,4710.0,5400.0,5,0,3,0,2.0,0.8720607294945381,1884.2982035928,Mid,-1,1,0
24348,1,0.803132238,40,0,3590.0,5400.0,22,0,2,0,0.0,0.6646917237548602,1436.4818793428,Mid,-1,1,0
24387,0,0.484885405,51,0,5095.0,5400.0,6,0,2,0,0.0,0.9433438252175524,2038.290931243,Senior,-1,1,0
24413,0,0.632269169,61,0,5758.0,5400.0,8,0,2,0,0.0,1.0660988705795222,2303.5793615014004,Senior,-1,1,0
24414,0,0.171363811,73,0,2597.0,5400.0,6,0,1,0,0.0,0.480836882058878,1038.9028182866,Senior,-1,1,0
24426,0,0.9999999,43,0,4095.0,5400.0,2,0,1,0,0.0,0.7581929272356971,1638.59999994,Mid,-1,1,0
24449,0,0.585586046,44,0,3296.0,5400.0,12,0,2,0,0.0,0.6102573597481947,1318.7513516276,Mid,-1,1,0
24468,0,0.00185005,44,0,3251.0,5400.0,11,0,1,0,0.0,0.6019255693390113,1300.4011100300002,Mid,-1,1,0
24484,0,0.349629552,36,0,2258.0,5400.0,13,0,0,0,0.0,0.418070727643029,903.4097777312,Mid,-1,1,0
24490,0,0.408589137,35,0,12757.0,5400.0,17,0,4,0,0.0,2.361970005554527,5103.0451534822005,Mid,-1,1,1
24492,0,0.800460136,46,1,2382.0,5400.0,7,1,1,2,1.0,0.4410294389927791,953.2802760816,Mid,-1,1,0
24513,0,0.9999999,59,1,1562.0,5400.0,2,0,0,0,2.0,0.2892057026476578,625.39999994,Senior,-1,1,0
24517,0,0.575726897,43,0,4164.0,5400.0,13,0,2,0,2.0,0.7709683391964451,1665.9454361382002,Mid,-1,1,0
24521,0,0.205539924,59,0,3333.0,5400.0,12,0,1,0,0.0,0.6171079429735234,1333.3233239544,Senior,-1,1,0
24548,0,0.444891921,43,0,3479.0,5400.0,9,0,2,0,0.0,0.6441399740788742,1391.8669351526,Mid,-1,1,0
24552,0,0.42415931,56,0,6838.0,5400.0,4,0,2,0,0.0,1.266061840399926,2735.454495586,Senior,-1,1,1
24601,0,0.9999999,75,0,1783.0,5400.0,2,0,1,0,0.0,0.3301240511016478,713.79999994,Senior,-1,1,0
24613,0,0.076633064,39,0,3190.0,5400.0,11,0,2,0,1.0,0.5906313645621182,1276.0459798384,Mid,-1,1,0
24623,0,0.548467127,78,0,3609.0,5400.0,19,0,2,0,0.0,0.6682095908165154,1443.9290802762002,Senior,-1,1,0
24633,0,0.597150207,52,0,2672.0,5400.0,12,0,2,0,0.0,0.4947231994075171,1069.1582901242,Senior,-1,1,0
24640,0,0.720992961,60,0,2834.0,5400.0,11,0,1,0,0.0,0.5247176448805777,1134.0325957766,Senior,-1,1,0
24650,0,0.030570992,58,0,8087.0,5400.0,18,0,3,0,3.0,1.497315311979263,3234.8183425952,Senior,-1,1,1
24656,0,0.489279758,65,0,3195.0,5400.0,13,0,1,0,0.0,0.5915571190520273,1278.2935678548,Senior,-1,1,0
24684,0,0.09023324,55,0,4641.0,5400.0,17,0,2,0,0.0,0.85928531753379,1856.454139944,Senior,-1,1,0
24707,0,0.9999999,28,0,691.0,5400.0,1,0,0,0,0.0,0.1279392705054619,276.99999994,Young,-1,1,0
24708,0,0.0,67,2,4027.0,5400.0,6,0,2,0,0.0,0.7456026661729309,1610.8000000000002,Senior,-1,1,0
24718,0,0.9999999,67,0,2510.0,5400.0,4,0,1,0,0.0,0.4647287539344565,1004.59999994,Senior,-1,1,0
24726,0,0.121975605,38,0,5885.0,5400.0,7,0,3,0,0.0,1.089613034623218,2354.073185363,Mid,-1,1,0
24736,0,0.763356598,75,0,8371.0,5400.0,10,0,5,0,0.0,1.54989816700611,3348.8580139588003,Senior,-1,1,1
24781,0,0.772767302,69,0,6914.0,5400.0,21,0,1,0,0.0,1.280133308646547,2766.0636603812004,Senior,-1,1,1
24782,0,0.853382206,25,0,112.0,1.0,3,0,0,0,0.0,56.0,45.3120293236,Young,-1,1,0
24784,0,0.278902857,57,0,3514.0,5400.0,23,0,2,0,0.0,0.6506202555082392,1405.7673417142,Senior,-1,1,0
24799,1,0.54897424,55,2,26675.0,5400.0,34,0,0,0,0.0,4.9389002036659875,10670.329384544,Senior,-1,1,1
24801,0,0.495710878,69,0,24475.0,5400.0,14,0,1,0,0.0,4.531568228105907,9790.2974265268,Senior,-1,1,1
24851,0,0.837888375,58,1,5763.0,5400.0,18,0,2,0,0.0,1.0670246250694315,2305.7027330250003,Senior,-1,1,0
24909,0,0.078167598,71,0,4840.0,5400.0,11,0,2,0,0.0,0.8961303462321792,1936.0469005588,Senior,-1,1,0
24914,0,0.0410887,59,0,4078.0,5400.0,7,0,1,0,0.0,0.7550453619700056,1631.22465322,Senior,-1,1,0
24946,0,0.113154466,40,0,414.0,1.0,9,0,0,0,1.0,207.0,165.66789267960002,Mid,-1,1,0
24952,0,0.052326893,41,0,3214.0,5400.0,10,0,1,0,0.0,0.5950749861136827,1285.6313961358,Mid,-1,1,0
25012,0,0.002707774,48,0,3997.0,5400.0,8,0,1,0,0.0,0.7400481392334752,1598.8016246644002,Mid,-1,1,0
25131,0,0.711415199,48,0,3830.0,5400.0,6,0,2,0,0.0,0.7091279392705054,1532.4268491194,Mid,-1,1,0
25132,0,0.075849847,68,0,4190.0,5400.0,15,0,1,0,2.0,0.7757822625439733,1676.0455099082,Senior,-1,1,0
25136,0,0.519976093,72,0,2179.0,5400.0,12,0,2,0,0.0,0.4034438067024625,871.9119856558,Senior,-1,1,0
25197,0,0.410134207,37,0,2457.0,5400.0,5,0,2,0,1.0,0.4549157563414182,983.0460805242,Mid,-1,1,0
25322,0,0.072274699,48,0,1306.0,1.0,8,0,1,0,1.0,653.0,522.4433648194,Mid,-1,1,1
25327,1,0.371099105,46,2,3989.0,5400.0,7,0,2,0,0.0,0.7385669320496204,1595.822659463,Mid,-1,1,0
25330,0,0.757939069,50,0,3224.0,5400.0,12,0,1,0,0.0,0.5969264950935012,1290.0547634414002,Mid,-1,1,0
25337,0,0.229336521,44,0,3316.0,5400.0,12,0,2,0,2.0,0.6139603777078319,1326.5376019126002,Mid,-1,1,0
25366,0,0.268660526,40,0,4428.0,5400.0,11,0,2,0,0.0,0.8198481762636549,1771.3611963156,Mid,-1,1,0
25386,0,0.026283198,44,0,6226.0,5400.0,14,0,9,0,0.0,1.1527494908350306,2490.4157699188,Mid,-1,1,0
25403,0,0.860886899,55,0,3374.0,5400.0,11,0,2,0,1.0,0.6246991297907795,1350.1165321394,Senior,-1,1,0
25469,0,0.999954008,45,1,4768.0,5400.0,5,0,2,0,0.0,0.8827994815774857,1907.7999724048,Mid,-1,1,0
25472,0,0.194103194,45,0,446.5,1.0,5,0,1,0,3.0,223.25,178.71646191640002,Mid,-1,1,0
25475,0,0.545961766,61,0,3347.0,5400.0,23,0,1,0,0.0,0.6197000555452694,1339.1275770596,Senior,-1,1,0
25490,0,0.9999999,48,0,3101.0,5400.0,8,1,2,0,0.0,0.574152934641733,1240.9999999400002,Mid,-1,1,0
25507,0,0.038377351,63,0,51.0,1.0,5,0,0,0,0.0,25.5,20.4230264106,Senior,-1,1,0
25552,0,0.016907339,55,1,1428.0,1.0,11,0,2,0,0.0,714.0,571.2101444034,Senior,-1,1,1
25559,0,0.246612079,37,0,2724.0,5400.0,16,0,1,0,0.0,0.5043510461025736,1089.7479672474,Mid,-1,1,0
25588,0,0.226085563,55,0,3301.0,5400.0,15,0,2,0,0.0,0.611183114238104,1320.5356513378,Senior,-1,1,0
25644,0,0.039720016,61,0,7546.0,5400.0,8,0,7,0,0.0,1.3971486761710794,3018.4238320096,Senior,-1,1,1
25645,0,0.134996625,33,0,2585.0,5400.0,10,0,2,0,0.0,0.4786150712830957,1034.080997975,Mid,-1,1,0
25667,0,0.368440189,38,0,2625.0,5400.0,5,0,1,0,1.0,0.4860211072023699,1050.2210641134,Mid,-1,1,0
25720,0,0.013804709,66,0,4850.0,5400.0,16,0,3,0,0.0,0.8979818552119978,1940.0082828254,Senior,-1,1,0
25732,0,0.078736649,61,0,4506.0,5400.0,14,0,2,0,1.0,0.8342899463062395,1802.4472419894,Senior,-1,1,0
25736,0,0.404146125,56,0,6865.0,5400.0,11,0,2,0,0.0,1.271060914645436,2746.242487675,Senior,-1,1,1
25741,0,0.0,43,0,1817.0,1.0,18,0,2,0,2.0,908.5,726.8000000000001,Mid,-1,1,1
25748,0,0.070491102,63,0,3983.0,5400.0,5,0,2,0,0.0,0.7374560266617293,1593.2422946612,Senior,-1,1,0
25772,0,0.354380657,73,0,4256.0,5400.0,22,0,2,0,1.0,0.7880022218107757,1702.6126283942,Senior,-1,1,0
25773,0,0.198335733,77,0,2124.0,5400.0,11,0,2,0,0.0,0.3932605073134604,849.7190014398,Senior,-1,1,0
25803,0,0.865349278,47,1,4090.0,5400.0,16,0,2,0,0.0,0.7572671727457878,1636.5192095668,Mid,-1,1,0
25814,0,0.972228287,47,0,3522.0,5400.0,5,0,2,1,2.0,0.652101462692094,1409.3833369722,Mid,-1,1,0
25853,0,0.118776813,68,0,3633.0,5400.0,7,0,2,0,0.0,0.67265321236808,1453.2712660878,Senior,-1,1,0
25878,1,0.953841026,25,0,990.0,5400.0,5,0,1,0,0.0,0.1832993890020366,396.5723046156,Young,-1,1,0
25890,0,0.7712425,46,0,4599.0,5400.0,9,0,2,0,1.0,0.8515089798185521,1840.0627455,Mid,-1,1,0
25920,0,0.492313232,42,0,7894.0,5400.0,15,0,3,0,0.0,1.461581188668765,3157.8953879392,Mid,-1,1,1
25949,0,0.292868977,49,0,6304.0,5400.0,10,0,3,0,0.0,1.1671912608776152,2521.7757213862005,Mid,-1,1,0
25966,0,0.10425358,52,0,3807.0,5400.0,8,0,2,0,1.0,0.7048694686169228,1522.862552148,Senior,-1,1,0
26000,0,0.388998195,38,0,3207.0,5400.0,8,0,3,0,0.0,0.5937789298278097,1283.033398917,Mid,-1,1,0
26017,0,0.165043689,60,0,3586.0,5400.0,12,0,3,0,0.0,0.6639511201629328,1434.4990262134002,Senior,-1,1,0
26043,0,0.054350483,51,0,3434.0,5400.0,12,0,2,0,0.0,0.6358081836696908,1373.6326102898,Senior,-1,1,0
26104,0,0.095581299,39,0,2902.0,5400.0,10,0,2,0,0.0,0.5373079059433439,1160.8573487794,Mid,-1,1,0
26105,0,0.218398629,59,0,3243.0,5400.0,9,0,2,0,0.0,0.6004443621551565,1297.3310391774,Senior,-1,1,0
26121,0,0.972582065,58,0,1840.0,5400.0,6,0,0,0,0.0,0.3406776522866135,736.583549239,Senior,-1,1,0
26124,0,0.422486189,64,0,3370.0,5400.0,13,0,1,0,0.0,0.6239585261988521,1348.2534917134,Senior,-1,1,0
26125,0,0.11884745,60,0,1765.5,1.0,11,0,1,0,0.0,882.75,706.27130847,Senior,-1,1,1
26128,0,0.014152748,61,0,3513.0,5400.0,18,0,2,0,1.0,0.6504351046102573,1405.2084916488,Senior,-1,1,0
26136,0,0.929067169,40,0,1689.0,5400.0,7,0,1,0,0.0,0.3127198666913534,676.1574403014,Mid,-1,1,0
26159,0,0.770596397,65,0,7579.0,5400.0,21,0,2,0,0.0,1.4032586558044806,3032.062357838201,Senior,-1,1,1
26205,0,0.012283541,35,0,2143.0,1.0,8,0,2,0,2.0,1071.5,857.2073701246001,Mid,-1,1,1
26214,0,0.049295372,64,0,4133.0,5400.0,9,0,2,0,0.0,0.7652286613590076,1653.2295772232,Senior,-1,1,0
26248,0,0.037681809,67,0,5065.0,5400.0,21,0,1,0,0.0,0.9377892982780968,2026.0226090854,Senior,-1,1,0
26268,0,0.038605764,41,0,5851.0,5400.0,8,0,3,0,0.0,1.0833179040918348,2340.4231634584003,Mid,-1,1,0
26278,0,0.9999999,35,1,1463.0,5400.0,3,0,1,0,0.0,0.2708757637474542,585.79999994,Mid,-1,1,0
26299,0,0.208031679,67,0,4605.0,5400.0,7,0,4,0,0.0,0.8526198852064433,1842.1248190074,Senior,-1,1,0
26331,0,0.268488147,51,0,8276.0,5400.0,15,0,3,0,0.0,1.5323088316978335,3310.5610928882,Senior,-1,1,1
26339,0,0.047282919,34,0,2717.0,5400.0,12,0,2,0,0.0,0.5030549898167006,1086.8283697514,Mid,-1,1,0
26344,0,0.086665473,40,0,3746.0,5400.0,8,0,2,0,0.0,0.6935752638400297,1498.4519992838,Mid,-1,1,0
26347,0,0.0,57,0,4181.0,5400.0,4,0,2,0,0.0,0.7741159044621366,1672.4,Senior,-1,1,0
26393,0,0.118494075,48,0,5802.0,5400.0,5,0,2,0,0.0,1.074245510090724,2320.871096445,Mid,-1,1,0
26422,0,0.9999999,77,1,2360.0,5400.0,3,0,1,0,0.0,0.4369561192371783,944.59999994,Senior,-1,1,0
26429,0,0.085598288,41,0,7324.0,5400.0,5,0,0,0,2.0,1.3560451768191075,2929.6513589728,Mid,-1,1,1
26447,0,0.9999999,63,0,3608.0,5400.0,7,0,1,0,0.0,0.6680244399185336,1443.79999994,Senior,-1,1,0
26466,0,0.291410918,48,0,5286.0,5400.0,7,1,2,0,0.0,0.9787076467320868,2114.5748465508,Mid,-1,1,0
26479,0,0.845505568,46,0,2284.5,1.0,9,0,2,0,0.0,1142.25,914.3073033408,Mid,-1,1,1
26487,1,0.914159042,37,5,1872.0,5400.0,13,0,1,1,2.0,0.3466024810220329,749.3484954252001,Mid,-1,1,0
26528,0,0.000257641,47,1,4750.0,5400.0,10,0,3,0,0.0,0.8794667654138123,1900.0001545846,Mid,-1,1,0
26569,0,0.068171264,45,0,3376.0,5400.0,18,0,1,0,0.0,0.6250694315867432,1350.4409027584002,Mid,-1,1,0
26584,0,0.985457754,44,0,6412.0,5400.0,16,0,2,0,0.0,1.1871875578596556,2565.3912746524,Mid,-1,1,0
26590,0,0.094369577,52,0,4347.0,5400.0,15,0,2,0,0.0,0.8048509535271247,1738.8566217462003,Senior,-1,1,0
26601,0,0.986463621,56,0,2443.0,5400.0,8,0,1,0,1.0,0.4523236437696722,977.7918781726,Senior,-1,1,0
26603,0,0.485138854,66,0,4097.0,5400.0,9,0,2,0,0.0,0.7585632290316608,1639.0910833124,Senior,-1,1,0
26632,0,0.097958311,46,0,4491.0,5400.0,8,0,1,0,2.0,0.8315126828365118,1796.4587749866,Mid,-1,1,0
26633,0,0.300665312,58,0,4728.0,5400.0,10,0,3,0,0.0,0.8753934456582114,1891.3803991872,Senior,-1,1,0
26650,0,0.020198653,62,0,3610.0,5400.0,9,0,2,0,0.0,0.6683947417144973,1444.0121191918,Senior,-1,1,0
26684,0,0.142728943,37,0,3462.0,5400.0,3,0,1,0,0.0,0.6409924088131828,1384.8856373658002,Mid,-1,1,0
26703,0,0.302748828,67,0,3059.0,5400.0,7,0,1,0,0.0,0.5663765969264951,1223.7816492968002,Senior,-1,1,0
26741,0,0.028222042,38,0,2956.0,5400.0,4,0,1,0,0.0,0.547306054434364,1182.4169332252002,Mid,-1,1,0
26771,0,0.767990854,48,0,2625.0,5400.0,6,0,0,0,2.0,0.4860211072023699,1050.4607945124,Mid,-1,1,0
26776,0,0.9999999,54,0,4281.0,5400.0,6,0,3,0,0.0,0.7926309942603221,1712.9999999400002,Senior,-1,1,0
26779,0,0.85593092,55,0,3292.0,5400.0,6,0,3,0,0.0,0.6095167561562673,1317.313558552,Senior,-1,1,0
26781,0,0.413798725,44,0,3013.0,5400.0,13,0,1,0,0.0,0.5578596556193297,1205.448279235,Mid,-1,1,0
26801,0,0.312291264,53,0,5584.0,5400.0,15,0,3,0,0.0,1.0338826143306794,2233.7873747584,Senior,-1,1,0
26844,0,0.018843607,57,0,3824.0,5400.0,7,0,4,0,0.0,0.7080170338826143,1529.6113061642002,Senior,-1,1,0
26874,0,0.774340321,54,1,4936.0,5400.0,13,0,1,0,1.0,0.9139048324384372,1974.8646041926,Senior,-1,1,0
26880,0,0.586994568,44,0,4275.0,5400.0,11,0,3,0,1.0,0.7915200888724311,1710.3521967408,Mid,-1,1,0
26882,0,0.069083185,55,0,4836.0,5400.0,18,0,3,0,0.0,0.8953897426402518,1934.441449911,Senior,-1,1,0
26934,0,0.659196518,39,2,6891.0,5400.0,6,0,3,0,0.0,1.2758748379929643,2756.7955179108003,Mid,-1,1,1
26938,0,0.584636483,65,0,5417.0,5400.0,11,0,3,0,0.0,1.0029624143677096,2167.1507818898003,Senior,-1,1,0
26958,0,0.412842882,56,0,4422.0,5400.0,16,0,3,0,0.0,0.8187372708757638,1769.0477057292003,Senior,-1,1,0
26988,0,0.9999999,48,0,4107.0,5400.0,8,0,3,0,0.0,0.7604147380114794,1643.3999999400005,Mid,-1,1,0
26993,0,0.086989512,82,0,2297.0,5400.0,9,0,4,0,0.0,0.4252916126643214,918.8521937072,Senior,-1,1,0
27023,1,0.775930356,31,0,5971.0,5400.0,12,0,3,0,0.0,1.1055360118496576,2388.8655582136003,Mid,-1,1,0
27102,0,0.089407736,55,0,3798.0,5400.0,9,0,2,0,0.0,0.7032031105350861,1519.2536446416,Senior,-1,1,0
27130,0,0.926362638,30,0,1273.0,5400.0,5,0,0,0,0.0,0.2356970931309016,509.7558175828,Young,-1,1,0
27140,0,0.271699421,54,0,3838.0,5400.0,11,0,1,0,0.0,0.7106091464543604,1535.3630196526,Senior,-1,1,0
27151,0,0.06629218,83,0,2768.0,5400.0,8,0,1,0,0.0,0.5124976856137752,1107.239775308,Senior,-1,1,0
27168,0,0.166924597,55,0,4957.0,5400.0,6,0,2,0,2.0,0.9177930012960562,1982.9001547582,Senior,-1,1,0
27179,0,0.215816704,72,1,2763.0,5400.0,5,0,2,0,0.0,0.5115719311238659,1105.3294900224,Senior,-1,1,0
27187,0,0.016052813,39,0,3371.0,5400.0,12,0,2,0,0.0,0.6241436770968339,1348.4096316878,Mid,-1,1,0
27189,0,0.84717608,54,0,40385.0,5400.0,18,0,0,0,0.0,7.477319014997223,16154.508305648,Senior,-1,1,1
27215,0,0.009411211,62,0,6887.0,5400.0,9,0,3,0,0.0,1.2751342344010368,2754.8056467266,Senior,-1,1,1
27255,0,0.130810312,52,0,5377.0,5400.0,14,0,3,0,1.0,0.9955563784484356,2150.8784861872,Senior,-1,1,0
27290,0,0.436748968,51,0,5783.0,5400.0,13,0,1,0,0.0,1.0707276430290686,2313.4620493808,Senior,-1,1,0
27320,0,0.599902,42,0,3455.0,5400.0,13,0,2,0,0.0,0.6396963525273097,1382.3599412,Mid,-1,1,0
27325,1,0.948627915,38,1,3010.0,5400.0,10,0,0,0,0.0,0.5573042029253842,1204.569176749,Mid,-1,1,0
27370,0,0.162584647,50,1,3327.0,5400.0,6,0,1,0,0.0,0.6159970375856323,1330.8975507882,Mid,-1,1,0
27371,0,0.544173626,64,0,4796.0,5400.0,9,0,3,0,0.0,0.8879837067209776,1918.7265041756,Senior,-1,1,0
27373,0,0.429641171,57,0,9211.0,5400.0,11,0,7,0,0.0,1.7054249213108683,3684.6577847026,Senior,-1,1,1
27388,0,0.576901721,40,0,2153.0,5400.0,2,0,1,0,1.0,0.3986298833549342,861.5461410326001,Mid,-1,1,0
27455,0,0.316343686,65,3,2913.0,5400.0,8,0,1,1,0.0,0.5393445658211442,1165.3898062116,Senior,-1,1,0
27462,0,0.40001227,64,1,4172.0,5400.0,14,0,2,0,0.0,0.7724495463803,1669.040007362,Senior,-1,1,0
27502,0,0.017153041,77,0,2794.0,5400.0,11,0,2,0,0.0,0.5173116089613035,1117.6102918246002,Senior,-1,1,0
27544,0,0.074519355,55,0,3538.0,5400.0,14,0,3,0,0.0,0.6550638770598037,1415.244711613,Senior,-1,1,0
27557,0,0.914126417,54,0,2141.0,5400.0,6,0,1,0,2.0,0.396408072579152,856.9484758502001,Senior,-1,1,0
27572,0,0.987817492,29,0,2696.0,5400.0,5,0,2,0,0.0,0.4991668209590816,1078.9926904952,Young,-1,1,0
27576,0,0.031299218,58,0,3592.0,5400.0,13,0,1,0,0.0,0.6650620255508239,1436.8187795308002,Senior,-1,1,0
27614,0,0.001899905,48,0,4201.0,5400.0,14,0,3,0,0.0,0.7778189224217738,1680.401139943,Mid,-1,1,0
27717,0,0.718490829,73,3,2406.0,5400.0,22,0,1,0,0.0,0.4454730605443436,962.8310944974,Senior,-1,1,0
27758,0,0.130437075,42,0,3864.0,5400.0,8,0,1,0,0.0,0.7154230698018885,1545.678262245,Mid,-1,1,0
27838,0,0.00447257,66,0,3264.0,5400.0,16,0,1,0,0.0,0.6043325310127754,1305.6026835420002,Senior,-1,1,0
27874,0,0.444669085,69,0,2733.0,5400.0,21,0,2,0,0.0,0.5060174041844103,1093.466801451,Senior,-1,1,0
27875,0,0.225546794,53,0,8013.0,5400.0,14,0,4,0,2.0,1.4836141455286058,3205.3353280764004,Senior,-1,1,1
27901,1,0.9999999,44,0,5358.0,5400.0,7,0,2,0,1.0,0.9920385113867802,2143.7999999400004,Mid,-1,1,0
27914,0,0.455735799,49,2,3779.0,5400.0,12,0,1,0,0.0,0.6996852434734309,1511.8734414794,Mid,-1,1,0
27926,0,0.472021119,30,1,2847.0,5400.0,10,0,1,0,0.0,0.5271246065543418,1139.0832126714,Young,-1,1,0
27947,0,0.352616946,46,0,1819.5,1.0,7,0,2,0,0.0,909.75,728.0115701676001,Mid,-1,1,1
27952,0,0.523375059,48,2,8370.0,5400.0,8,1,1,0,0.0,1.549713016108128,3348.3140250354,Mid,-1,1,1
27968,0,0.001128996,80,0,2209.0,5400.0,6,0,2,0,0.0,0.4089983336419182,883.6006773976001,Senior,-1,1,0
27972,0,0.340757932,67,0,5127.0,5400.0,5,0,1,0,0.0,0.9492686539529716,2051.0044547592,Senior,-1,1,0
27981,0,0.018516603,38,0,5870.0,5400.0,6,0,1,0,0.0,1.0868357711534902,2348.0111099618,Mid,-1,1,0
27983,0,0.9999999,60,2,3111.0,5400.0,5,1,1,2,0.0,0.5760044436215516,1244.9999999400002,Senior,-1,1,0
28015,0,0.190707821,43,1,3925.0,5400.0,12,0,3,0,1.0,0.7267172745787817,1570.1144246926,Mid,-1,1,0
28029,0,0.927163814,42,0,7513.0,5400.0,16,0,1,0,4.0,1.3910386965376782,3005.7562982884,Mid,-1,1,1
28054,0,0.005296266,37,0,2878.0,5400.0,14,0,1,0,0.0,0.5328642843917794,1151.2031777596,Mid,-1,1,0
28058,0,0.056999186,80,0,2853.0,5400.0,11,0,1,0,0.0,0.528235511942233,1141.2341995116,Senior,-1,1,0
28061,0,0.373592484,69,0,3592.0,5400.0,7,0,2,0,0.0,0.6650620255508239,1437.0241554904003,Senior,-1,1,0
28098,0,0.030704979,55,1,5634.0,5400.0,14,0,3,0,2.0,1.0431401592297722,2253.6184229874,Senior,-1,1,0
28141,1,0.611105423,46,1,3024.0,5400.0,6,0,1,0,3.0,0.5598963154971301,1209.9666632538,Mid,-1,1,0
28151,0,0.783565472,36,1,4791.0,5400.0,19,0,1,0,0.0,0.8870579522310683,1916.8701392832,Mid,-1,1,0
28159,0,0.406950707,43,0,5075.0,5400.0,11,0,3,0,1.0,0.9396408072579152,2030.2441704242,Mid,-1,1,0
28178,0,0.043758833,58,0,3890.0,5400.0,7,0,2,0,3.0,0.7202369931494168,1556.0262552998,Senior,-1,1,0
28186,0,0.960158425,58,0,2734.0,5400.0,13,1,2,0,0.0,0.5062025550823922,1094.176095055,Senior,-1,1,0
28195,0,0.166688971,53,0,4905.0,5400.0,15,0,2,0,2.0,0.9081651546009998,1962.1000133826,Senior,-1,1,0
28216,0,0.058534013,60,1,3683.0,5400.0,9,0,3,0,0.0,0.6819107572671728,1473.2351204078,Senior,-1,1,0
28238,0,0.419330104,56,1,746.0,1.0,13,0,0,0,0.0,373.0,298.6515980624,Senior,-1,1,1
28251,0,0.706224395,35,1,4189.0,5400.0,10,0,1,0,0.0,0.7755971116459914,1676.0237346370002,Mid,-1,1,0
28258,0,0.073793379,67,1,7077.0,5400.0,12,0,1,0,3.0,1.3103129050175892,2830.8442760274,Senior,-1,1,1
28277,0,0.343935129,52,0,4293.0,5400.0,7,0,2,0,0.0,0.7948528050361044,1717.4063610774,Senior,-1,1,0
28290,1,0.40288729,47,1,4469.0,5400.0,10,0,2,0,0.0,0.8274393630809109,1787.8417323740002,Mid,-1,1,0
28315,0,0.0,63,0,3985.0,5400.0,7,0,1,0,1.0,0.737826328457693,1594.0,Senior,-1,1,0
28359,0,0.986121474,36,3,5016.0,5400.0,12,0,1,0,0.0,0.9287169042769856,2006.9916728844,Mid,-1,1,0
28386,0,0.0,63,0,5609.0,5400.0,16,0,3,0,0.0,1.0385113867802258,2243.6,Senior,-1,1,0
28388,0,0.082716294,62,0,12816.0,5400.0,21,0,5,0,0.0,2.372893908535457,5126.449629776401,Senior,-1,1,1
28405,0,0.347305389,63,0,3565.0,5400.0,12,0,1,0,1.0,0.6600629513053138,1426.2083832334,Senior,-1,1,0
28416,0,0.0,45,0,1231.5,1.0,4,0,2,0,2.0,615.75,492.6,Mid,-1,1,1
28441,0,0.066696665,46,0,6948.0,5400.0,5,0,4,0,0.0,1.28642843917793,2779.2400179990004,Mid,-1,1,1
28467,0,0.208015414,44,0,3992.0,5400.0,11,0,2,0,0.0,0.739122384743566,1596.9248092484002,Mid,-1,1,0
28555,0,0.127544192,71,0,7318.0,5400.0,17,0,4,0,0.0,1.3549342714312165,2927.2765265152,Senior,-1,1,1
28571,0,0.053569898,72,0,3110.0,5400.0,5,0,1,0,0.0,0.5758192927235697,1244.0321419388,Senior,-1,1,0
28578,0,0.314524394,47,0,2962.0,5400.0,10,0,2,0,0.0,0.5484169598222551,1184.9887146364,Mid,-1,1,0
28581,0,0.005031466,55,0,4456.0,5400.0,12,0,3,0,0.0,0.8250324014071468,1782.4030188796,Senior,-1,1,0
28590,0,0.0,68,0,3942.0,5400.0,9,0,2,0,0.0,0.7298648398444733,1576.8000000000002,Senior,-1,1,0
28604,0,0.906704759,52,3,3178.0,5400.0,12,0,1,0,0.0,0.5884095537863359,1271.7440228554,Senior,-1,1,0
28611,0,0.029086347,34,1,3609.0,5400.0,9,0,2,0,0.0,0.6682095908165154,1443.6174518082,Mid,-1,1,0
28652,0,0.9999999,69,0,1426.0,5400.0,3,0,0,0,0.0,0.2640251805221255,570.99999994,Senior,-1,1,0
28718,0,0.0,71,0,2738.0,5400.0,8,0,1,0,0.0,0.5069431586743196,1095.2,Senior,-1,1,0
28747,0,0.243740098,47,0,10484.0,5400.0,22,0,4,0,0.0,1.94112201444177,4193.746244058801,Mid,-1,1,1
28897,0,0.572436114,42,0,3429.0,5400.0,8,0,1,0,0.0,0.6348824291797815,1371.9434616684002,Mid,-1,1,0
28953,1,0.557452118,56,5,7160.0,5400.0,25,0,4,0,0.0,1.3256804295500833,2864.3344712708,Senior,-1,1,1
29010,0,0.023093622,61,0,4093.0,5400.0,9,0,3,0,2.0,0.7578226254397333,1637.2138561732002,Senior,-1,1,0
29021,0,0.096408261,66,0,5212.0,5400.0,14,0,2,0,0.0,0.9650064802814292,2084.8578449566003,Senior,-1,1,0
29039,0,0.324304672,38,1,5835.0,5400.0,8,0,4,0,0.0,1.0803554897241252,2334.1945828032,Mid,-1,1,0
29063,0,0.766657823,54,0,3019.0,5400.0,4,0,1,0,0.0,0.5589705610072209,1208.0599946938,Senior,-1,1,0
29080,0,0.9999999,47,0,1970.0,5400.0,2,1,2,1,0.0,0.3647472690242547,788.59999994,Mid,-1,1,0
29082,0,0.061093571,58,0,5079.0,5400.0,21,1,4,0,1.0,0.9403814108498426,2031.6366561426,Senior,-1,1,0
29100,0,0.138591585,42,0,3142.0,5400.0,10,0,2,0,1.0,0.5817441214589891,1256.8831549510005,Mid,-1,1,0
29125,0,0.024243057,74,0,3065.0,5400.0,14,0,3,0,0.0,0.5674875023143863,1226.0145458342,Senior,-1,1,0
29136,0,0.658178909,32,0,2133.0,5400.0,6,1,1,0,4.0,0.3949268653952971,853.5949073454001,Mid,-1,1,0
29193,0,0.004092833,38,0,2824.0,5400.0,7,0,1,0,0.0,0.5228661359007591,1129.6024556998002,Mid,-1,1,0
29196,0,0.927303635,55,0,3132.0,5400.0,5,0,2,0,0.0,0.5798926124791706,1253.356382181,Senior,-1,1,0
29201,0,0.0,61,0,6556.0,5400.0,8,0,4,0,0.0,1.2138492871690427,2622.4,Senior,-1,1,1
29208,0,0.514383259,55,2,5366.0,5400.0,16,0,3,0,1.0,0.993519718570635,2146.7086299554003,Senior,-1,1,0
29211,0,0.95690988,39,0,4151.0,5400.0,8,0,2,0,3.0,0.7685613775226809,1660.974145928,Mid,-1,1,0
29255,0,0.019526556,66,0,6049.0,5400.0,12,0,4,0,0.0,1.1199777818922425,2419.6117159336,Senior,-1,1,0
29309,0,0.653118346,54,0,3789.0,5400.0,24,0,2,0,0.0,0.7015367524532494,1515.9918710076,Senior,-1,1,0
29429,0,0.9999999,38,0,1750.0,5400.0,1,0,1,0,0.0,0.3240140714682466,700.59999994,Mid,-1,1,0
29449,0,0.103972356,29,0,3236.0,5400.0,9,0,3,0,0.0,0.5991483058692835,1294.4623834136,Young,-1,1,0
29464,0,0.0,51,0,6430.0,5400.0,6,0,2,0,0.0,1.190520274023329,2572.0,Senior,-1,1,0
29477,0,0.003490059,37,0,2359.0,5400.0,5,0,2,0,0.0,0.4367709683391964,943.6020940354,Mid,-1,1,0
29542,0,0.515934077,61,0,3062.0,5400.0,6,0,1,0,0.0,0.5669320496204406,1225.1095604462,Senior,-1,1,0
29555,0,0.050373589,41,1,3120.0,5400.0,12,0,1,0,0.0,0.5776708017033882,1248.0302241534,Mid,-1,1,0
29584,0,0.919774967,61,0,2305.0,5400.0,23,0,0,0,0.0,0.4267728198481763,922.5518649802,Senior,-1,1,0
29600,0,0.209438613,61,0,3375.0,5400.0,10,0,1,0,1.0,0.6248842806887613,1350.1256631678,Senior,-1,1,0
29604,0,0.137074517,51,1,3743.0,5400.0,8,0,1,0,0.0,0.693019811146084,1497.2822447102,Senior,-1,1,0
29614,0,0.011335228,29,0,3161.0,5400.0,10,0,3,0,0.0,0.5852619885206444,1264.4068011368,Young,-1,1,0
29682,0,0.038753655,64,0,4010.0,5400.0,12,0,2,0,2.0,0.7424551009072394,1604.023252193,Senior,-1,1,0
29683,0,0.060096995,48,0,4044.0,5400.0,11,0,2,0,0.0,0.7487502314386225,1617.6360581970002,Mid,-1,1,0
29690,0,0.256511611,33,0,474.0,1.0,5,0,1,0,3.0,237.0,189.75390696660003,Mid,-1,1,0
29716,1,0.925278117,56,0,4546.0,5400.0,23,0,2,0,0.0,0.8416959822255138,1818.9551668702,Senior,-1,1,0
29733,0,0.097773432,57,0,4820.0,5400.0,8,0,3,0,0.0,0.8924273282725421,1928.0586640592,Senior,-1,1,0
29739,0,0.483862008,37,0,3490.0,5400.0,8,0,2,0,0.0,0.6461766339566747,1396.2903172048,Mid,-1,1,0
29758,0,0.256237417,56,0,5705.0,5400.0,13,0,2,0,0.0,1.056285872986484,2282.1537424502,Senior,-1,1,0
29787,0,0.0,34,0,2270.0,5400.0,4,1,2,0,0.0,0.4202925384188113,908.0,Mid,-1,1,0
29796,0,0.760215675,51,0,3265.0,5400.0,17,0,1,0,0.0,0.6045176819107573,1306.456129405,Senior,-1,1,0
29817,0,0.9999999,39,0,3240.0,5400.0,5,0,2,0,0.0,0.5998889094612109,1296.59999994,Mid,-1,1,0
29821,1,0.01955643,52,0,4130.0,5400.0,23,0,2,0,0.0,0.764673208665062,1652.011733858,Senior,-1,1,0
29866,0,0.065408616,51,0,4243.0,5400.0,7,0,2,0,0.0,0.7855952601370116,1697.2392451696,Senior,-1,1,0
29874,1,0.9999999,56,1,1762.0,5400.0,3,1,1,0,0.0,0.3262358822440289,705.39999994,Senior,-1,1,0
29884,0,0.9999999,62,0,1775.0,5400.0,4,0,1,0,2.0,0.328642843917793,710.59999994,Senior,-1,1,0
29895,0,0.223419276,41,0,3382.0,5400.0,15,0,2,0,1.0,0.6261803369746344,1352.9340515656002,Mid,-1,1,0
29900,0,0.586085692,30,0,1510.0,5400.0,4,0,2,0,0.0,0.2795778559526014,604.3516514152,Young,-1,1,0
29934,0,0.360241571,36,0,2548.0,5400.0,9,0,1,0,0.0,0.4717644880577671,1019.4161449426,Mid,-1,1,0
29938,0,0.672744686,49,0,6293.0,5400.0,16,0,3,0,2.0,1.1651546009998148,2517.6036468116004,Mid,-1,1,0
29960,0,0.00191296,41,0,3026.0,5400.0,11,0,2,0,0.0,0.5602666172930939,1210.401147776,Mid,-1,1,0
29983,0,0.015414715,49,0,5025.0,5400.0,6,0,2,0,4.0,0.9303832623588224,2010.009248829,Mid,-1,1,0
30013,0,0.0,44,1,503.0,1.0,4,0,1,0,2.0,251.5,201.2,Mid,-1,1,0
30025,0,0.560054993,37,0,2274.0,5400.0,5,0,1,0,2.0,0.4210331420107387,909.9360329958,Mid,-1,1,0
30071,0,0.460124832,41,0,4200.0,5400.0,17,0,2,0,2.0,0.7776337715237919,1680.2760748992,Mid,-1,1,0
30083,0,0.767246551,54,0,2785.0,5400.0,6,0,2,0,1.0,0.5156452508794668,1114.4603479306,Senior,-1,1,0
30100,0,0.0,46,0,4878.0,5400.0,12,0,2,0,0.0,0.9031660803554896,1951.2,Mid,-1,1,0
30113,0,0.258608177,33,0,2626.0,5400.0,8,0,1,0,0.0,0.4862062581003518,1050.5551649062002,Mid,-1,1,0
30120,0,0.397272121,60,0,3661.0,5400.0,16,0,1,0,0.0,0.6778374375115719,1464.6383632726,Senior,-1,1,0
30128,0,0.083860866,52,0,4062.0,5400.0,12,0,3,0,0.0,0.7520829476022959,1624.8503165196005,Senior,-1,1,0
30135,0,0.00510152,66,0,3893.0,5400.0,8,0,2,0,0.0,0.7207924458433623,1557.203060912,Senior,-1,1,0
30211,0,0.92020399,31,0,2022.0,5400.0,3,0,1,0,0.0,0.3743751157193112,809.352122394,Mid,-1,1,0
30228,0,0.416289714,49,0,5753.0,5400.0,9,0,2,0,2.0,1.065173116089613,2301.4497738284003,Mid,-1,1,0
30234,1,0.9999999,49,0,1550.0,5400.0,2,1,1,0,0.0,0.2869838918718755,620.59999994,Mid,-1,1,0
30239,0,0.001226823,73,0,3778.0,5400.0,9,0,5,0,0.0,0.699500092575449,1511.2007360938,Senior,-1,1,0
30246,0,0.084146002,40,0,1373.5,1.0,8,0,1,0,2.0,686.75,549.4504876011999,Mid,-1,1,1
30255,0,0.160094344,53,0,5788.0,5400.0,6,0,1,0,0.0,1.071653397518978,2315.2960566064003,Senior,-1,1,0
30267,0,0.061108382,56,1,3865.0,5400.0,11,0,2,0,2.0,0.7156082206998704,1546.0366650292,Senior,-1,1,0
30277,0,0.994171524,60,0,2924.0,5400.0,5,0,1,0,0.0,0.5413812256989446,1170.1965029144,Senior,-1,1,0
30302,0,0.492325384,40,0,4901.0,5400.0,5,0,2,0,0.0,0.9074245510090724,1960.6953952304,Mid,-1,1,0
30305,0,0.236292124,38,0,5994.0,5400.0,7,0,2,0,1.0,1.1097944825032402,2397.7417752744,Mid,-1,1,0
30333,0,0.282490749,56,0,5274.0,5400.0,16,0,2,0,2.0,0.9764858359563044,2109.7694944494,Senior,-1,1,0
30337,1,0.997002997,51,2,1434.0,5400.0,4,0,0,0,0.0,0.2655063877059804,574.1982017982,Senior,-1,1,0
30362,0,0.657707485,48,0,2751.0,5400.0,10,0,1,0,0.0,0.5093501203480837,1100.794624491,Mid,-1,1,0
30379,1,0.0,62,2,3489.0,5400.0,18,0,2,1,0.0,0.6459914830586928,1395.6,Senior,-1,1,0
30390,0,0.022370986,56,1,5566.0,5400.0,10,0,5,0,0.0,1.030549898167006,2226.4134225916,Senior,-1,1,0
30461,0,0.996597882,59,0,2965.0,5400.0,11,0,1,0,0.0,0.5489724125162007,1186.5979587292,Senior,-1,1,0
30463,1,0.239164591,61,1,10229.0,5400.0,20,0,5,1,0.0,1.893908535456397,4091.7434987546,Senior,-1,1,1
30476,0,0.36748944,59,0,3107.0,5400.0,8,0,2,0,0.0,0.5752638400296242,1243.0204936640002,Senior,-1,1,0
30479,0,0.491104164,47,2,4029.0,5400.0,20,1,2,1,0.0,0.7459729679688947,1611.8946624984,Mid,-1,1,0
30485,0,0.268182997,86,1,1749.0,5400.0,18,0,0,0,0.0,0.3238289205702647,699.7609097982,Senior,-1,1,0
30509,1,0.577153828,52,2,5435.0,5400.0,8,0,3,0,3.0,1.006295130531383,2174.3462922968,Senior,-1,1,0
30510,0,0.9999999,66,0,1433.0,5400.0,3,0,0,0,0.0,0.2653212368079985,573.79999994,Senior,-1,1,0
30524,0,0.087668295,47,0,3797.0,5400.0,6,0,1,0,0.0,0.7030179596371042,1518.8526009770003,Mid,-1,1,0
30538,0,0.453494425,50,0,2837.0,5400.0,8,0,1,0,0.0,0.5252730975745232,1135.072096655,Mid,-1,1,0
30545,1,0.9999999,60,1,2711.0,5400.0,6,2,2,2,0.0,0.5019440844288094,1084.9999999400002,Senior,-1,1,0
30572,0,0.002956393,68,0,4100.0,5400.0,9,0,2,0,0.0,0.7591186817256064,1640.0017738358,Senior,-1,1,0
30577,0,0.461926792,43,0,3994.0,5400.0,8,0,1,0,0.0,0.7394926865395297,1597.8771560752002,Mid,-1,1,0
30592,0,0.030047315,53,0,3931.0,5400.0,5,0,2,0,0.0,0.7278281799666728,1572.418028389,Senior,-1,1,0
30626,0,0.924840733,81,0,1886.0,5400.0,17,0,0,0,1.0,0.3491945935937789,754.9549044398001,Senior,-1,1,0
30639,0,0.319201393,74,0,2823.0,5400.0,15,0,2,0,0.0,0.5226809850027773,1129.3915208358,Senior,-1,1,0
30641,0,0.320812359,48,0,5589.0,5400.0,23,0,2,0,2.0,1.034808368820589,2235.7924874154,Mid,-1,1,0
30646,0,0.000367813,85,0,2103.0,5400.0,14,0,2,1,0.0,0.3893723384558415,841.2002206878001,Senior,-1,1,0
30715,0,0.038768447,52,0,3673.0,5400.0,20,0,6,0,2.0,0.6800592482873542,1469.2232610682,Senior,-1,1,0
30736,1,0.868156116,24,1,963.0,5400.0,8,0,0,0,0.0,0.1783003147565265,385.72089366960006,Young,-1,1,0
30739,0,0.399227466,61,0,3382.0,5400.0,11,0,2,0,0.0,0.6261803369746344,1353.0395364796002,Senior,-1,1,0
30761,0,0.072429023,33,0,2654.0,5400.0,10,0,2,0,3.0,0.4913904832438437,1061.6434574138002,Mid,-1,1,0
30771,0,0.9999999,45,1,2370.0,5400.0,7,0,1,0,0.0,0.4388076282169968,948.59999994,Mid,-1,1,0
30831,0,0.673817955,35,0,250.0,1.0,4,0,0,0,1.0,125.0,100.404290773,Mid,-1,1,0
30852,0,0.000305551,65,0,3876.0,5400.0,10,0,2,0,0.0,0.7176448805776708,1550.4001833306002,Senior,-1,1,0
30865,0,0.000262286,40,0,8176.0,5400.0,9,0,2,0,2.0,1.513793741899648,3270.4001573716,Mid,-1,1,1
30894,0,0.024448778,37,0,3215.0,5400.0,7,0,1,0,0.0,0.5952601370116645,1286.0146692668,Mid,-1,1,0
30904,0,0.184338636,61,0,4347.0,5400.0,12,0,2,0,1.0,0.8048509535271247,1738.9106031816002,Senior,-1,1,0
30916,0,0.005808838,70,0,5161.0,5400.0,19,0,5,0,0.0,0.9555637844843548,2064.4034853028,Senior,-1,1,0
30919,0,0.043053259,65,0,4039.0,5400.0,11,0,1,0,2.0,0.7478244769487132,1615.6258319554,Senior,-1,1,0
30997,0,0.857185361,60,0,7509.0,5400.0,11,0,3,0,1.0,1.390298092945751,3004.1143112166005,Senior,-1,1,1
31014,0,0.070898734,74,0,3884.0,5400.0,13,0,4,0,0.0,0.7191260877615256,1553.6425392404,Senior,-1,1,0
31033,0,0.680541034,69,0,2304.0,5400.0,16,0,1,0,0.0,0.4265876689501944,922.0083246204,Senior,-1,1,0
31042,0,0.808387914,43,2,2778.0,5400.0,5,0,1,0,3.0,0.5143491945935937,1111.6850327484,Mid,-1,1,0
31090,0,0.808330758,51,0,2505.0,5400.0,9,0,1,0,0.0,0.4638029994445473,1002.4849984548,Senior,-1,1,0
31095,0,0.282335883,41,0,84.5,1.0,2,0,0,0,3.0,42.25,33.9694015298,Mid,-1,1,0
31105,0,0.541004624,73,0,4223.0,5400.0,16,0,2,0,0.0,0.7818922421773745,1689.5246027744,Senior,-1,1,0
31106,0,0.9999999,75,0,1808.0,5400.0,5,0,1,0,0.0,0.3347528235511942,723.79999994,Senior,-1,1,0
31132,0,0.9999999,23,0,652.0,5400.0,1,0,0,0,0.0,0.1207183854841696,261.39999994,Young,-1,1,0
31171,0,0.07672708,60,0,5920.0,5400.0,5,0,2,0,0.0,1.0960933160525828,2368.046036248,Senior,-1,1,0
31185,0,0.119037835,64,0,6137.0,5400.0,14,0,3,0,1.0,1.1362710609146454,2454.871422701,Senior,-1,1,0
31199,0,0.15549831,53,0,5933.0,5400.0,11,0,3,0,3.0,1.098500277726347,2373.293298986,Senior,-1,1,0
31208,0,0.149053992,54,0,11692.0,5400.0,13,0,3,0,0.0,2.164784299203851,4676.8894323952,Senior,-1,1,1
31227,0,0.058512771,69,0,3668.0,5400.0,3,0,1,0,0.0,0.6791334937974449,1467.2351076626,Senior,-1,1,0
31269,0,0.0,53,1,4133.0,5400.0,9,0,2,0,0.0,0.7652286613590076,1653.2,Senior,-1,1,0
31301,0,0.119289639,36,0,3633.0,5400.0,7,0,1,0,0.0,0.67265321236808,1453.2715737834,Mid,-1,1,0
31330,0,0.645162856,58,0,4451.0,5400.0,8,0,1,0,4.0,0.8241066469172376,1780.7870977136,Senior,-1,1,0
31347,0,0.119982279,66,0,3682.0,5400.0,9,0,2,0,0.0,0.6817256063691909,1472.8719893674,Senior,-1,1,0
31360,0,0.550030208,28,0,2896.0,5400.0,8,1,2,0,0.0,0.5361970005554527,1158.7300181248002,Young,-1,1,0
31368,0,0.251788012,73,0,4381.0,5400.0,22,0,4,0,0.0,0.8111460840585076,1752.5510728072002,Senior,-1,1,0
31387,0,0.150466803,45,0,3322.0,5400.0,9,0,3,0,0.0,0.615071283095723,1328.8902800818005,Mid,-1,1,0
31397,0,0.451235911,51,0,3327.0,5400.0,8,0,1,0,0.0,0.6159970375856323,1331.0707415466002,Senior,-1,1,0
31417,0,0.0,53,0,4452.0,5400.0,2,0,1,0,3.0,0.8242917978152194,1780.8000000000002,Senior,-1,1,0
31422,0,0.9999999,38,0,3655.0,5400.0,3,0,2,0,0.0,0.6767265321236808,1462.59999994,Mid,-1,1,0
31455,0,0.14665933,44,0,3378.0,5400.0,10,0,2,0,0.0,0.6254397333827069,1351.287995598,Mid,-1,1,0
31506,0,0.0,35,0,3092.0,5400.0,7,0,1,0,0.0,0.5724865765598963,1236.8000000000002,Mid,-1,1,0
31509,0,0.563334492,51,0,6647.0,5400.0,8,0,2,0,0.0,1.2306980188853915,2659.1380006952004,Senior,-1,1,1
31519,0,0.9999999,48,0,2642.0,5400.0,9,0,2,0,0.0,0.4891686724680614,1057.39999994,Mid,-1,1,0
31524,0,0.287303919,51,0,4178.0,5400.0,18,0,5,1,0.0,0.7735604517681911,1671.3723823514,Senior,-1,1,0
31555,1,0.736895555,40,0,2494.0,5400.0,11,0,1,0,1.0,0.4617663395667469,998.042137333,Mid,-1,1,0
31575,0,0.430116569,56,3,4761.0,5400.0,6,0,2,0,0.0,0.8815034252916126,1904.6580699414,Senior,-1,1,0
31577,0,0.023620011,45,0,3408.0,5400.0,6,0,1,0,0.0,0.6309942603221625,1363.2141720066,Mid,-1,1,0
31624,0,0.251532971,45,0,4310.0,5400.0,10,0,4,0,0.0,0.7980003703017959,1724.1509197826,Mid,-1,1,0
31649,0,0.505220809,53,0,2931.0,5400.0,9,0,1,0,1.0,0.5426772819848176,1172.7031324854,Senior,-1,1,0
31662,0,0.076246188,38,1,1550.0,1.0,8,0,2,0,4.0,775.0,620.0457477128,Mid,-1,1,1
31672,0,0.253705715,50,0,269.0,1.0,8,0,0,0,1.0,134.5,107.752223429,Mid,-1,1,0
31674,0,0.14693972,63,0,4649.0,5400.0,11,0,2,0,0.0,0.8607665247176449,1859.688163832,Senior,-1,1,0
31716,0,0.295639861,65,0,4438.0,5400.0,29,0,3,0,0.0,0.8216996852434735,1775.3773839166,Senior,-1,1,0
31753,0,0.132685072,58,1,3861.0,5400.0,20,0,1,1,0.0,0.714867617107943,1544.4796110432,Senior,-1,1,0
31766,0,0.007129411,49,0,3562.0,5400.0,5,0,2,0,0.0,0.6595074986113683,1424.8042776466002,Mid,-1,1,0
31783,0,0.9999999,56,0,2485.0,5400.0,8,0,1,0,0.0,0.4600999814849102,994.59999994,Senior,-1,1,0
31788,0,0.9999999,66,0,2245.0,5400.0,5,0,1,0,0.0,0.4156637659692649,898.59999994,Senior,-1,1,0
31808,0,0.9999999,44,0,2398.0,5400.0,3,0,1,0,0.0,0.4439918533604888,959.79999994,Mid,-1,1,0
31856,0,0.968374423,44,0,1833.0,5400.0,4,0,0,0,0.0,0.3393815960007406,733.7810246538,Mid,-1,1,0
31864,0,0.06826028,50,0,3603.0,5400.0,9,0,2,0,0.0,0.6670986854286244,1441.240956168,Mid,-1,1,0
31866,0,0.06931033,42,0,3165.0,5400.0,5,0,1,0,0.0,0.5860025921125718,1266.041586198,Mid,-1,1,0
31874,0,0.228438578,71,0,3013.0,5400.0,6,0,2,0,0.0,0.5578596556193297,1205.3370631468,Senior,-1,1,0
31884,0,0.346247762,61,3,5672.0,5400.0,10,0,1,0,0.0,1.0501758933530827,2269.0077486572004,Senior,-1,1,0
31885,0,0.450280891,54,1,4983.0,5400.0,18,0,2,0,0.0,0.9226069246435844,1993.4701685346,Senior,-1,1,0
31895,0,0.226051597,47,0,3208.0,5400.0,12,0,1,0,1.0,0.5939640807257915,1283.3356309582,Mid,-1,1,0
31948,0,0.58548513,57,0,4087.0,5400.0,13,0,1,0,1.0,0.7567117200518423,1635.1512910780002,Senior,-1,1,0
31974,0,0.828668485,57,0,3173.0,5400.0,8,0,1,0,0.0,0.5874837992964266,1269.697201091,Senior,-1,1,0
31983,0,0.15950682,71,0,5971.0,5400.0,14,0,3,0,0.0,1.1055360118496576,2388.495704092,Senior,-1,1,0
31986,0,0.059626108,56,0,3614.0,5400.0,11,0,2,0,0.0,0.6691353453064247,1445.6357756648,Senior,-1,1,0
31988,0,0.045694699,65,0,5935.0,5400.0,10,0,3,0,0.0,1.0988705795223106,2374.0274168194,Senior,-1,1,0
31998,0,0.122295439,47,0,1843.5,1.0,18,0,1,0,3.0,921.75,737.4733772634,Mid,-1,1,1
32007,0,0.714741741,53,2,2503.0,5400.0,14,0,2,0,1.0,0.4634326976485836,1001.6288450446,Senior,-1,1,0
32011,0,0.97811008,73,0,1511.0,5400.0,5,0,1,0,0.0,0.2797630068505832,604.986866048,Senior,-1,1,0
32041,0,0.099239417,57,1,5394.0,5400.0,8,0,3,0,0.0,0.998703943714127,2157.6595436502,Senior,-1,1,0
32042,0,0.407027465,57,0,3174.0,5400.0,8,0,1,0,0.0,0.5876689501944085,1269.844216479,Senior,-1,1,0
32056,0,0.004682748,69,0,3233.0,5400.0,10,0,2,0,0.0,0.598592853175338,1293.2028096488,Senior,-1,1,0
32067,0,0.0,41,0,274.0,1.0,2,0,0,0,2.0,137.0,109.6,Mid,-1,1,0
32081,0,0.34206257,68,0,4088.0,5400.0,12,0,2,0,0.0,0.756896870949824,1635.405237542,Senior,-1,1,0
32105,0,0.9999999,57,1,2516.0,5400.0,7,0,1,0,0.0,0.4658396593223477,1006.99999994,Senior,-1,1,0
32134,0,0.313410534,51,0,3220.0,5400.0,9,0,1,0,1.0,0.5961858915015738,1288.1880463204,Senior,-1,1,0
32141,0,0.074711818,78,0,2563.0,5400.0,9,0,1,0,0.0,0.4745417515274949,1025.2448270908,Senior,-1,1,0
32162,0,0.594724431,84,0,5071.0,5400.0,17,0,1,0,0.0,0.9389002036659878,2028.7568346586,Senior,-1,1,0
32167,0,0.0,46,0,5072.0,5400.0,8,0,3,0,0.0,0.9390853545639696,2028.8,Mid,-1,1,0
32228,0,0.070237811,48,3,3971.0,5400.0,18,0,2,0,3.0,0.7352342158859471,1588.4421426866002,Mid,-1,1,0
32237,0,0.211501262,82,0,2183.0,5400.0,3,0,1,0,0.0,0.4041844102943899,873.3269007572001,Senior,-1,1,0
32240,0,0.02593014,31,0,3417.0,5400.0,8,0,2,0,1.0,0.6326606184039992,1366.8155580840005,Mid,-1,1,0
32245,0,0.018410238,60,0,4503.0,5400.0,8,0,2,0,0.0,0.833734493612294,1801.2110461428,Senior,-1,1,0
32263,0,0.781309118,44,0,1605.0,1.0,8,0,2,0,0.0,802.5,642.4687854708,Mid,-1,1,1
32277,0,0.116025256,45,0,10244.0,5400.0,13,0,4,0,0.0,1.8966857989261248,4097.669615153601,Mid,-1,1,1
32304,1,0.987958148,55,0,10527.0,5400.0,12,0,5,0,1.0,1.9490835030549896,4211.3927748888,Senior,-1,1,1
32310,0,0.961454639,62,0,5011.0,5400.0,9,0,2,0,0.0,0.9277911497870764,2004.9768727834,Senior,-1,1,0
32319,0,0.169432728,48,0,1095.5,1.0,13,0,1,0,2.0,547.75,438.3016596368,Mid,-1,1,1
32364,0,0.9999999,65,0,90.5,1.0,2,0,0,0,0.0,45.25,36.799999940000006,Senior,-1,1,0
32365,0,0.9999999,62,2,2917.0,5400.0,5,0,2,1,3.0,0.5400851694130716,1167.39999994,Senior,-1,1,0
32388,0,0.037339676,54,0,4454.0,5400.0,14,0,2,0,0.0,0.8246620996111831,1781.6224038056002,Senior,-1,1,0
32414,0,0.202120897,57,0,1291.0,1.0,18,0,1,0,0.0,645.5,516.5212725381999,Senior,-1,1,1
32452,1,0.997000158,39,1,3708.0,5400.0,11,0,1,0,1.0,0.6865395297167192,1483.7982000948,Mid,-1,1,0
32476,0,0.324350567,56,1,4697.0,5400.0,9,0,2,0,0.0,0.869653767820774,1878.9946103402,Senior,-1,1,0
32478,0,0.351645218,59,0,3413.0,5400.0,11,0,2,0,0.0,0.6319200148120718,1365.4109871308,Senior,-1,1,0
32485,0,0.12694268,73,0,5151.0,5400.0,19,0,4,0,1.0,0.9537122755045362,2060.476165608,Senior,-1,1,0
32487,0,0.9999999,67,0,1795.0,5400.0,3,0,1,0,0.0,0.3323458618774301,718.59999994,Senior,-1,1,0
32501,0,0.517309844,71,0,2316.0,5400.0,8,0,1,0,0.0,0.4288094797259766,926.7103859064,Senior,-1,1,0
32504,0,0.821402425,65,0,2965.0,5400.0,12,0,0,0,0.0,0.5489724125162007,1186.492841455,Senior,-1,1,0
32586,0,0.968512736,54,0,5482.0,5400.0,12,0,2,0,1.0,1.0149972227365305,2193.3811076416,Senior,-1,1,0
32587,0,0.575210975,39,0,4854.0,5400.0,7,0,1,0,0.0,0.8987224588039252,1941.945126585,Mid,-1,1,0
32617,0,0.798201798,43,0,2965.0,5400.0,2,0,1,0,0.0,0.5489724125162007,1186.4789210788,Mid,-1,1,0
32674,0,0.96879893,62,0,6906.0,5400.0,24,0,2,0,1.0,1.278652101462692,2762.981279358,Senior,-1,1,1
32675,0,0.346757754,69,4,5687.0,5400.0,17,1,2,0,0.0,1.0529531568228103,2275.0080546524,Senior,-1,1,0
32678,0,0.238612707,64,0,7269.0,5400.0,14,0,4,0,0.0,1.3458618774301054,2907.7431676242004,Senior,-1,1,1
32697,0,0.890105382,38,0,1828.0,5400.0,6,0,0,0,0.0,0.3384558415108313,731.7340632292,Mid,-1,1,0
32735,0,0.7150122,65,0,2214.0,5400.0,16,0,0,0,4.0,0.4099240881318274,886.02900732,Senior,-1,1,0
32795,0,0.00124803,70,0,4936.0,5400.0,12,0,4,0,1.0,0.9139048324384372,1974.400748818,Senior,-1,1,0
32797,0,0.99581706,42,0,8344.0,5400.0,12,0,2,0,3.0,1.5448990927606,3338.197490236,Mid,-1,1,1
32811,0,0.007753608,50,0,4313.0,5400.0,8,0,3,0,0.0,0.7985558229957416,1725.2046521648,Mid,-1,1,0
32817,0,0.475454545,40,3,2648.0,5400.0,5,1,1,0,2.0,0.4902795778559526,1059.485272727,Mid,-1,1,0
32819,0,0.119509953,89,0,3676.0,5400.0,12,0,1,0,0.0,0.6806147009812997,1470.4717059718,Senior,-1,1,0
32821,0,0.808583362,65,0,6969.0,5400.0,20,0,1,0,0.0,1.290316608035549,2788.0851500172,Senior,-1,1,1
32856,0,0.400129117,60,0,3532.0,5400.0,27,0,2,0,2.0,0.6539529716719126,1413.0400774702002,Senior,-1,1,0
32858,0,0.351745603,40,0,1477.0,1.0,6,0,2,0,0.0,738.5,591.0110473618,Mid,-1,1,1
32865,0,0.096032742,67,0,3680.0,5400.0,13,0,2,0,0.0,0.6813553045732271,1472.0576196452,Senior,-1,1,0
32891,0,0.9999999,44,1,2853.0,5400.0,8,0,1,0,0.0,0.528235511942233,1141.79999994,Mid,-1,1,0
32896,0,0.341525724,55,0,5186.0,5400.0,19,0,2,0,0.0,0.9601925569339012,2074.6049154344,Senior,-1,1,0
32897,0,0.9999999,41,0,4322.0,5400.0,7,0,2,0,1.0,0.8002221810775783,1729.3999999400005,Mid,-1,1,0
32918,0,0.304092398,54,0,1770.0,1.0,5,0,2,0,1.0,885.0,708.1824554388,Senior,-1,1,1
32923,0,0.9999999,59,0,4207.0,5400.0,3,0,2,0,0.0,0.7789298278096649,1683.3999999400005,Senior,-1,1,0
32936,0,0.0,30,1,291.0,1.0,3,0,0,0,0.0,145.5,116.4,Young,-1,1,0
32959,0,0.557390242,53,0,2925.0,5400.0,11,0,2,0,2.0,0.5415663765969265,1170.3344341452,Senior,-1,1,0
32976,0,0.90320484,62,0,3818.0,5400.0,11,0,1,0,0.0,0.7069061284947232,1527.741922904,Senior,-1,1,0
32986,0,0.290923348,51,1,5168.0,5400.0,6,4,3,2,0.0,0.9568598407702278,2067.3745540088003,Senior,-1,1,0
33004,0,0.066520496,48,0,3312.0,5400.0,14,0,2,0,1.0,0.6132197741159044,1324.8399122976002,Mid,-1,1,0
33016,0,0.06616097,52,0,4508.0,5400.0,13,0,1,0,0.0,0.8346602481022033,1803.239696582,Senior,-1,1,0
33095,0,0.559236555,66,0,4373.0,5400.0,16,0,2,0,2.0,0.8096648768746528,1749.535541933,Senior,-1,1,0
33105,0,0.031387436,29,0,63.0,1.0,4,0,0,0,0.0,31.5,25.2188324616,Young,-1,1,0
33121,0,0.0,61,0,6277.0,5400.0,10,0,3,0,0.0,1.1621921866321052,2510.8,Senior,-1,1,0
33151,0,0.9999999,69,0,3997.0,5400.0,3,0,2,0,0.0,0.7400481392334752,1599.3999999400005,Senior,-1,1,0
33155,0,0.9999999,53,0,2222.0,5400.0,3,0,1,0,0.0,0.4114052953156822,889.39999994,Senior,-1,1,0
33158,0,0.069385271,37,0,4251.0,5400.0,9,0,1,0,0.0,0.7870764673208666,1700.4416311626,Mid,-1,1,0
33183,0,0.040326924,49,4,3665.0,5400.0,16,0,1,0,0.0,0.6785780411034994,1466.0241961544,Mid,-1,1,0
33193,0,0.853936745,34,0,2512.0,5400.0,3,0,1,0,0.0,0.4650990557304203,1005.312362047,Mid,-1,1,0
33200,0,0.589757834,41,0,4202.0,5400.0,13,0,1,0,0.0,0.7780040733197556,1681.1538547004002,Mid,-1,1,0
33209,0,0.122813604,68,0,3774.0,5400.0,8,0,2,0,0.0,0.6987594889835216,1509.6736881624,Senior,-1,1,0
33226,0,0.961038961,33,0,1486.0,5400.0,8,0,0,0,0.0,0.2751342344010368,594.9766233766,Mid,-1,1,0
33238,0,0.506877625,45,0,2460.5,1.0,19,0,4,0,3.0,1230.25,984.504126575,Mid,-1,1,1
33274,0,0.853284861,46,0,3549.0,5400.0,5,0,1,0,0.0,0.6571005369376042,1420.1119709166,Mid,-1,1,0
33293,0,0.972607387,60,1,5482.0,5400.0,23,0,2,0,1.0,1.0149972227365305,2193.3835644322003,Senior,-1,1,0
33306,0,0.269058449,80,0,2989.0,5400.0,10,0,2,0,0.0,0.5534160340677652,1195.7614350694002,Senior,-1,1,0
33322,0,0.024889603,50,0,4878.0,5400.0,6,0,2,0,0.0,0.9031660803554896,1951.2149337618,Mid,-1,1,0
33326,0,0.551858922,32,0,4633.0,5400.0,6,0,3,0,2.0,0.8578041103499352,1853.5311153532,Mid,-1,1,0
33342,0,0.9999999,82,0,441.0,5400.0,3,0,1,0,0.0,0.0816515460099981,176.99999994,Senior,-1,1,0
33347,0,0.9999999,58,1,1921.0,5400.0,4,0,1,1,0.0,0.3556748750231439,768.9999999400001,Senior,-1,1,0
33352,0,0.038313859,43,0,459.5,1.0,12,0,2,0,2.0,229.75,183.8229883154,Mid,-1,1,0
33373,0,0.09364443,63,0,5009.0,5400.0,13,0,4,0,0.0,0.9274208479911128,2003.656186658,Senior,-1,1,0
33376,0,0.764205512,37,0,1369.0,5400.0,7,0,0,0,2.0,0.2534715793371598,548.0585233072001,Mid,-1,1,0
33393,0,0.108976415,43,0,4449.0,5400.0,7,0,2,0,0.0,0.8237363451212738,1779.665385849,Mid,-1,1,0
33398,0,0.005306668,55,0,3534.0,5400.0,6,0,2,0,0.0,0.6543232734678763,1413.6031840008002,Senior,-1,1,0
33420,1,0.830564784,35,1,1480.0,5400.0,2,0,0,0,0.0,0.2740233290131457,592.4983388704,Mid,-1,1,0
33432,0,0.9999999,39,0,1432.0,5400.0,4,0,1,0,0.0,0.2651360859100166,573.39999994,Mid,-1,1,0
33433,0,0.274175656,64,0,3565.0,5400.0,11,0,1,0,0.0,0.6600629513053138,1426.1645053936,Senior,-1,1,0
33454,0,0.0,46,0,3738.0,5400.0,6,0,1,0,0.0,0.6920940566561747,1495.2,Mid,-1,1,0
33493,0,0.153988737,46,1,5439.0,5400.0,19,0,5,0,0.0,1.0070357341233105,2175.6923932422,Mid,-1,1,0
33537,1,0.647576388,53,1,3957.0,5400.0,13,1,2,0,0.0,0.7326421033142011,1583.1885458328002,Senior,-1,1,0
33538,0,0.9999999,46,0,3571.0,5400.0,4,0,1,0,0.0,0.6611738566932049,1428.9999999400002,Mid,-1,1,0
33543,0,0.9999999,76,0,509.0,5400.0,5,0,1,0,0.0,0.0942418070727643,204.19999994000003,Senior,-1,1,0
33578,0,0.394471439,73,0,2525.0,5400.0,11,0,1,0,0.0,0.4675060174041844,1010.2366828634,Senior,-1,1,0
33607,0,0.0,36,0,3481.0,5400.0,3,0,1,0,0.0,0.644510275874838,1392.4,Mid,-1,1,0
33623,0,0.129821089,50,0,4023.0,5400.0,8,0,1,0,0.0,0.7448620625810035,1609.2778926534002,Mid,-1,1,0
33647,0,0.035586464,63,0,10930.0,5400.0,19,0,5,0,0.0,2.0236993149416773,4372.0213518784,Senior,-1,1,1
33672,0,0.004078271,64,0,4979.0,5400.0,3,0,1,0,0.0,0.9218663210516572,1991.6024469626,Senior,-1,1,0
33679,1,0.747859488,38,0,856.0,1.0,9,0,0,0,0.0,428.0,342.84871569280006,Mid,-1,1,1
33688,0,0.227971843,55,1,6069.0,5400.0,18,0,2,0,1.0,1.1236807998518792,2427.7367831058,Senior,-1,1,0
33690,0,0.14320619,39,0,3383.0,5400.0,8,0,2,0,0.0,0.6263654878726161,1353.285923714,Mid,-1,1,0
33699,0,0.087978874,52,0,6360.0,5400.0,10,0,3,0,0.0,1.1775597111645992,2544.0527873244,Senior,-1,1,0
33718,0,0.773686716,59,0,4354.0,5400.0,6,0,1,1,0.0,0.8061470098129976,1742.0642120296002,Senior,-1,1,0
33738,0,0.274736209,58,1,4421.0,5400.0,15,0,3,0,0.0,0.8185521199777819,1768.5648417254,Senior,-1,1,0
33799,0,0.9999999,41,0,5465.0,5400.0,8,0,2,0,1.0,1.0118496574708389,2186.59999994,Mid,-1,1,0
33819,0,0.9999999,93,0,1974.0,5400.0,1,0,1,0,0.0,0.3654878726161822,790.19999994,Senior,-1,1,0
33824,0,0.9999999,24,0,39.5,1.0,0,0,0,0,0.0,19.75,16.39999994,Young,-1,1,0
33860,0,0.9999999,54,0,3549.0,5400.0,5,0,1,0,0.0,0.6571005369376042,1420.1999999400002,Senior,-1,1,0
33867,0,0.999954361,59,0,5650.0,5400.0,5,0,1,0,2.0,1.046102573597482,2260.5999726166,Senior,-1,1,0
33869,0,0.648868062,78,1,1486.0,5400.0,12,0,1,0,0.0,0.2751342344010368,594.7893208372,Senior,-1,1,0
33875,0,0.019275775,46,0,3821.0,5400.0,8,0,2,0,0.0,0.7074615811886688,1528.4115654650002,Mid,-1,1,0
33917,0,0.254933951,42,0,3620.0,5400.0,9,0,6,1,0.0,0.6702462506943159,1448.1529603706,Mid,-1,1,0
33919,0,0.917016597,67,0,4373.0,5400.0,18,1,2,0,3.0,0.8096648768746528,1749.7502099582,Senior,-1,1,0
33925,0,0.0,46,0,3507.0,5400.0,12,0,1,0,0.0,0.6493241992223663,1402.8000000000002,Mid,-1,1,0
33927,0,0.128705924,45,0,4249.0,5400.0,5,0,2,0,0.0,0.7867061655249028,1699.6772235544,Mid,-1,1,0
33940,0,0.147443201,45,0,5012.0,5400.0,14,0,3,0,1.0,0.9279763006850584,2004.8884659206,Mid,-1,1,0
33950,0,0.006505545,57,0,3624.0,5400.0,18,0,1,0,0.0,0.6709868542862433,1449.603903327,Senior,-1,1,0
33963,0,0.99960016,70,0,1236.0,5400.0,4,0,1,0,0.0,0.228846509905573,494.9997600960001,Senior,-1,1,0
33973,0,0.674991861,32,0,2517.0,5400.0,6,0,2,0,0.0,0.4660248102203295,1007.2049951166,Mid,-1,1,0
33975,0,0.9999999,29,0,862.0,5400.0,2,0,1,0,0.0,0.1596000740603592,345.39999994,Young,-1,1,0
34013,0,0.389553338,49,0,3355.0,5400.0,5,0,1,0,0.0,0.6211812627291242,1342.2337320028,Mid,-1,1,0
34027,0,0.9999999,40,1,2855.0,5400.0,8,0,1,2,0.0,0.5286058137381966,1142.59999994,Mid,-1,1,0
34046,0,0.133312408,33,0,2329.0,5400.0,9,0,2,0,0.0,0.4312164413997408,931.6799874448,Mid,-1,1,0
34054,0,0.9999999,62,0,2102.0,5400.0,5,0,1,0,0.0,0.3891871875578596,841.39999994,Senior,-1,1,0
34071,0,0.865280892,49,0,4056.0,5400.0,13,0,1,0,3.0,0.7509720422144047,1622.9191685352,Mid,-1,1,0
34072,0,0.141950852,73,1,4107.0,5400.0,26,0,2,0,0.0,0.7604147380114794,1642.8851705112002,Senior,-1,1,0
34100,0,0.0,55,0,4391.0,5400.0,9,0,1,0,0.0,0.8129975930383262,1756.4,Senior,-1,1,0
34126,0,0.038999606,59,0,3454.0,5400.0,10,0,1,0,2.0,0.639511201629328,1381.6233997636002,Senior,-1,1,0
34155,0,0.95158648,59,0,6219.0,5400.0,6,0,3,0,0.0,1.1514534345491576,2488.170951888,Senior,-1,1,0
34159,0,0.000249988,56,0,5751.0,5400.0,16,0,3,0,0.0,1.0648028142936494,2300.4001499928,Senior,-1,1,0
34174,0,0.034471545,58,0,3721.0,5400.0,21,0,2,0,2.0,0.6889464913904833,1488.420682927,Senior,-1,1,0
34180,0,0.276186773,44,0,4381.0,5400.0,7,0,2,0,0.0,0.8111460840585076,1752.5657120638,Mid,-1,1,0
34202,0,0.080985587,44,0,8538.0,5400.0,10,0,3,0,0.0,1.5808183669690798,3415.2485913522005,Mid,-1,1,1
34231,1,0.9999999,49,3,2953.0,5400.0,6,2,2,5,0.0,0.5467506017404185,1181.79999994,Mid,-1,1,0
34298,1,0.785474048,34,4,1798.0,5400.0,6,1,0,4,1.0,0.3329013145713757,719.6712844288,Mid,-1,1,0
34332,0,0.9999999,37,0,1325.0,5400.0,2,0,1,0,0.0,0.2453249398259581,530.59999994,Mid,-1,1,0
34335,0,0.221371754,66,0,3659.0,5400.0,8,0,3,0,0.0,0.6774671357156082,1463.7328230524,Senior,-1,1,0
34347,0,0.9999999,58,0,3561.0,5400.0,3,0,1,0,0.0,0.6593223477133864,1424.9999999400002,Senior,-1,1,0
34375,0,0.100855641,46,0,863.0,1.0,6,0,1,0,3.0,431.5,345.2605133846,Mid,-1,1,1
34398,1,0.789601486,61,2,4089.0,5400.0,5,2,1,0,0.0,0.7570820218478059,1636.0737608916002,Senior,-1,1,0
34403,0,0.093912238,64,1,794.0,1.0,8,0,1,0,0.0,397.0,317.6563473428,Senior,-1,1,1
34424,0,0.822227311,59,2,4588.0,5400.0,11,0,1,0,0.0,0.8494723199407517,1835.6933363866,Senior,-1,1,0
34435,0,0.089766299,74,0,3152.0,5400.0,7,0,3,0,0.0,0.5835956304388076,1260.8538597794002,Senior,-1,1,0
34498,0,0.901643726,41,0,2521.0,5400.0,7,0,2,0,0.0,0.466765413812257,1008.9409862356,Mid,-1,1,0
34501,0,0.34633562,56,1,2948.0,5400.0,14,0,1,0,1.0,0.5458248472505092,1179.407801372,Senior,-1,1,0
34529,0,0.268670708,57,0,13796.0,5400.0,7,0,4,0,0.0,2.5543417885576747,5518.5612024248,Senior,-1,1,1
34555,0,0.275606489,63,1,3496.0,5400.0,12,0,2,0,3.0,0.6472875393445658,1398.5653638934,Senior,-1,1,0
34585,0,0.363834642,62,0,3335.0,5400.0,15,0,1,0,0.0,0.6174782447694871,1334.2183007852,Senior,-1,1,0
34599,0,0.936684254,38,3,3116.0,5400.0,22,0,2,0,2.0,0.5769301981114608,1246.9620105524,Mid,-1,1,0
34638,0,0.358856498,40,0,2861.0,5400.0,6,0,2,0,0.0,0.5297167191260878,1144.6153138988002,Mid,-1,1,0
34648,0,0.980557099,43,0,3066.0,5400.0,6,0,1,0,0.0,0.567672653212368,1226.9883342594,Mid,-1,1,0
34661,0,0.056226424,74,0,2522.0,5400.0,5,0,2,0,0.0,0.4669505647102388,1008.8337358544,Senior,-1,1,0
34677,0,0.931041402,46,3,1656.0,5400.0,11,1,1,0,1.0,0.3066098870579522,662.9586248412,Mid,-1,1,0
34680,0,0.161392097,57,0,4593.0,5400.0,20,0,2,0,0.0,0.850398074430661,1837.2968352582,Senior,-1,1,0
34682,0,0.067495153,72,0,2740.0,5400.0,7,0,1,0,0.0,0.5073134604702833,1096.0404970918,Senior,-1,1,0
34703,0,0.9999999,58,0,8010.0,5400.0,9,0,4,0,0.0,1.4830586928346603,3204.59999994,Senior,-1,1,1
34721,0,0.390221489,61,0,5553.0,5400.0,24,0,4,0,3.0,1.028142936493242,2221.4341328934,Senior,-1,1,0
34739,0,0.122080751,68,0,6718.0,5400.0,16,0,2,0,0.0,1.2438437326421032,2687.2732484506005,Senior,-1,1,1
34766,0,0.812700588,36,0,3915.0,5400.0,3,0,1,0,0.0,0.7248657655989632,1566.4876203528,Mid,-1,1,0
34830,0,0.128143883,37,0,2785.0,5400.0,15,0,1,0,0.0,0.5156452508794668,1114.0768863298,Mid,-1,1,0
34852,0,0.9999999,54,1,3722.0,5400.0,4,0,3,0,3.0,0.6891316422884651,1489.3999999400005,Senior,-1,1,0
34868,0,0.029023422,54,0,4238.0,5400.0,17,0,2,0,0.0,0.7846695056471024,1695.2174140532,Senior,-1,1,0
34897,1,0.469312413,61,0,3703.0,5400.0,12,4,1,0,3.0,0.6856137752268099,1481.4815874478,Senior,-1,1,0
34939,0,0.115812846,53,0,4145.0,5400.0,15,0,2,0,0.0,0.7674504721347899,1658.0694877076,Senior,-1,1,0
34977,0,0.144422909,48,0,3288.0,5400.0,6,0,1,0,0.0,0.6087761525643399,1315.2866537454,Mid,-1,1,0
35016,0,0.171982802,40,0,3727.0,5400.0,4,0,1,0,0.0,0.6900573967783744,1490.9031896812005,Mid,-1,1,0
35029,0,0.95255521,59,6,4869.0,5400.0,15,1,2,0,2.0,0.901499722273653,1948.171533126,Senior,-1,1,0
35035,0,0.047847608,67,0,3237.0,5400.0,4,0,2,0,0.0,0.5993334567672653,1294.8287085648,Senior,-1,1,0
35038,1,0.9999999,22,0,533.0,5400.0,2,0,0,0,0.0,0.0986854286243288,213.79999994,Young,-1,1,0
35041,0,0.288632182,44,0,3840.0,5400.0,10,0,1,0,2.0,0.710979448250324,1536.1731793092,Mid,-1,1,0
35053,0,0.405822673,40,0,4097.0,5400.0,5,0,2,0,0.0,0.7585632290316608,1639.0434936038002,Mid,-1,1,0
35064,0,0.017133302,74,0,3416.0,5400.0,23,0,1,0,0.0,0.6324754675060174,1366.4102799812,Senior,-1,1,0
35107,0,0.9999999,35,0,755.0,5400.0,9,0,0,0,0.0,0.1397889279763007,302.59999994,Mid,-1,1,0
35108,1,0.060524337,36,0,5355.0,5400.0,15,0,2,0,2.0,0.9914830586928348,2142.0363146022,Mid,-1,1,0
35124,0,0.333729142,46,0,3893.0,5400.0,5,0,1,0,0.0,0.7207924458433623,1557.4002374852,Mid,-1,1,0
35170,0,0.198025958,75,0,2658.0,5400.0,9,0,1,0,0.0,0.4921310868357711,1063.3188155748,Senior,-1,1,0
35171,0,0.401230683,60,0,3124.0,5400.0,13,0,1,0,0.0,0.5784114052953157,1249.8407384098002,Senior,-1,1,0
35188,0,0.9999999,38,0,3037.0,5400.0,2,0,1,0,0.0,0.5623032771708942,1215.39999994,Mid,-1,1,0
35213,0,0.221078831,62,0,4042.0,5400.0,18,0,2,0,1.0,0.7483799296426588,1616.9326472986002,Senior,-1,1,0
35218,0,0.043519665,45,0,3922.0,5400.0,5,0,2,0,3.0,0.7261618218848361,1568.8261117990005,Mid,-1,1,0
35241,0,0.658805687,52,0,10613.0,5400.0,16,0,1,0,0.0,1.965006480281429,4245.5952834122,Senior,-1,1,1
35242,0,0.074508028,57,0,4794.0,5400.0,4,0,1,0,0.0,0.8876134049250138,1917.6447048168,Senior,-1,1,0
35243,0,0.379480017,34,0,2168.0,5400.0,12,0,1,0,0.0,0.4014071468246621,867.4276880102001,Mid,-1,1,0
35247,1,0.067025238,56,4,3459.0,5400.0,5,3,1,4,2.0,0.6404369561192372,1383.6402151428,Senior,-1,1,0
35255,1,0.669972277,60,6,3343.0,5400.0,26,0,1,0,0.0,0.618959451953342,1337.6019833662,Senior,-1,1,0
35256,0,0.687312445,55,0,4462.0,5400.0,21,0,2,0,0.0,0.826143306795038,1785.212387467,Senior,-1,1,0
35265,0,0.635719233,56,0,11930.0,5400.0,19,0,4,0,0.0,2.208850212923533,4772.3814315398,Senior,-1,1,1
35268,0,0.9999999,69,0,2389.0,5400.0,7,0,1,0,0.0,0.4423254952786521,956.19999994,Senior,-1,1,0
35290,0,0.9999999,73,0,467.0,5400.0,5,0,0,0,0.0,0.0864654693575263,187.39999994,Senior,-1,1,0
35337,0,0.029875068,60,0,4880.0,5400.0,20,0,3,0,0.0,0.9035363821514536,1952.0179250408,Senior,-1,1,0
35347,1,0.249566724,53,0,3175.0,5400.0,6,0,2,0,0.0,0.5878541010923903,1270.1497400344,Senior,-1,1,0
35353,0,0.311380866,37,0,2420.0,5400.0,4,0,1,0,0.0,0.4480651731160896,968.1868285196,Mid,-1,1,0
35358,0,0.020718343,63,1,3771.0,5400.0,7,0,1,5,1.0,0.6982040362895761,1508.4124310058,Senior,-1,1,0
35360,0,0.117525136,51,0,1845.5,1.0,13,0,1,0,2.0,922.75,738.2705150816,Senior,-1,1,1
35370,0,0.035503263,62,0,13526.0,5400.0,26,0,9,0,0.0,2.5043510461025735,5410.4213019578,Senior,-1,1,1
35382,0,0.556226328,77,0,1006.0,5400.0,10,0,0,0,0.0,0.1862618033697463,402.7337357968,Senior,-1,1,0
35389,0,0.0,39,0,3326.0,5400.0,8,0,1,0,1.0,0.6158118866876504,1330.4,Mid,-1,1,0
35398,1,0.814837033,60,0,5857.0,1.0,10,0,7,0,0.0,2928.5,2343.2889022198,Senior,-1,1,1
35426,0,0.029724257,55,0,5483.0,5400.0,12,0,3,0,0.0,1.015182373634512,2193.2178345542,Senior,-1,1,0
35456,0,0.88327069,53,5,5093.0,5400.0,16,1,2,0,1.0,0.9429735234215886,2037.729962414,Senior,-1,1,0
35458,0,0.9999999,43,0,44.33333333,2.0,0,0,0,0,2.0,14.777777776666667,18.333333272,Mid,-1,1,0
35469,0,0.414890262,38,0,546.5,1.0,5,0,0,0,1.0,273.25,218.84893415720003,Mid,-1,1,1
35471,0,0.012499786,49,1,4515.0,5400.0,11,0,2,0,0.0,0.8359563043880763,1806.0074998716,Mid,-1,1,0
35474,1,0.002528493,66,3,4531.0,5400.0,17,0,3,0,0.0,0.8389187187557859,1812.4015170958,Senior,-1,1,0
35487,0,0.9999999,39,0,3061.0,5400.0,7,0,2,0,0.0,0.5667468987224588,1224.9999999400002,Mid,-1,1,0
35498,0,0.378138221,59,0,3530.0,5400.0,12,0,2,0,0.0,0.6535826698759489,1412.2268829326,Senior,-1,1,0
35510,0,0.9999999,71,0,1392.0,5400.0,5,0,1,0,0.0,0.2577300499907424,557.39999994,Senior,-1,1,0
35513,0,0.112726772,46,0,3938.0,5400.0,4,0,1,0,0.0,0.7291242362525459,1575.2676360632,Mid,-1,1,0
35517,0,0.314027742,58,0,6328.0,5400.0,11,0,2,0,0.0,1.1716348824291798,2531.3884166452003,Senior,-1,1,0
35519,0,0.037664881,49,1,3630.0,5400.0,12,0,1,0,0.0,0.6720977596741344,1452.0225989286,Mid,-1,1,0
35523,0,0.9999999,46,0,3738.0,5400.0,2,0,2,0,0.0,0.6920940566561747,1495.79999994,Mid,-1,1,0
35531,0,0.225677432,71,1,5008.0,5400.0,6,0,4,0,0.0,0.9272356970931308,2003.3354064592,Senior,-1,1,0
35533,0,0.0,45,0,563.0,1.0,4,0,1,0,2.0,281.5,225.2,Mid,-1,1,1
35566,0,0.9999999,69,0,2932.0,5400.0,3,0,2,0,0.0,0.5428624328827995,1173.39999994,Senior,-1,1,0
35599,0,0.951309549,67,1,11600.0,5400.0,9,0,2,1,0.0,2.1477504165895205,4640.5707857294,Senior,-1,1,1
35611,0,0.62633527,63,0,2810.0,5400.0,11,0,1,0,0.0,0.5202740233290132,1124.375801162,Senior,-1,1,0
35622,0,0.000576492,41,0,8952.0,5400.0,10,0,1,0,0.0,1.657470838733568,3580.8003458952003,Mid,-1,1,1
35645,0,0.011950473,55,0,3619.0,5400.0,12,0,2,0,0.0,0.670061099796334,1447.6071702838,Senior,-1,1,0
35654,0,0.0,55,1,4656.0,5400.0,8,0,1,0,2.0,0.8620625810035178,1862.4,Senior,-1,1,0
35667,0,0.506483453,58,0,3137.0,5400.0,9,0,1,0,0.0,0.5808183669690798,1255.1038900718002,Senior,-1,1,0
35705,0,0.072936471,54,0,3868.0,5400.0,7,0,2,0,2.0,0.7161636733938159,1547.2437618826,Senior,-1,1,0
35712,0,0.0,42,0,6750.0,5400.0,7,0,3,0,0.0,1.249768561377523,2700.0,Mid,-1,1,1
35717,0,0.542998822,39,0,4182.0,5400.0,8,0,2,0,1.0,0.7743010553601185,1673.1257992932,Mid,-1,1,0
35718,0,0.046073848,36,0,2928.0,5400.0,5,0,1,0,0.0,0.542121829290872,1171.2276443088,Mid,-1,1,0
35727,0,0.35259221,56,0,7094.0,5400.0,11,0,3,0,0.0,1.3134604702832808,2837.8115553260004,Senior,-1,1,1
35769,0,0.204144839,47,1,3398.0,5400.0,16,0,2,0,3.0,0.629142751342344,1359.3224869034,Mid,-1,1,0
35781,0,0.356006086,52,1,4242.0,5400.0,23,0,2,0,2.0,0.7854101092390298,1697.0136036516,Senior,-1,1,0
35787,0,0.9999999,32,0,566.0,5400.0,1,2,0,0,0.0,0.10479540825773,226.99999994,Mid,-1,1,0
35825,0,0.559497413,45,0,3429.0,5400.0,8,0,2,0,2.0,0.6348824291797815,1371.9356984478002,Mid,-1,1,0
35841,0,0.9999999,64,0,3461.0,5400.0,3,0,1,0,0.0,0.6408072579152009,1384.9999999400002,Senior,-1,1,0
35855,1,0.962888145,39,0,1916.0,5400.0,14,0,0,0,3.0,0.3547491205332346,766.9777328870001,Mid,-1,1,0
35856,0,0.120357231,49,1,3377.0,5400.0,13,0,1,0,0.0,0.6252545824847251,1350.8722143386,Mid,-1,1,0
35892,0,0.315020048,35,0,3146.0,5400.0,9,0,2,0,1.0,0.5824847250509165,1258.5890120288002,Mid,-1,1,0
35916,0,0.753549763,47,0,2208.0,5400.0,17,0,2,0,2.0,0.4088131827439363,883.6521298578,Mid,-1,1,0
35919,0,0.110288971,66,0,5979.0,5400.0,6,0,4,0,1.0,1.1070172190335124,2391.6661733826,Senior,-1,1,0
35945,0,0.9999999,57,0,1851.0,5400.0,3,0,2,0,0.0,0.342714312164414,740.9999999400001,Senior,-1,1,0
35964,0,0.9999999,54,0,1706.0,5400.0,1,0,1,0,0.0,0.315867431957045,682.9999999400001,Senior,-1,1,0
35979,0,0.9999999,50,0,2527.0,5400.0,2,0,1,0,0.0,0.4678763192001481,1011.39999994,Mid,-1,1,0
35986,0,0.411193828,36,0,2119.0,5400.0,18,0,0,0,0.0,0.3923347528235512,847.8467162968,Mid,-1,1,0
35999,0,0.9999999,40,0,244.5,1.0,4,0,0,0,0.0,122.25,98.39999994,Mid,-1,1,0
36002,0,0.179341033,31,0,4639.0,5400.0,6,0,2,0,0.0,0.8589150157378264,1855.7076046198,Mid,-1,1,0
36010,0,0.932512649,51,1,4401.0,5400.0,13,0,2,0,4.0,0.8148491020181448,1760.9595075894,Senior,-1,1,0
36015,0,0.842196783,58,3,2612.0,5400.0,14,1,2,1,0.0,0.4836141455286058,1045.3053180698,Senior,-1,1,0
36022,0,0.922498668,56,0,4581.0,5400.0,24,0,1,0,0.0,0.8481762636548787,1832.9534992008,Senior,-1,1,0
36027,1,0.952387177,55,2,2334.0,5400.0,11,0,0,0,3.0,0.4321421958896501,934.1714323062,Senior,-1,1,0
36028,0,0.276085166,29,0,2168.0,5400.0,5,0,1,0,2.0,0.4014071468246621,867.3656510996001,Young,-1,1,0
36034,0,0.181596251,72,0,3548.0,5400.0,22,0,1,2,0.0,0.6569153860396223,1419.3089577506,Senior,-1,1,0
36052,0,0.639627545,70,0,7160.0,5400.0,15,0,5,0,0.0,1.3256804295500833,2864.383776527,Senior,-1,1,1
36060,0,0.457415446,36,0,3532.0,5400.0,9,0,1,0,2.0,0.6539529716719126,1413.0744492676,Mid,-1,1,0
36082,1,0.9999999,32,1,628.0,5400.0,2,0,0,1,0.0,0.116274763932605,251.79999994,Mid,-1,1,0
36118,0,0.252604241,53,0,7040.0,5400.0,25,0,3,0,0.0,1.3034623217922607,2816.1515625446,Senior,-1,1,1
36141,0,0.027230842,66,0,4072.0,5400.0,8,0,1,0,0.0,0.7539344565821144,1628.8163385052003,Senior,-1,1,0
36208,0,0.054071164,68,0,3414.0,5400.0,11,0,1,1,0.0,0.6321051657100537,1365.6324426984002,Senior,-1,1,0
36240,0,0.004208628,37,1,3077.0,5400.0,6,0,1,0,0.0,0.5697093130901685,1230.8025251768,Mid,-1,1,0
36273,0,0.032299675,67,0,5875.0,5400.0,9,0,4,0,0.0,1.0877615256433997,2350.019379805,Senior,-1,1,0
36277,0,0.455413615,71,0,2407.0,5400.0,8,0,2,0,0.0,0.4456582114423255,963.073248169,Senior,-1,1,0
36290,1,0.987636364,41,0,1673.0,5400.0,5,0,1,0,2.0,0.3097574523236437,669.7925818184001,Mid,-1,1,0
36329,0,0.929545756,36,0,1950.0,5400.0,6,0,1,0,0.0,0.3610442510646177,780.5577274536,Mid,-1,1,0
36361,0,0.843156843,26,1,1168.0,5400.0,4,0,1,0,0.0,0.2162562488428069,467.7058941058,Young,-1,1,0
36378,1,0.720060856,27,2,634.0,5400.0,3,0,0,2,0.0,0.1173856693204962,254.0320365136,Young,-1,1,0
36397,0,0.115437458,40,0,4472.0,5400.0,11,0,2,0,1.0,0.8279948157748566,1788.8692624748005,Mid,-1,1,0
36421,0,0.0,49,0,4434.0,5400.0,6,0,2,0,0.0,0.820959081651546,1773.6,Mid,-1,1,0
36456,0,0.9999999,32,0,812.0,1.0,11,2,0,3,0.0,406.0,325.39999994,Mid,-1,1,1
36471,0,0.216335316,74,0,5778.0,5400.0,12,0,2,0,0.0,1.0698018885391594,2311.3298011896004,Senior,-1,1,0
36500,0,0.9999999,23,0,370.0,5400.0,3,0,0,0,0.0,0.0685058322532864,148.59999994,Young,-1,1,0
36513,0,0.847516394,60,0,3666.0,5400.0,10,0,1,0,1.0,0.6787631920014812,1466.9085098364,Senior,-1,1,0
36515,0,0.976695428,27,0,2175.0,5400.0,11,0,0,0,0.0,0.4027032031105351,870.5860172568,Young,-1,1,0
36519,0,0.968864701,41,1,1497.0,5400.0,4,3,0,0,2.0,0.2771708942788372,599.3813188206001,Mid,-1,1,0
36527,0,0.85693321,38,0,1970.0,5400.0,9,0,0,0,2.0,0.3647472690242547,788.514159926,Mid,-1,1,0
36536,0,0.00077271,51,0,3551.0,5400.0,7,0,2,0,0.0,0.6574708387335678,1420.400463626,Senior,-1,1,0
36541,0,0.113934462,41,0,6753.0,5400.0,8,0,1,0,0.0,1.2503240140714682,2701.2683606772,Mid,-1,1,1
36542,0,0.017288121,69,0,3672.0,5400.0,12,0,3,0,0.0,0.6798740973893723,1468.8103728726005,Senior,-1,1,0
36550,0,0.010262129,76,0,2440.0,5400.0,26,0,2,0,0.0,0.4517681910757267,976.0061572774,Senior,-1,1,0
36579,0,0.357611274,60,0,5336.0,5400.0,9,0,2,0,0.0,0.9879651916311796,2134.6145667644,Senior,-1,1,0
36601,0,0.001782366,65,0,326442.0,5400.0,6,0,1,0,0.0,60.44102943899278,130576.8010694196,Senior,-1,1,1
36620,0,0.0,43,0,4265.0,5400.0,6,0,2,0,0.0,0.7896685798926125,1706.0,Mid,-1,1,0
36634,0,0.9999999,63,0,3615.0,5400.0,6,0,4,0,0.0,0.6693204962044066,1446.59999994,Senior,-1,1,0
36667,0,0.616923765,40,0,43843.0,5400.0,14,0,1,0,0.0,8.117570820218479,17537.570154259,Mid,-1,1,1
36720,1,0.0,61,0,3882.0,5400.0,16,0,2,0,0.0,0.7187557859655619,1552.8000000000002,Senior,-1,1,0
36746,0,0.088786568,46,0,5488.0,5400.0,3,0,2,0,0.0,1.0161081281244213,2195.2532719408005,Mid,-1,1,0
36748,0,0.118107025,46,0,9773.0,5400.0,11,0,3,0,0.0,1.809479725976671,3909.270864215,Mid,-1,1,1
36758,0,0.526899215,65,0,5919.0,5400.0,9,0,2,0,0.0,1.095908165154601,2367.916139529,Senior,-1,1,0
36825,0,0.776801657,44,0,2101.0,5400.0,5,1,1,0,3.0,0.3890020366598778,840.8660809942,Mid,-1,1,0
36834,0,0.023977338,68,0,42.0,1.0,7,0,0,0,0.0,21.0,16.8143864028,Senior,-1,1,0
36839,0,0.9999999,50,0,7811.0,5400.0,3,0,1,0,0.0,1.446213664136271,3124.99999994,Mid,-1,1,1
36894,0,0.0,64,0,12801.0,5400.0,5,0,1,0,0.0,2.3701166450657287,5120.400000000001,Senior,-1,1,1
36896,0,0.532434287,53,0,4655.0,5400.0,17,0,2,0,0.0,0.861877430105536,1862.3194605722,Senior,-1,1,0
36925,0,0.027105927,64,0,4412.0,5400.0,7,0,2,0,2.0,0.8168857618959452,1764.8162635562005,Senior,-1,1,0
36927,0,0.418779061,42,0,6973.0,5400.0,9,0,2,0,0.0,1.2910572116274763,2789.4512674366,Mid,-1,1,1
36943,0,0.044535662,46,0,4207.0,5400.0,12,0,4,0,0.0,0.7789298278096649,1682.8267213972,Mid,-1,1,0
36949,0,0.646232439,42,1,4438.0,5400.0,13,0,2,0,2.0,0.8216996852434735,1775.5877394634,Mid,-1,1,0
36969,0,0.247690814,45,0,3222.0,5400.0,17,0,1,0,0.0,0.5965561932975375,1288.9486144884002,Mid,-1,1,0
36994,0,0.696367294,28,0,855.0,5400.0,6,0,0,0,3.0,0.1583040177744862,342.4178203764,Young,-1,1,0
36997,0,0.144308161,52,0,3326.0,5400.0,13,0,3,0,0.0,0.6158118866876504,1330.4865848966,Senior,-1,1,0
37009,0,0.9999999,55,0,3235.0,5400.0,5,0,2,0,0.0,0.5989631549713016,1294.59999994,Senior,-1,1,0
37016,0,0.9999999,45,0,6768.0,5400.0,6,0,2,0,0.0,1.253101277541196,2707.7999999400004,Mid,-1,1,1
37046,0,0.269899532,47,0,779.5,1.0,4,0,1,0,3.0,389.75,311.9619397192,Mid,-1,1,1
37057,0,0.221487427,67,0,2926.0,5400.0,10,0,1,0,1.0,0.5417515274949084,1170.5328924562,Senior,-1,1,0
37079,0,0.0,83,0,0.0,629000.0,3,0,0,0,0.0,0.0,0.0,Senior,-1,1,1
37109,0,0.017228074,87,0,8648.0,5400.0,19,0,10,0,0.0,1.6011849657470838,3459.2103368444004,Senior,-1,1,1
37145,0,0.933358016,54,1,4614.0,5400.0,6,1,1,1,0.0,0.85428624328828,1846.1600148096,Senior,-1,1,0
37149,0,0.915694768,48,0,7636.0,5400.0,3,0,2,0,2.0,1.4138122569894465,3054.9494168608003,Mid,-1,1,1
37158,0,0.324558323,44,0,5197.0,5400.0,14,0,4,0,1.0,0.9622292168117016,2078.9947349938,Mid,-1,1,0
37207,0,0.670133195,41,1,2720.0,5400.0,5,0,1,0,0.0,0.5036104425106461,1088.402079917,Mid,-1,1,0
37335,0,0.524108721,66,0,1025.5,1.0,7,0,1,0,0.0,512.75,410.51446523260006,Senior,-1,1,1
37342,0,0.955522239,55,1,2254.0,5400.0,7,1,1,1,0.0,0.4173301240511016,902.1733133434,Senior,-1,1,0
37400,0,0.013649318,47,0,6188.0,5400.0,3,0,2,0,0.0,1.1457137567117202,2475.2081895908004,Mid,-1,1,0
37412,0,0.003448038,67,0,4731.0,5400.0,10,0,2,0,0.0,0.8759488983521571,1892.4020688228,Senior,-1,1,0
37414,0,0.249772137,48,0,4338.0,5400.0,14,0,2,0,1.0,0.8031845954452879,1735.3498632822,Mid,-1,1,0
37416,0,0.224297621,61,0,4579.0,5400.0,9,0,2,0,0.0,0.847805961858915,1831.7345785726,Senior,-1,1,0
37417,0,0.128623407,56,0,3372.0,5400.0,15,0,2,0,0.0,0.6243288279948158,1348.8771740442005,Senior,-1,1,0
37442,0,0.184616965,55,0,476.5,1.0,8,1,1,0,1.0,238.25,190.71077017900004,Senior,-1,1,0
37530,0,0.148850055,70,0,3207.0,5400.0,13,0,2,0,0.0,0.5937789298278097,1282.889310033,Senior,-1,1,0
37537,0,0.529635164,45,0,3883.0,5400.0,17,0,0,0,0.0,0.7189409368635438,1553.5177810984,Mid,-1,1,0
37548,0,0.9999999,26,0,458.0,5400.0,2,0,0,0,0.0,0.0847991112756896,183.79999994,Young,-1,1,0
37599,0,0.455560602,56,0,2732.0,5400.0,12,0,1,0,0.0,0.5058322532864284,1093.0733363612,Senior,-1,1,0
37619,0,0.976682212,39,0,3416.0,5400.0,10,0,2,0,0.0,0.6324754675060174,1366.9860093272,Mid,-1,1,0
37629,0,0.866551668,63,0,9641.0,5400.0,11,0,2,0,0.0,1.785039807443066,3856.9199310008,Senior,-1,1,1
37668,0,0.234070637,52,0,4775.0,5400.0,12,0,3,0,0.0,0.8840955378633586,1910.1404423822,Senior,-1,1,0
37761,0,0.022127625,61,0,7134.0,5400.0,8,0,5,0,0.0,1.320866506202555,2853.6132765750003,Senior,-1,1,1
37771,0,0.32345483,91,0,2860.0,5400.0,11,0,4,0,0.0,0.5295315682281059,1144.194072898,Senior,-1,1,0
37790,0,0.367155961,31,0,2330.0,5400.0,12,0,1,0,0.0,0.4314015922977226,932.2202935766,Mid,-1,1,0
37796,0,0.837751026,66,0,2057.0,5400.0,6,0,0,0,1.0,0.3808553971486761,823.3026506156001,Senior,-1,1,0
37817,0,0.139080204,27,0,182.0,1.0,5,0,0,0,0.0,91.0,72.8834481224,Young,-1,1,0
37841,0,0.013722647,69,0,5968.0,5400.0,16,0,3,0,0.0,1.1049805591557118,2387.2082335882,Senior,-1,1,0
37849,0,0.097448879,50,0,3350.0,5400.0,7,0,1,0,0.0,0.6202555082392149,1340.0584693274,Mid,-1,1,0
37918,0,0.447846997,65,0,3986.0,5400.0,8,0,1,0,0.0,0.7380114793556749,1594.6687081982002,Senior,-1,1,0
37944,0,0.319699572,55,0,4603.0,5400.0,10,0,2,0,3.0,0.8522495834104795,1841.3918197432,Senior,-1,1,0
37954,1,0.9999999,51,0,2025.0,5400.0,5,3,0,0,0.0,0.3749305684132568,810.59999994,Senior,-1,1,0
37958,0,0.484956224,61,0,3674.0,5400.0,12,0,3,0,0.0,0.6802443991853361,1469.8909737344002,Senior,-1,1,0
37959,0,0.946147822,33,0,1323.0,5400.0,7,1,0,0,2.0,0.2449546380299944,529.7676886932001,Mid,-1,1,0
38008,0,0.601098604,49,1,3325.0,5400.0,18,0,2,0,2.0,0.6156267357896685,1330.3606591624,Mid,-1,1,0
38027,0,0.395097499,57,1,4936.0,5400.0,15,0,2,0,2.0,0.9139048324384372,1974.6370584994,Senior,-1,1,0
38048,0,0.9999999,29,1,2879.0,5400.0,6,0,2,0,1.0,0.5330494352897611,1152.1999999400002,Young,-1,1,0
38058,0,0.9999999,51,0,1467.0,5400.0,8,0,1,0,0.0,0.2716163673393816,587.39999994,Senior,-1,1,0
38114,0,0.9999999,37,0,3368.0,5400.0,4,0,2,0,0.0,0.6235882244028883,1347.79999994,Mid,-1,1,0
38115,0,0.326419387,52,0,4885.0,5400.0,9,0,2,0,1.0,0.9044621366413628,1954.1958516322,Senior,-1,1,0
38124,0,0.112672183,69,0,68.5,1.0,4,0,0,0,0.0,34.25,27.4676033098,Senior,-1,1,0
38127,0,0.0,29,0,2658.0,5400.0,3,0,1,0,0.0,0.4921310868357711,1063.2,Young,-1,1,0
38133,0,0.012499432,58,0,3543.0,5400.0,8,0,3,0,0.0,0.655989631549713,1417.2074996592,Senior,-1,1,0
38137,0,0.900563534,72,1,1459.0,5400.0,5,0,1,0,0.0,0.2701351601555267,584.1403381204,Senior,-1,1,0
38138,0,0.268080256,42,0,5030.0,5400.0,7,0,2,0,0.0,0.9313090168487316,2012.1608481536,Mid,-1,1,0
38141,0,0.749774815,56,0,2198.0,5400.0,8,1,1,0,0.0,0.4069616737641177,879.649864889,Senior,-1,1,0
38190,0,0.768010694,44,0,5869.0,5400.0,14,0,1,0,0.0,1.0866506202555082,2348.0608064164,Mid,-1,1,0
38233,1,0.206251902,38,0,4688.0,5400.0,11,0,4,0,0.0,0.8679874097389373,1875.3237511412,Mid,-1,1,0
38246,0,0.604008283,57,0,3580.0,5400.0,8,0,2,0,0.0,0.6628402147750416,1432.3624049698,Senior,-1,1,0
38260,0,0.051419048,37,0,3205.0,5400.0,4,0,1,0,0.0,0.5934086280318459,1282.0308514288,Mid,-1,1,0
38281,0,0.464642494,50,0,4171.0,5400.0,13,0,2,0,0.0,0.7722643954823181,1668.6787854964,Mid,-1,1,0
38331,0,0.180382513,60,0,3518.0,5400.0,11,0,1,0,1.0,0.6513608591001666,1407.3082295078,Senior,-1,1,0
38382,1,0.01408411,52,0,3577.0,5400.0,5,0,2,0,0.0,0.6622847620810961,1430.8084504660003,Senior,-1,1,0
38395,0,0.9999999,60,0,1696.5,1.0,4,0,1,0,0.0,848.25,679.19999994,Senior,-1,1,1
38438,0,0.003945664,42,0,2860.0,5400.0,8,0,2,0,0.0,0.5295315682281059,1144.0023673984,Mid,-1,1,0
38467,0,0.9999999,62,0,1586.0,5400.0,3,0,1,0,0.0,0.2936493241992223,634.9999999400001,Senior,-1,1,0
38478,0,0.004338105,38,0,3398.0,5400.0,12,0,1,0,0.0,0.629142751342344,1359.202602863,Mid,-1,1,0
38515,1,0.9999999,49,2,2808.0,5400.0,5,2,1,1,0.0,0.5199037215330494,1123.79999994,Mid,-1,1,0
38544,0,0.001197392,72,0,3830.0,5400.0,9,0,3,0,0.0,0.7091279392705054,1532.0007184352,Senior,-1,1,0
38553,0,0.0,53,0,5581.0,5400.0,7,0,2,0,0.0,1.033327161636734,2232.4,Senior,-1,1,0
38573,0,0.260467442,31,1,2564.0,5400.0,6,0,1,0,1.0,0.4747269024254767,1025.7562804652002,Mid,-1,1,0
38580,0,0.147277607,63,0,4324.0,5400.0,10,0,2,0,0.0,0.8005924828735419,1729.6883665642,Senior,-1,1,0
38612,0,0.048625334,66,0,4715.0,5400.0,7,0,2,0,0.0,0.8729864839844473,1886.0291752004,Senior,-1,1,0
38619,1,0.680995119,54,2,3450.0,5400.0,10,3,1,1,0.0,0.6387705980374004,1380.4085970714,Senior,-1,1,0
38636,0,0.9999999,56,0,3050.0,5400.0,6,0,2,0,0.0,0.5647102388446584,1220.59999994,Senior,-1,1,0
38646,0,0.577366505,51,1,4320.0,5400.0,9,0,2,0,0.0,0.7998518792816145,1728.346419903,Senior,-1,1,0
38647,0,0.9999999,58,0,1531.0,5400.0,2,0,1,0,0.0,0.2834660248102203,612.99999994,Senior,-1,1,0
38650,0,0.03531581,28,0,3886.0,5400.0,10,0,2,0,1.0,0.7194963895574894,1554.421189486,Young,-1,1,0
38658,0,0.621413889,78,0,4865.0,5400.0,16,0,2,0,0.0,0.9007591186817256,1946.3728483334,Senior,-1,1,0
38669,0,0.806043102,63,0,2693.0,5400.0,9,0,1,0,0.0,0.4986113682651361,1077.6836258612,Senior,-1,1,0
38670,0,0.593511227,61,0,4714.0,5400.0,10,0,2,0,0.0,0.8728013330864655,1885.9561067362,Senior,-1,1,0
38687,0,0.77849772,56,2,8945.0,5400.0,12,0,4,0,2.0,1.656174782447695,3578.467098632,Senior,-1,1,1
38706,0,0.549535635,64,0,2978.0,5400.0,28,0,0,0,2.0,0.5513793741899649,1191.529721381,Senior,-1,1,0
38734,0,0.863190683,58,0,2938.0,5400.0,17,0,1,0,0.0,0.5439733382706906,1175.7179144098,Senior,-1,1,0
38744,1,0.9999999,48,4,2665.0,5400.0,5,1,4,0,0.0,0.4934271431216441,1066.59999994,Mid,-1,1,0
38754,0,0.99266359,45,2,6265.0,5400.0,15,0,1,0,2.0,1.159970375856323,2506.595598154,Mid,-1,1,0
38793,0,0.875656391,53,0,2695.0,5400.0,11,0,1,0,0.0,0.4989816700610998,1078.5253938346,Senior,-1,1,0
38803,0,0.947670155,42,0,1463.0,5400.0,5,0,0,0,0.0,0.2708757637474542,585.768602093,Mid,-1,1,0
38875,0,0.154407154,65,0,3221.0,5400.0,15,0,1,0,1.0,0.5963710423995556,1288.4926442924002,Senior,-1,1,0
38893,0,0.9999999,68,0,4047.0,5400.0,4,0,3,0,0.0,0.749305684132568,1619.3999999400005,Senior,-1,1,0
38894,0,0.00934742,80,0,4766.0,5400.0,5,0,1,0,0.0,0.8824291797815219,1906.405608452,Senior,-1,1,0
38911,0,0.431120033,62,0,4640.0,5400.0,11,0,2,0,0.0,0.8591001666358082,1856.2586720198,Senior,-1,1,0
38946,0,0.033550527,68,0,3416.0,5400.0,9,0,2,0,0.0,0.6324754675060174,1366.4201303162,Senior,-1,1,0
38959,0,0.960712529,52,1,6766.0,5400.0,8,0,1,0,0.0,1.2527309757452323,2706.9764275174,Senior,-1,1,1
38978,0,0.510343674,76,0,2049.0,5400.0,8,0,1,0,0.0,0.3793741899648213,819.9062062044001,Senior,-1,1,0
38981,0,0.0,43,0,5101.0,5400.0,7,0,2,0,1.0,0.9444547306054434,2040.4,Mid,-1,1,0
38985,0,0.715399714,55,0,3443.0,5400.0,7,0,2,0,0.0,0.6374745417515275,1377.6292398284,Senior,-1,1,0
39107,0,0.379175422,53,0,3780.0,5400.0,3,0,1,0,0.0,0.6998703943714127,1512.2275052532,Senior,-1,1,0
39111,0,0.000706134,47,0,3633.0,5400.0,11,0,2,0,3.0,0.67265321236808,1453.2004236804,Mid,-1,1,0
39122,0,0.0,30,0,2768.0,5400.0,8,0,1,0,0.0,0.5124976856137752,1107.2,Young,-1,1,0
39148,0,0.955948489,57,0,2400.0,5400.0,9,0,1,0,0.0,0.4443621551564525,960.5735690934,Senior,-1,1,0
39152,0,0.869626075,48,0,2252.0,5400.0,6,0,1,0,0.0,0.4169598222551379,901.321775645,Mid,-1,1,0
39222,0,0.102985812,58,0,4293.0,5400.0,6,0,2,0,0.0,0.7948528050361044,1717.2617914872,Senior,-1,1,0
39266,1,0.999336524,57,0,5021.0,5400.0,11,0,2,0,0.0,0.929642658766895,2008.9996019144,Senior,-1,1,0
39285,0,0.205480815,60,0,3322.0,5400.0,11,0,2,0,0.0,0.615071283095723,1328.9232884890002,Senior,-1,1,0
39290,0,0.474880635,70,0,2792.0,5400.0,10,0,1,0,0.0,0.5169413071653397,1117.084928381,Senior,-1,1,0
39308,0,0.403195765,76,0,2662.0,5400.0,10,0,2,0,0.0,0.4928716904276985,1065.041917459,Senior,-1,1,0
39324,0,0.974146395,61,0,2567.0,5400.0,6,0,1,0,1.0,0.4752823551194223,1027.384487837,Senior,-1,1,0
39334,0,0.015368278,44,0,3244.0,5400.0,6,0,1,0,0.0,0.6006295130531383,1297.6092209668002,Mid,-1,1,0
39348,0,0.45982346,53,0,2761.0,5400.0,14,0,1,0,0.0,0.5112016293279023,1104.675894076,Senior,-1,1,0
39359,0,0.226444203,38,0,7722.0,5400.0,6,0,4,0,0.0,1.429735234215886,3088.9358665218,Mid,-1,1,1
39365,0,0.0,40,0,2935.0,5400.0,20,0,2,0,1.0,0.5434178855767451,1174.0,Mid,-1,1,0
39371,0,0.9999999,46,0,4269.0,5400.0,6,0,3,0,1.0,0.7904091834845399,1708.1999999400002,Mid,-1,1,0
39373,0,0.95646403,44,2,4030.0,5400.0,7,0,1,2,0.0,0.7461581188668766,1612.573878418,Mid,-1,1,0
39401,0,0.67044984,49,0,2994.0,5400.0,13,1,1,0,0.0,0.5543417885576745,1198.002269904,Mid,-1,1,0
39406,0,0.281422547,45,0,249.0,1.0,5,0,1,0,1.0,124.5,99.7688535282,Mid,-1,1,0
39445,0,0.0,58,0,33448.0,5400.0,28,0,4,0,0.0,6.192927235697093,13379.2,Senior,-1,1,1
39459,1,0.833138638,48,0,2204.0,5400.0,8,2,1,0,0.0,0.4080725791520089,882.0998831828,Mid,-1,1,0
39522,0,0.033457249,63,0,7331.0,5400.0,12,0,3,0,0.0,1.3573412331049806,2932.4200743494,Senior,-1,1,1
39523,0,0.362937188,64,3,4492.0,5400.0,15,0,2,0,0.0,0.8316978337344936,1797.0177623128002,Senior,-1,1,0
39526,0,0.965847971,39,0,2874.0,5400.0,7,0,1,0,0.0,0.5321236807998518,1150.1795087826,Mid,-1,1,0
39528,0,0.592861259,62,4,3521.0,5400.0,16,1,3,0,0.0,0.6519163117941122,1408.7557167554,Senior,-1,1,0
39549,0,0.001070304,48,0,3295.0,5400.0,4,0,1,0,0.0,0.610072208850213,1318.0006421824,Mid,-1,1,0
39550,0,0.479011409,57,0,3800.0,5400.0,14,0,2,0,0.0,0.7035734123310498,1520.2874068454,Senior,-1,1,0
39562,0,0.156580292,39,1,19153.0,5400.0,19,0,13,0,0.0,3.546195149046473,7661.293948175201,Mid,-1,1,1
39576,0,0.9999999,68,0,4255.0,5400.0,5,0,3,0,0.0,0.787817070912794,1702.59999994,Senior,-1,1,0
39580,0,0.879272445,43,0,3789.0,5400.0,9,0,2,0,2.0,0.7015367524532494,1516.127563467,Mid,-1,1,0
39592,0,0.011573017,42,0,5661.0,5400.0,6,0,2,0,0.0,1.0481392334752824,2264.4069438102,Mid,-1,1,0
39610,0,0.75595289,55,0,3657.0,5400.0,8,0,1,0,1.0,0.6770968339196445,1463.2535717340002,Senior,-1,1,0
39627,0,0.497500833,24,0,26.0,1.0,4,0,0,0,0.0,13.0,10.6985004998,Young,-1,1,0
39631,0,0.000764941,73,0,15893.0,5400.0,12,0,7,0,0.0,2.942603221625625,6357.2004589646,Senior,-1,1,1
39642,0,0.064355126,37,0,2892.0,5400.0,8,0,2,0,0.0,0.5354563969635253,1156.8386130756,Mid,-1,1,0
39727,0,0.030083262,70,0,4116.0,5400.0,9,0,1,0,0.0,0.7620810960933161,1646.4180499572,Senior,-1,1,0
39740,1,0.014599416,42,1,2563.0,1.0,17,1,1,0,2.0,1281.5,1025.2087596496,Mid,-1,1,1
39747,0,0.190376609,50,0,3552.0,5400.0,10,0,2,0,1.0,0.6576559896315497,1420.9142259654002,Mid,-1,1,0
39761,0,0.9999999,71,0,1935.0,5400.0,3,0,1,0,0.0,0.3582669875948898,774.59999994,Senior,-1,1,0
39822,0,0.119788252,61,0,3524.0,5400.0,12,0,3,0,0.0,0.6524717644880578,1409.6718729512002,Senior,-1,1,0
39824,0,0.864114959,40,0,2080.0,5400.0,7,0,1,0,0.0,0.3851138678022588,832.5184689754,Mid,-1,1,0
39827,0,0.916566675,41,0,2131.0,5400.0,4,0,1,0,1.0,0.3945565635993334,852.9499400050001,Mid,-1,1,0
39832,0,0.351913573,32,0,2265.0,5400.0,13,0,2,0,0.0,0.419366783928902,906.2111481438,Mid,-1,1,0
39880,0,0.514779784,64,0,3358.0,5400.0,17,0,1,0,1.0,0.6217367154230699,1343.5088678704,Senior,-1,1,0
39931,0,0.774586901,60,0,8809.0,5400.0,13,0,3,0,0.0,1.6309942603221623,3524.0647521406004,Senior,-1,1,1
39948,0,0.380239765,66,0,4014.0,5400.0,17,0,1,0,0.0,0.7431957044991668,1605.8281438590002,Senior,-1,1,0
39958,0,0.16010105,53,0,7539.0,5400.0,6,0,3,0,0.0,1.3958526198852064,3015.6960606300004,Senior,-1,1,1
39999,0,0.9999999,23,0,557.0,5400.0,1,0,0,0,0.0,0.1031290501758933,223.39999994,Young,-1,1,0
40011,1,0.102561886,73,0,2337.0,5400.0,9,0,1,0,2.0,0.4326976485835956,934.8615371316,Senior,-1,1,0
40015,0,0.46458502,63,0,5164.0,5400.0,8,1,1,0,0.0,0.9561192371783004,2065.878751012,Senior,-1,1,0
40018,0,0.223843918,54,0,4720.0,5400.0,14,0,5,0,0.0,0.8739122384743566,1888.1343063508,Senior,-1,1,0
40030,0,0.057038859,53,0,4226.0,5400.0,11,0,4,0,0.0,0.7824476948713202,1690.4342233154,Senior,-1,1,0
40038,1,0.466800284,46,2,3165.0,5400.0,13,0,2,0,0.0,0.5860025921125718,1266.2800801704,Mid,-1,1,0
40056,0,0.194023928,82,0,2303.0,5400.0,11,0,1,0,0.0,0.4264025180522126,921.3164143568,Senior,-1,1,0
40083,1,0.733362474,46,0,93.0,4.0,5,0,0,0,1.0,18.6,37.640017484400005,Mid,-1,1,0
40093,0,0.900625466,58,0,8358.0,5400.0,14,0,4,0,1.0,1.547491205332346,3343.7403752796004,Senior,-1,1,1
40112,0,0.972471108,65,0,1583.0,5400.0,9,0,1,0,0.0,0.2930938715052768,633.7834826648001,Senior,-1,1,0
40132,0,0.080374183,72,0,2694.0,5400.0,6,0,1,0,0.0,0.4987965191631179,1077.6482245098002,Senior,-1,1,0
40177,0,0.9999999,50,0,1832.0,5400.0,4,0,2,0,0.0,0.3391964451027587,733.39999994,Mid,-1,1,0
40185,1,0.508166969,29,0,2556.0,5400.0,6,0,2,0,0.0,0.4732456952416219,1022.7049001814,Young,-1,1,0
40232,0,0.357768191,42,0,2490.0,5400.0,11,0,1,0,0.0,0.4610257359748195,996.2146609146,Mid,-1,1,0
40248,0,0.186206479,65,0,7661.0,5400.0,10,0,4,0,0.0,1.4184410294389929,3064.5117238874,Senior,-1,1,1
40309,0,0.484953758,71,0,3209.0,5400.0,8,0,1,0,1.0,0.5941492316237734,1283.8909722548,Senior,-1,1,0
40310,0,0.11249178,69,1,4710.0,5400.0,13,0,3,0,1.0,0.8720607294945381,1884.067495068,Senior,-1,1,0
40334,0,0.0,60,0,3930.0,5400.0,5,0,2,0,0.0,0.7276430290686909,1572.0,Senior,-1,1,0
40335,0,0.137285576,70,0,5669.0,5400.0,7,0,1,0,0.0,1.0496204406591372,2267.6823713456,Senior,-1,1,0
40336,0,0.09089697,62,0,4620.0,5400.0,8,0,2,0,0.0,0.8553971486761711,1848.054538182,Senior,-1,1,0
40338,0,0.008418334,47,0,5753.0,5400.0,10,0,2,0,0.0,1.065173116089613,2301.2050510004,Mid,-1,1,0
40392,0,0.362911692,68,0,3125.0,5400.0,13,0,1,0,0.0,0.5785965561932975,1250.2177470152,Senior,-1,1,0
40395,0,0.529602403,52,0,2708.0,5400.0,13,0,1,0,1.0,0.5013886317348639,1083.5177614418,Senior,-1,1,0
40404,0,0.057917683,52,0,3808.0,5400.0,7,0,2,0,0.0,0.7050546195149047,1523.2347506098,Senior,-1,1,0
40451,0,0.353563905,67,0,3283.0,5400.0,12,0,1,0,0.0,0.6078503980744306,1313.4121383430002,Senior,-1,1,0
40496,0,0.192846006,52,0,4783.0,5400.0,11,0,2,0,1.0,0.8855767450472135,1913.3157076036,Senior,-1,1,0
40500,0,0.163851335,63,0,4694.0,5400.0,17,0,3,0,0.0,0.8690983151268283,1877.698310801,Senior,-1,1,0
40521,0,0.151621385,43,0,3492.0,5400.0,11,0,2,0,0.0,0.6465469357526384,1396.8909728310002,Mid,-1,1,0
40545,0,0.61675017,53,0,3398.0,5400.0,7,0,1,0,0.0,0.629142751342344,1359.570050102,Senior,-1,1,0
40548,0,0.945763559,62,2,1913.0,5400.0,10,0,1,0,0.0,0.354193667839289,765.7674581354,Senior,-1,1,0
40619,0,0.397135378,61,0,3346.0,5400.0,6,0,1,0,2.0,0.6195149046472875,1338.6382812268,Senior,-1,1,0
40664,0,0.321011923,37,0,3702.0,5400.0,12,0,2,0,0.0,0.685428624328828,1480.9926071538002,Mid,-1,1,0
40691,0,0.944042165,54,1,2546.0,5400.0,11,0,2,0,2.0,0.4713941862618033,1018.966425299,Senior,-1,1,0
40693,0,0.0,61,0,4770.0,5400.0,8,0,1,0,1.0,0.8831697833734493,1908.0,Senior,-1,1,0
40726,0,0.17784575,65,2,4624.0,5400.0,11,0,2,0,0.0,0.8561377522680985,1849.70670745,Senior,-1,1,0
40755,0,0.963276066,48,0,2507.0,5400.0,5,0,1,0,0.0,0.464173301240511,1003.3779656396,Mid,-1,1,0
40770,0,0.952852357,48,0,2657.0,5400.0,6,0,2,0,0.0,0.4919459359377893,1063.3717114142,Mid,-1,1,0
40794,0,0.9999999,56,0,1681.0,5400.0,3,0,2,0,0.0,0.3112386595074986,672.9999999400001,Senior,-1,1,0
40821,0,0.971617568,77,0,1763.0,5400.0,6,0,1,0,0.0,0.3264210331420107,705.7829705408001,Senior,-1,1,0
40865,0,0.497375573,46,0,3374.0,5400.0,23,0,2,0,1.0,0.6246991297907795,1349.8984253438002,Mid,-1,1,0
40893,0,0.017049148,60,1,5813.0,5400.0,11,0,2,0,1.0,1.0762821699685243,2325.2102294888005,Senior,-1,1,0
40908,0,0.018925906,64,0,1305.0,1.0,6,0,1,0,0.0,652.5,522.0113555436,Senior,-1,1,1
40924,0,0.0339983,48,0,4273.0,5400.0,8,0,2,0,0.0,0.7911497870764673,1709.22039898,Mid,-1,1,0
40926,0,0.9999999,64,0,1155.0,5400.0,3,0,1,0,0.0,0.2138492871690427,462.59999994,Senior,-1,1,0
40956,0,0.04156276,52,2,4852.0,5400.0,6,0,1,1,1.0,0.8983521570079614,1940.824937656,Senior,-1,1,0
40978,1,0.9999999,23,1,771.0,5400.0,3,0,0,0,0.0,0.1427513423440103,308.99999994,Young,-1,1,0
40994,0,0.308088458,40,1,5394.0,5400.0,9,0,2,0,0.0,0.998703943714127,2157.7848530747997,Mid,-1,1,0
40999,0,0.160589596,42,0,1303.5,1.0,8,0,2,0,2.0,651.75,521.4963537576,Mid,-1,1,1
41039,1,0.331446666,79,0,2334.0,5400.0,18,0,1,0,0.0,0.4321421958896501,933.7988679996,Senior,-1,1,0
41048,0,0.12460444,74,0,4199.0,5400.0,10,0,3,0,0.0,0.77744862062581,1679.674762664,Senior,-1,1,0
41065,0,0.516747678,55,0,4228.0,5400.0,10,0,1,0,0.0,0.7828179966672838,1691.5100486068,Senior,-1,1,0
41079,0,0.267622063,59,0,3793.0,5400.0,3,0,2,0,0.0,0.7022773560451768,1517.3605732378,Senior,-1,1,0
41101,0,0.78135297,34,0,4338.0,5400.0,15,0,1,0,1.0,0.8031845954452879,1735.668811782,Mid,-1,1,0
41118,0,0.091231567,57,0,6450.0,5400.0,18,0,4,0,1.0,1.194223291982966,2580.0547389402,Senior,-1,1,0
41122,0,0.004102512,74,1,2740.0,5400.0,12,0,1,0,0.0,0.5073134604702833,1096.0024615072,Senior,-1,1,0
41130,0,0.9999999,53,0,3577.0,5400.0,6,0,3,0,0.0,0.6622847620810961,1431.3999999400005,Senior,-1,1,0
41143,0,0.9999999,48,0,1821.0,5400.0,4,0,1,0,0.0,0.3371597852249583,728.9999999400001,Mid,-1,1,0
41164,0,0.9999999,34,0,726.0,5400.0,3,0,0,0,0.0,0.1344195519348268,290.99999994,Mid,-1,1,0
41202,0,0.840855844,56,1,9564.0,5400.0,14,0,3,0,1.0,1.7707831882984633,3826.104513506401,Senior,-1,1,1
41212,0,0.186138318,50,0,3452.0,5400.0,14,0,3,0,0.0,0.6391408998333642,1380.9116829908005,Mid,-1,1,0
41222,0,0.020266762,65,1,5293.0,5400.0,17,0,2,0,2.0,0.9800037030179596,2117.2121600572004,Senior,-1,1,0
41305,0,0.006286331,48,1,11622.0,5400.0,19,0,5,0,2.0,2.151823736345121,4648.8037717986,Mid,-1,1,1
41332,0,0.7122,39,0,2120.0,5400.0,4,0,1,0,1.0,0.392519903721533,848.42732,Mid,-1,1,0
41348,0,0.219478719,82,0,2927.0,5400.0,8,0,2,0,0.0,0.5419366783928902,1170.9316872314,Senior,-1,1,0
41363,0,0.414708635,43,0,3086.0,5400.0,6,0,3,0,0.0,0.5713756711720052,1234.648825181,Mid,-1,1,0
41368,0,0.727250689,54,0,3747.0,5400.0,8,0,2,0,2.0,0.6937604147380115,1499.2363504134005,Senior,-1,1,0
41376,0,0.137045419,27,0,2661.0,5400.0,9,0,1,0,0.0,0.4926865395297167,1064.4822272514,Young,-1,1,0
41387,0,0.99995007,38,0,2702.0,5400.0,7,0,2,0,2.0,0.5002777263469728,1081.399970042,Mid,-1,1,0
41416,0,0.9999999,52,1,1721.0,5400.0,5,3,0,0,0.0,0.3186446954267728,688.9999999400001,Senior,-1,1,0
41428,0,0.03284013,54,1,15588.0,5400.0,19,0,4,0,0.0,2.886132197741159,6235.219704078001,Senior,-1,1,1
41429,0,0.047206656,54,0,3672.0,5400.0,4,0,1,0,2.0,0.6798740973893723,1468.8283239936002,Senior,-1,1,0
41435,0,0.91250625,40,0,3422.0,5400.0,10,0,2,0,1.0,0.6335863728939085,1369.3475037500002,Mid,-1,1,0
41455,0,0.149837261,71,0,5644.0,5400.0,8,0,3,0,0.0,1.0449916682095908,2257.6899023566,Senior,-1,1,0
41514,0,0.217662587,27,0,2495.0,5400.0,5,0,2,0,0.0,0.4619514904647288,998.1305975522,Young,-1,1,0
41530,0,0.169221766,62,0,5941.0,5400.0,14,0,4,0,0.0,1.099981484910202,2376.5015330596,Senior,-1,1,0
41545,0,0.9999999,52,0,1879.0,5400.0,7,0,1,0,0.0,0.3478985373079059,752.19999994,Senior,-1,1,0
41559,0,0.515146168,42,0,2348.0,5400.0,7,0,2,0,0.0,0.434734308461396,939.5090877008,Mid,-1,1,0
41575,0,0.68238294,40,0,4203.0,5400.0,5,0,2,0,2.0,0.7781892242177375,1681.609429764,Mid,-1,1,0
41576,0,0.9999999,49,0,2903.0,5400.0,2,0,1,0,0.0,0.5374930568413256,1161.79999994,Mid,-1,1,0
41678,0,0.0,54,0,5414.0,5400.0,19,0,4,0,0.0,1.002406961673764,2165.6,Senior,-1,1,0
41698,0,0.015370989,37,0,4218.0,5400.0,7,0,2,0,0.0,0.7809664876874652,1687.2092225934,Mid,-1,1,0
41729,0,0.470078294,51,0,3941.0,5400.0,6,0,1,0,0.0,0.7296796889464914,1576.6820469764,Senior,-1,1,0
41743,0,0.384630035,28,1,551.5,1.0,4,0,1,0,0.0,275.75,220.830778021,Young,-1,1,1
41762,0,0.825389267,62,0,2877.0,5400.0,10,0,2,0,0.0,0.5326791334937975,1151.2952335602,Senior,-1,1,0
41790,0,0.466619065,41,0,4706.0,5400.0,6,0,2,0,0.0,0.8713201259026107,1882.679971439,Mid,-1,1,0
41792,0,0.595296612,32,0,608.5,1.0,5,0,0,0,0.0,304.25,243.7571779672,Mid,-1,1,1
41822,1,0.9999999,24,0,449.0,5400.0,1,1,0,0,0.0,0.0831327531938529,180.19999994000003,Young,-1,1,0
41897,0,0.261837229,48,0,5669.0,5400.0,10,0,3,0,0.0,1.0496204406591372,2267.7571023374,Mid,-1,1,0
41901,0,0.872844739,65,0,1795.0,5400.0,5,0,0,0,1.0,0.3323458618774301,718.5237068434,Senior,-1,1,0
41906,0,0.625145681,38,0,2922.0,5400.0,7,0,1,0,2.0,0.5410109239029809,1169.1750874086,Mid,-1,1,0
41933,0,0.120147523,65,0,1996.5,1.0,15,0,4,0,0.0,998.25,798.6720885138001,Senior,-1,1,1
41982,0,0.089210868,79,0,3237.0,5400.0,10,0,3,0,0.0,0.5993334567672653,1294.8535265208002,Senior,-1,1,0
42029,0,0.368069444,67,0,3492.0,5400.0,9,0,2,0,0.0,0.6465469357526384,1397.0208416664002,Senior,-1,1,0
42061,0,0.9999999,40,0,2873.0,5400.0,5,0,2,0,0.0,0.5319385299018701,1149.79999994,Mid,-1,1,0
42064,0,0.021698047,29,0,4439.0,5400.0,6,0,3,0,0.0,0.8218848361414552,1775.6130188282002,Young,-1,1,0
42070,0,0.287526944,62,0,1062.0,1.0,9,0,2,0,0.0,531.0,424.9725161664,Senior,-1,1,1
42077,0,0.602365666,68,0,4291.0,5400.0,11,0,1,0,0.0,0.7944825032401407,1716.7614193996,Senior,-1,1,0
42091,0,0.950512372,32,0,664.0,5400.0,4,1,0,0,0.0,0.1229401962599518,266.17030742320003,Mid,-1,1,0
42104,1,0.9999999,54,2,5001.0,5400.0,7,3,2,3,0.0,0.925939640807258,2000.99999994,Senior,-1,1,0
42110,0,0.635134595,38,0,9164.0,5400.0,5,0,3,0,0.0,1.6967228291057213,3665.981080757,Mid,-1,1,1
42118,1,0.173188059,57,0,4056.0,5400.0,11,0,1,0,0.0,0.7509720422144047,1622.5039128354,Senior,-1,1,0
42125,1,0.943201515,66,1,7181.0,5400.0,17,0,2,2,0.0,1.3295685984077024,2872.965920909,Senior,-1,1,1
42167,0,0.099401004,58,0,3592.0,5400.0,14,0,1,0,9.0,0.6650620255508239,1436.8596406024,Senior,-1,1,0
42180,1,0.9999999,32,1,721.0,5400.0,3,0,0,2,0.0,0.1334937974449176,288.99999994,Mid,-1,1,0
42183,0,0.24199051,56,1,3210.0,5400.0,4,0,2,0,0.0,0.5943343825217552,1284.145194306,Senior,-1,1,0
42201,0,0.10340179,55,0,4344.0,5400.0,12,0,2,0,0.0,0.804295500833179,1737.6620410740002,Senior,-1,1,0
42207,0,0.284904355,39,1,3586.0,5400.0,11,0,2,0,0.0,0.6639511201629328,1434.5709426130002,Mid,-1,1,0
42240,1,0.646202106,52,1,4621.0,5400.0,11,6,1,0,0.0,0.8555822995741529,1848.7877212636,Senior,-1,1,0
42244,1,0.9999999,40,1,2049.0,5400.0,7,0,1,0,0.0,0.3793741899648213,820.19999994,Mid,-1,1,0
42251,0,0.716602122,47,1,2696.0,5400.0,12,0,2,0,1.0,0.4991668209590816,1078.8299612732,Mid,-1,1,0
42266,0,0.712225381,48,0,2840.0,5400.0,12,0,2,0,0.0,0.5258285502684688,1136.4273352286,Mid,-1,1,0
42271,0,0.883255089,54,0,3637.0,5400.0,16,0,0,0,1.0,0.6733938159600074,1455.3299530534002,Senior,-1,1,0
42282,0,0.001459834,63,0,4202.0,5400.0,14,0,3,0,0.0,0.7780040733197556,1680.8008759004,Senior,-1,1,0
42324,0,0.10322864,52,1,19257.0,5400.0,18,0,3,0,0.0,3.5654508424365856,7702.861937184,Senior,-1,1,1
42370,0,0.131420312,78,0,2503.0,5400.0,9,0,1,0,0.0,0.4634326976485836,1001.2788521872,Senior,-1,1,0
42373,0,0.0,76,0,2867.0,5400.0,5,0,2,0,0.0,0.5308276245139789,1146.8,Senior,-1,1,0
42402,0,0.055903394,75,0,2833.0,5400.0,17,0,2,0,0.0,0.5245324939825958,1133.2335420364,Senior,-1,1,0
42451,1,0.254107624,51,0,7457.0,5400.0,8,0,3,0,0.0,1.3806702462506943,2982.9524645744,Senior,-1,1,1
42457,0,0.9999999,28,1,487.0,5400.0,3,0,0,0,0.0,0.0901684873171634,195.39999994,Young,-1,1,0
42488,0,0.255695572,33,0,2826.0,5400.0,11,0,1,0,0.0,0.5232364376967228,1130.5534173432002,Mid,-1,1,0
42496,0,0.9999999,47,0,2061.0,5400.0,6,0,2,0,0.0,0.3815960007406035,824.9999999400001,Mid,-1,1,0
42540,0,0.63976433,64,0,4458.0,5400.0,20,0,2,0,0.0,0.8254027032031105,1783.583858598,Senior,-1,1,0
42615,0,0.028133109,62,0,7970.0,5400.0,19,0,6,0,0.0,1.475652656915386,3188.0168798654,Senior,-1,1,1
42656,0,0.049443558,49,0,3510.0,5400.0,7,0,1,0,2.0,0.6498796519163118,1404.0296661348,Mid,-1,1,0
42722,1,0.810478482,43,0,2707.0,5400.0,11,0,1,0,2.0,0.501203480836882,1083.2862870892,Mid,-1,1,0
42740,0,0.008103891,60,0,3713.0,5400.0,11,0,2,0,0.0,0.6874652842066284,1485.2048623346,Senior,-1,1,0
42795,0,0.913534498,41,0,1593.0,5400.0,9,0,0,0,3.0,0.2949453804850953,637.7481206988,Mid,-1,1,0
42805,0,0.642401022,69,0,2104.0,5400.0,6,0,1,0,0.0,0.3895574893538233,841.9854406132,Senior,-1,1,0
42817,0,0.771742164,56,0,2808.0,5400.0,9,0,2,0,0.0,0.5199037215330494,1123.6630452984,Senior,-1,1,0
42833,0,0.519917473,70,0,1968.0,5400.0,4,0,1,0,1.0,0.364376967228291,787.5119504838001,Senior,-1,1,0
42835,0,0.666573648,61,0,5334.0,5400.0,8,0,2,0,2.0,0.9875948898352156,2133.9999441888,Senior,-1,1,0
42892,0,0.674665067,46,0,3053.0,5400.0,6,0,1,0,0.0,0.565265691538604,1221.6047990402,Mid,-1,1,0
42902,0,0.637064322,29,0,3066.0,5400.0,12,0,3,0,0.0,0.567672653212368,1226.7822385932002,Young,-1,1,0
42908,0,0.320370924,56,1,5903.0,5400.0,10,0,4,0,0.0,1.0929457507868914,2361.3922225544,Senior,-1,1,0
42973,0,0.826173826,32,1,1481.0,5400.0,4,0,1,0,0.0,0.2742084799111275,592.8957042956,Mid,-1,1,0
42989,0,0.00290425,46,0,6185.0,5400.0,12,0,3,0,3.0,1.1451583040177744,2474.00174255,Mid,-1,1,0
42996,0,0.001452015,41,0,3280.0,5400.0,6,0,1,0,0.0,0.6072949453804851,1312.000871209,Mid,-1,1,0
43004,0,0.924075503,67,0,16788.0,5400.0,12,0,1,0,0.0,3.1083132753193854,6715.754445301801,Senior,-1,1,1
43014,0,0.0,47,0,3723.0,5400.0,10,0,3,1,2.0,0.689316793186447,1489.2,Mid,-1,1,0
43033,0,0.9999999,46,0,1960.0,5400.0,5,0,1,0,0.0,0.3628957600444362,784.59999994,Mid,-1,1,0
43044,0,0.618149379,62,0,3967.0,5400.0,14,0,3,0,4.0,0.7344936122940197,1587.1708896274,Senior,-1,1,0
43059,0,0.404838224,55,0,5171.0,5400.0,10,0,2,0,0.0,0.9574152934641732,2068.6429029344,Senior,-1,1,0
43169,0,0.00277345,56,0,7351.0,5400.0,13,0,3,0,1.0,1.3610442510646177,2940.40166407,Senior,-1,1,1
43186,0,0.61345066,46,1,1808.5,1.0,4,0,1,0,3.0,904.25,723.7680703960001,Mid,-1,1,1
43206,0,0.099905281,61,0,3386.0,5400.0,11,0,2,0,0.0,0.6269209405665618,1354.4599431686,Senior,-1,1,0
43216,0,0.448852868,34,3,6071.0,5400.0,16,0,3,0,0.0,1.124051101647843,2428.6693117208,Mid,-1,1,0
43221,0,0.649724178,62,0,7656.0,5400.0,21,0,2,0,0.0,1.4175152749490836,3062.7898345068,Senior,-1,1,1
43252,0,0.369012134,46,0,5075.0,5400.0,11,0,1,0,2.0,0.9396408072579152,2030.2214072804,Mid,-1,1,0
43259,0,0.121337079,25,0,183.0,1.0,9,0,0,0,0.0,91.5,73.27280224740001,Young,-1,1,0
43260,0,0.005197283,64,0,3254.0,5400.0,10,2,1,0,3.0,0.6024810220329568,1301.6031183698,Senior,-1,1,0
43268,0,0.513488348,39,0,3563.0,5400.0,18,0,2,0,1.0,0.6596926495093501,1425.5080930088,Mid,-1,1,0
43286,0,0.006193149,41,2,14508.0,5400.0,7,0,3,0,1.0,2.6861692279207556,5803.203715889401,Mid,-1,1,1
43287,0,0.076057106,69,0,199.0,1.0,6,0,0,0,0.0,99.5,79.6456342636,Senior,-1,1,0
43291,0,0.425149862,42,0,2241.0,5400.0,10,0,2,0,1.0,0.4149231623773375,896.6550899172001,Mid,-1,1,0
43299,0,0.006062462,49,0,8717.0,5400.0,13,0,0,0,0.0,1.613960377707832,3486.8036374772,Mid,-1,1,1
43302,0,0.379153975,49,0,3819.0,5400.0,15,0,3,1,3.0,0.7070912793927051,1527.827492385,Mid,-1,1,0
43319,0,0.83568536,64,9,3015.0,5400.0,22,0,2,2,0.0,0.5582299574152935,1206.501411216,Senior,-1,1,0
43332,0,0.250749251,25,0,3.5,1.0,1,0,0,0,0.0,1.75,1.5504495506000002,Young,-1,1,0
43356,0,0.021327373,58,0,3867.0,5400.0,6,0,2,0,0.0,0.7159785224958342,1546.8127964238,Senior,-1,1,0
43358,0,0.685715201,51,0,4053.0,5400.0,14,0,2,0,0.0,0.7504165895204592,1621.6114291206,Senior,-1,1,0
43373,0,0.0,40,0,2888.0,5400.0,6,0,2,0,3.0,0.5347157933715978,1155.2,Mid,-1,1,0
43399,0,0.284875357,58,0,3196.0,5400.0,7,0,1,0,0.0,0.5917422699500092,1278.5709252142,Senior,-1,1,0
43400,0,0.220861196,64,0,4260.0,5400.0,4,0,2,0,0.0,0.7887428254027032,1704.1325167176,Senior,-1,1,0
43414,0,0.112305151,70,0,3497.0,5400.0,8,0,2,0,0.0,0.6474726902425477,1398.8673830906002,Senior,-1,1,0
43431,0,0.97005988,54,1,2474.0,5400.0,2,1,1,0,0.0,0.4580633216071098,990.182035928,Senior,-1,1,0
43447,0,0.039373705,45,1,4966.0,5400.0,8,0,3,0,0.0,0.919459359377893,1986.423624223,Mid,-1,1,0
43482,0,0.041297935,73,0,2801.0,5400.0,4,0,2,0,0.0,0.5186076652471765,1120.4247787610002,Senior,-1,1,0
43488,0,0.649858555,62,1,7248.0,5400.0,25,0,3,0,0.0,1.3419737085724863,2899.5899151330004,Senior,-1,1,1
43496,0,0.450730854,46,0,2655.0,5400.0,12,0,1,0,0.0,0.4915756341418256,1062.2704385124,Mid,-1,1,0
43509,0,0.008074798,43,0,5066.0,5400.0,6,0,2,0,0.0,0.9379744491760784,2026.4048448788,Mid,-1,1,0
43515,0,0.025443502,33,0,2786.0,5400.0,11,0,1,0,3.0,0.5158304017774487,1114.4152661012,Mid,-1,1,0
43520,0,0.0,50,0,6501.0,5400.0,12,0,1,0,0.0,1.2036659877800406,2600.4,Mid,-1,1,1
43558,0,0.414993241,41,0,4896.0,5400.0,10,0,2,0,0.0,0.9064987965191632,1958.6489959446,Mid,-1,1,0
43572,0,0.987780041,56,0,1861.0,5400.0,5,0,1,0,0.0,0.3445658211442325,744.9926680246001,Senior,-1,1,0
43586,0,0.044037548,56,0,5380.0,5400.0,22,0,2,0,0.0,0.996111831142381,2152.0264225288,Senior,-1,1,0
43594,0,0.940127495,36,0,1779.0,5400.0,5,0,0,0,0.0,0.3293834475097204,712.164076497,Mid,-1,1,0
43618,0,0.0,91,0,5208.0,5400.0,4,0,1,0,0.0,0.964265876689502,2083.2000000000003,Senior,-1,1,0
43641,0,0.9999999,75,0,877.0,5400.0,3,0,1,0,0.0,0.162377337530087,351.39999994,Senior,-1,1,0
43656,0,0.009860007,71,0,2739.0,5400.0,8,0,1,0,0.0,0.5071283095723014,1095.6059160042,Senior,-1,1,0
43657,0,0.822862204,67,4,1611.0,5400.0,10,0,0,0,0.0,0.2982780966487687,644.8937173224001,Senior,-1,1,0
43661,0,0.655217321,52,1,3332.0,5400.0,5,0,2,0,0.0,0.6169227920755416,1333.1931303926,Senior,-1,1,0
43666,0,0.9999999,34,0,4665.0,5400.0,4,0,1,0,2.0,0.8637289390853545,1866.59999994,Mid,-1,1,0
43685,0,0.0,37,0,4978.0,5400.0,5,0,2,0,0.0,0.9216811701536752,1991.2,Mid,-1,1,0
43689,0,0.669314105,67,0,6192.0,5400.0,13,0,2,0,1.0,1.1464543603036474,2477.201588463,Senior,-1,1,0
43729,0,0.326513345,52,0,2971.0,5400.0,8,0,1,0,0.0,0.5500833179040918,1188.5959080070002,Senior,-1,1,0
43740,0,0.575057263,57,0,2611.0,5400.0,13,0,2,2,1.0,0.4834289946306239,1044.7450343578,Senior,-1,1,0
43766,0,0.04159872,57,0,4178.0,5400.0,13,0,4,0,2.0,0.7735604517681911,1671.224959232,Senior,-1,1,0
43785,0,0.9999999,61,0,450.3333333,2.0,7,0,1,0,0.0,150.1111111,180.73333326,Senior,-1,1,0
43813,0,0.597928157,74,0,1439.0,5400.0,5,0,1,0,0.0,0.2664321421958897,575.9587568942001,Senior,-1,1,0
43821,0,0.440979858,35,0,3102.0,5400.0,23,0,1,0,0.0,0.5743380855397149,1241.0645879148,Mid,-1,1,0
43858,0,0.967650376,60,0,4411.0,5400.0,15,0,2,0,0.0,0.8167006109979633,1764.9805902256,Senior,-1,1,0
43861,0,0.120446055,85,0,2866.0,5400.0,10,0,1,0,0.0,0.530642473615997,1146.472267633,Senior,-1,1,0
43870,0,0.284502706,80,0,3373.0,5400.0,19,0,1,0,0.0,0.6245139788927976,1349.3707016236,Senior,-1,1,0
43872,0,0.654244355,46,0,3507.0,5400.0,16,0,2,0,2.0,0.6493241992223663,1403.192546613,Mid,-1,1,0
43882,0,0.064246788,52,0,3612.0,5400.0,10,0,2,0,0.0,0.6687650435104611,1444.8385480728002,Senior,-1,1,0
43884,0,0.270683051,44,0,3480.0,5400.0,18,0,1,0,2.0,0.6443251249768561,1392.1624098306,Mid,-1,1,0
43905,0,0.090422739,52,0,771.5,1.0,9,0,1,0,0.0,385.75,308.6542536434,Senior,-1,1,1
43912,0,0.225145893,56,1,8081.0,5400.0,6,0,2,0,3.0,1.496204406591372,3232.5350875358,Senior,-1,1,1
43916,0,0.000196075,44,0,2006.0,1.0,6,0,2,0,0.0,1003.0,802.4001176450001,Mid,-1,1,1
43945,0,0.613697669,50,0,4320.0,5400.0,17,0,3,0,0.0,0.7998518792816145,1728.3682186014,Mid,-1,1,0
43966,0,0.417107008,67,0,3193.0,5400.0,9,0,2,0,1.0,0.5911868172560637,1277.4502642048,Senior,-1,1,0
43971,0,0.779918006,25,0,4592.0,5400.0,17,0,2,0,0.0,0.8502129235326792,1837.2679508036,Young,-1,1,0
43987,0,0.071070404,35,0,1772.0,1.0,12,0,1,0,2.0,886.0,708.8426422424001,Mid,-1,1,1
44040,0,0.264723465,64,0,3863.0,5400.0,6,0,1,0,4.0,0.7152379189039066,1545.358834079,Senior,-1,1,0
44074,1,0.801999048,63,1,2084.0,5400.0,7,0,1,0,0.0,0.3858544713941862,834.0811994288,Senior,-1,1,0
44101,1,0.242613743,43,0,9052.0,5400.0,16,0,4,0,0.0,1.675985928531753,3620.9455682458,Mid,-1,1,1
44126,0,0.13829768,52,0,4245.0,5400.0,10,0,3,0,0.0,0.7859655619329754,1698.082978608,Senior,-1,1,0
44128,0,0.093059436,49,0,7219.0,5400.0,18,0,3,0,2.0,1.3366043325310129,2887.6558356616006,Mid,-1,1,1
44174,0,0.9999999,34,0,3094.0,5400.0,1,0,1,0,0.0,0.5728568783558601,1238.1999999400002,Mid,-1,1,0
44257,0,0.733579506,29,0,776.5,1.0,9,0,1,0,0.0,388.25,311.04014770360004,Young,-1,1,1
44264,0,0.789633149,61,0,6607.0,5400.0,11,0,1,0,0.0,1.2232919829661173,2643.2737798894,Senior,-1,1,1
44317,0,0.26285444,53,0,4928.0,5400.0,6,0,1,0,3.0,0.9124236252545824,1971.357712664,Senior,-1,1,0
44329,0,0.999907758,43,0,1992.0,5400.0,2,0,1,0,0.0,0.3688205887798556,797.3999446548,Mid,-1,1,0
44390,1,0.864872442,43,5,4210.0,5400.0,12,0,2,1,0.0,0.7794852805036104,1684.5189234652,Mid,-1,1,0
44414,0,0.039078954,47,0,3609.0,5400.0,16,0,3,0,0.0,0.6682095908165154,1443.6234473724,Mid,-1,1,0
44421,0,0.01281434,49,0,264.5,1.0,7,0,0,0,0.0,132.25,105.807688604,Mid,-1,1,0
44431,0,0.0,67,0,3795.0,5400.0,14,0,2,0,0.0,0.7026476578411406,1518.0,Senior,-1,1,0
44435,0,0.942851429,38,0,6624.0,5400.0,6,0,3,0,0.0,1.226439548231809,2650.1657108574004,Mid,-1,1,1
44437,0,0.758933036,57,0,5479.0,5400.0,7,0,1,0,3.0,1.0144417700425847,2192.0553598215997,Senior,-1,1,0
44452,0,0.270168524,35,0,3019.0,5400.0,13,0,2,0,1.0,0.5589705610072209,1207.7621011144,Mid,-1,1,0
44457,0,0.9999999,26,0,18.62376238,100.0,2,0,1,0,0.0,0.184393686930693,8.049504892,Young,-1,1,0
44473,0,0.009210375,47,0,3321.0,5400.0,14,0,2,0,0.0,0.6148861321977411,1328.405526225,Mid,-1,1,0
44479,1,0.967919352,39,1,4373.0,5400.0,13,0,2,2,0.0,0.8096648768746528,1749.7807516112,Mid,-1,1,0
44486,0,0.0414633,54,0,6461.0,5400.0,13,0,3,0,0.0,1.1962599518607666,2584.42487798,Senior,-1,1,0
44504,0,0.031393579,62,0,1663.0,1.0,12,0,3,0,0.0,831.5,665.2188361474,Senior,-1,1,1
44514,0,0.010226808,49,0,3516.0,5400.0,11,0,2,0,3.0,0.650990557304203,1406.4061360848,Mid,-1,1,0
44524,0,0.0,39,0,4288.0,5400.0,9,0,2,0,0.0,0.7939270505461952,1715.2,Mid,-1,1,0
44545,0,0.271792027,83,0,2274.0,5400.0,20,0,1,0,1.0,0.4210331420107387,909.7630752162,Senior,-1,1,0
44550,0,0.9999999,72,0,2014.0,5400.0,8,0,2,0,1.0,0.3728939085354564,806.19999994,Senior,-1,1,0
44554,0,0.791840983,48,1,6103.0,5400.0,7,0,1,0,0.0,1.1299759303832624,2441.6751045898004,Mid,-1,1,0
44556,0,0.009269404,73,0,4148.0,5400.0,9,0,2,0,0.0,0.7680059248287354,1659.2055616424,Senior,-1,1,0
44574,0,0.613670682,44,0,4416.0,5400.0,5,0,1,0,0.0,0.8176263654878726,1766.7682024092,Mid,-1,1,0
44597,0,0.9999999,74,0,3618.0,5400.0,2,0,1,0,0.0,0.6698759488983521,1447.79999994,Senior,-1,1,0
44601,0,0.00832697,88,0,1723.0,5400.0,8,0,1,0,0.0,0.3190149972227365,689.2049961820001,Senior,-1,1,0
44617,0,0.354721916,57,0,6659.0,5400.0,28,0,2,0,0.0,1.232919829661174,2663.8128331496005,Senior,-1,1,1
44621,0,0.083573392,30,0,3480.0,5400.0,12,0,2,0,0.0,0.6443251249768561,1392.0501440352,Young,-1,1,0
44654,0,0.956252187,66,0,1877.0,5400.0,4,0,0,0,0.0,0.3475282355119422,751.3737513122,Senior,-1,1,0
44671,0,0.51969605,59,1,4174.0,5400.0,11,0,1,0,0.0,0.7728198481762637,1669.91181763,Senior,-1,1,0
44680,0,0.9999999,66,0,6026.0,5400.0,4,0,3,0,0.0,1.1157193112386594,2410.99999994,Senior,-1,1,0
44682,0,0.9999999,84,1,1813.0,5400.0,3,0,2,0,0.0,0.3356785780411035,725.79999994,Senior,-1,1,0
44684,0,0.628882981,75,0,1150.0,5400.0,9,0,0,0,0.0,0.2129235326791335,460.3773297886,Senior,-1,1,0
44747,0,0.468455183,62,0,3719.0,5400.0,6,0,2,0,0.0,0.6885761895945195,1487.8810731098,Senior,-1,1,0
44778,0,0.000434762,53,0,3473.0,5400.0,6,0,2,0,0.0,0.6430290686909832,1389.2002608572,Senior,-1,1,0
44805,0,0.984265439,52,0,3457.0,5400.0,12,0,2,0,0.0,0.6400666543232735,1383.3905592634003,Senior,-1,1,0
44836,0,0.593381904,59,0,4229.0,5400.0,24,0,2,0,3.0,0.7830031475652657,1691.9560291424002,Senior,-1,1,0
44900,1,0.936319945,50,0,2280.0,5400.0,8,0,1,0,0.0,0.4221440473986299,912.561791967,Mid,-1,1,0
44906,0,0.231846115,61,0,5873.0,5400.0,12,0,4,0,0.0,1.0873912238474357,2349.3391076690004,Senior,-1,1,0
44910,0,0.051294261,71,0,3202.0,5400.0,15,0,1,0,0.0,0.5928531753379004,1280.8307765566,Senior,-1,1,0
44917,0,0.450555484,69,0,3132.0,5400.0,12,0,1,0,0.0,0.5798926124791706,1253.0703332904002,Senior,-1,1,0
44944,0,0.524899307,68,0,6074.0,5400.0,12,0,2,0,0.0,1.1246065543417885,2429.9149395842,Senior,-1,1,0
44954,0,0.057588641,52,0,4025.0,5400.0,10,0,1,0,0.0,0.7452323643769673,1610.0345531846,Senior,-1,1,0
44975,0,0.426048508,43,0,6133.0,5400.0,10,0,4,0,0.0,1.135530457322718,2453.4556291048,Mid,-1,1,0
45040,0,0.177274138,34,1,3388.0,5400.0,12,0,1,0,0.0,0.6272912423625254,1355.3063644828,Mid,-1,1,0
45084,0,0.402429137,56,0,1179.5,1.0,8,0,1,0,0.0,589.75,472.0414574822,Senior,-1,1,1
45130,0,0.173738098,63,0,4001.0,5400.0,16,0,1,0,2.0,0.7407887428254027,1600.5042428588,Senior,-1,1,0
45161,0,0.025200497,38,0,3830.0,5400.0,15,0,3,0,0.0,0.7091279392705054,1532.0151202982,Mid,-1,1,0
45163,0,0.547996312,40,0,4178.0,5400.0,14,0,1,0,0.0,0.7735604517681911,1671.5287977872,Mid,-1,1,0
45196,0,0.177616235,65,0,4350.0,5400.0,13,0,1,0,0.0,0.8054064062210702,1740.106569741,Senior,-1,1,0
45199,0,0.0,40,0,2836.0,5400.0,8,0,1,0,4.0,0.5250879466765414,1134.4,Mid,-1,1,0
45203,0,0.144963145,33,0,1329.0,1.0,10,0,2,0,0.0,664.5,531.686977887,Mid,-1,1,1
45223,0,0.524144382,65,0,2875.0,5400.0,7,0,4,0,2.0,0.5323088316978337,1150.3144866292,Senior,-1,1,0
45234,0,0.686973948,56,3,5453.0,5400.0,7,0,1,0,3.0,1.0096278466950566,2181.6121843688,Senior,-1,1,0
45254,0,0.181768596,53,0,4953.0,5400.0,10,0,3,0,2.0,0.9170523977041288,1981.3090611576,Senior,-1,1,0
45294,0,0.179904094,49,0,3686.0,5400.0,17,0,2,0,2.0,0.6824662099611183,1474.5079424564,Mid,-1,1,0
45300,0,0.0,63,0,4901.0,5400.0,9,0,2,0,0.0,0.9074245510090724,1960.4,Senior,-1,1,0
45307,0,0.481157681,52,0,6343.0,5400.0,10,0,3,0,2.0,1.1744121458989076,2537.4886946086003,Senior,-1,1,0
45366,0,0.909127272,42,0,2242.0,5400.0,4,0,0,0,3.0,0.4151083132753194,897.3454763632001,Mid,-1,1,0
45371,0,0.95476131,28,0,593.0,5400.0,4,0,0,0,0.0,0.1097944825032401,237.772856786,Young,-1,1,0
45377,0,0.185454453,60,0,6485.0,5400.0,7,0,2,0,0.0,1.200703573412331,2594.1112726718,Senior,-1,1,1
45414,0,0.661537959,49,0,11782.0,5400.0,10,0,2,0,1.0,2.181447880022218,4713.1969227754,Mid,-1,1,1
45422,0,0.603716694,56,0,2839.0,5400.0,7,1,1,1,0.0,0.525643399370487,1135.9622300164,Senior,-1,1,0
45436,0,0.588795431,64,0,6794.0,5400.0,14,0,3,0,0.0,1.2579152008887242,2717.9532772586003,Senior,-1,1,1
45450,0,0.288780526,47,2,2930.5,1.0,12,0,2,0,1.0,1465.25,1172.3732683156,Mid,-1,1,1
45452,1,0.100023225,39,0,3757.0,5400.0,12,0,2,0,0.0,0.69561192371783,1502.860013935,Mid,-1,1,0
45489,0,0.832948777,49,0,2309.0,5400.0,11,1,1,0,2.0,0.4275134234401037,924.0997692662,Mid,-1,1,0
45509,0,0.450410468,38,0,2723.0,5400.0,4,0,1,0,0.0,0.5041658952045918,1089.4702462808,Mid,-1,1,0
45522,0,0.266904576,52,0,3161.0,5400.0,11,0,1,0,3.0,0.5852619885206444,1264.5601427456002,Senior,-1,1,0
45538,0,0.035754551,77,0,2213.0,5400.0,17,0,1,1,0.0,0.4097389372338456,885.2214527306,Senior,-1,1,0
45545,0,0.010492835,83,0,2437.0,5400.0,14,0,1,0,0.0,0.4512127383817811,974.806295701,Senior,-1,1,0
45594,0,0.9999999,71,0,802.0,5400.0,5,0,1,0,0.0,0.1484910201814478,321.39999994,Senior,-1,1,0
45601,0,0.896190797,47,0,4379.0,5400.0,14,0,4,0,3.0,0.810775782262544,1752.1377144782002,Mid,-1,1,0
45627,0,0.138405645,73,0,5668.0,5400.0,12,0,3,0,0.0,1.0494352897611554,2267.2830433870004,Senior,-1,1,0
45631,0,0.345948233,51,0,3841.0,5400.0,6,0,3,0,0.0,0.7111645991483059,1536.6075689398,Senior,-1,1,0
45669,0,0.782695648,53,0,3242.0,5400.0,8,0,2,0,0.0,0.6002592112571746,1297.2696173888005,Senior,-1,1,0
45674,0,0.093705358,57,0,3406.0,5400.0,11,0,1,0,0.0,0.6306239585261989,1362.4562232148,Senior,-1,1,0
45761,0,0.0,57,0,5078.0,5400.0,9,0,2,0,2.0,0.9401962599518608,2031.2,Senior,-1,1,0
45768,0,0.972249183,41,2,5791.0,5400.0,20,0,1,0,0.0,1.0722088502129234,2316.9833495098,Mid,-1,1,0
45804,0,0.145910281,55,0,4913.0,5400.0,15,0,1,0,0.0,0.9096463617848548,1965.2875461686,Senior,-1,1,0
45805,0,0.606505161,75,0,2735.0,5400.0,8,0,2,0,0.0,0.506387705980374,1094.3639030966,Senior,-1,1,0
45833,0,0.298278133,47,0,4005.0,5400.0,3,0,1,0,1.0,0.7415293464173301,1602.1789668798,Mid,-1,1,0
45865,0,0.210238635,36,1,2869.0,5400.0,6,0,1,0,3.0,0.5311979263099426,1147.7261431810002,Mid,-1,1,0
45882,0,0.031498425,59,0,5542.0,5400.0,14,0,4,0,0.0,1.0261062766154416,2216.818899055,Senior,-1,1,0
45890,0,0.9999999,56,0,1423.0,5400.0,3,0,3,0,0.0,0.2634697278281799,569.79999994,Senior,-1,1,0
45891,0,0.06211744,60,0,5491.0,5400.0,29,0,5,0,0.0,1.016663580818367,2196.437270464,Senior,-1,1,0
45914,0,0.075689533,46,0,8276.0,5400.0,9,0,7,0,0.0,1.5323088316978335,3310.4454137198,Mid,-1,1,1
45966,0,0.0,57,0,4111.0,5400.0,14,0,2,0,2.0,0.7611553416034068,1644.4,Senior,-1,1,0
46031,0,0.825191255,48,0,2758.0,5400.0,8,0,1,0,3.0,0.5106461766339567,1103.695114753,Mid,-1,1,0
46103,0,0.003928218,76,0,52112.0,5400.0,27,0,23,0,0.0,9.64858359563044,20844.8023569308,Senior,-1,1,1
46119,1,0.9999999,43,0,1727.0,5400.0,3,0,1,0,3.0,0.319755600814664,691.39999994,Mid,-1,1,0
46174,1,0.9999999,46,3,1667.0,5400.0,10,1,0,0,3.0,0.3086465469357526,667.39999994,Mid,-1,1,0
46183,0,0.709184918,55,0,2982.0,5400.0,10,0,2,0,0.0,0.5521199777818923,1193.2255109507998,Senior,-1,1,0
46208,0,0.034961668,35,1,3266.0,5400.0,5,0,1,0,0.0,0.6047028328087392,1306.4209770008,Mid,-1,1,0
46210,0,0.9999999,53,0,4252.0,5400.0,14,0,4,0,0.0,0.7872616182188483,1701.3999999400005,Senior,-1,1,0
46256,0,0.817242529,36,0,1355.0,5400.0,6,0,1,0,1.0,0.2508794667654138,542.4903455174,Mid,-1,1,0
46272,0,0.061792336,41,0,7414.0,5400.0,16,0,4,0,3.0,1.3727087576374746,2965.6370754016,Mid,-1,1,1
46277,0,0.434332395,39,0,2878.0,5400.0,14,0,2,0,0.0,0.5328642843917794,1151.4605994370002,Mid,-1,1,0
46298,0,0.60364765,63,0,8951.0,5400.0,12,0,3,0,0.0,1.657285687835586,3580.7621885900003,Senior,-1,1,1
46334,0,0.256776844,49,1,4367.0,5400.0,9,1,2,0,0.0,0.8085539714867617,1746.9540661064002,Mid,-1,1,0
46337,0,0.052398503,42,0,3801.0,5400.0,4,0,2,0,0.0,0.7037585632290316,1520.4314391018002,Mid,-1,1,0
46404,0,0.9999999,66,1,2862.0,5400.0,2,1,1,1,0.0,0.5299018700240696,1145.39999994,Senior,-1,1,0
46405,1,0.338631175,42,0,38793.0,5400.0,14,0,4,0,1.0,7.18255878541011,15517.403178705,Mid,-1,1,1
46414,0,0.0,33,0,2308.0,5400.0,10,0,3,0,0.0,0.4273282725421218,923.2,Mid,-1,1,0
46429,0,0.29749705,26,0,393.5,1.0,6,0,0,0,0.0,196.75,157.57849823,Young,-1,1,0
46430,0,0.003499825,77,0,2475.0,5400.0,4,0,2,0,0.0,0.4582484725050916,990.002099895,Senior,-1,1,0
46435,0,0.410530526,52,0,3630.0,5400.0,18,0,2,0,0.0,0.6720977596741344,1452.2463183156,Senior,-1,1,0
46437,0,0.496301994,57,1,3977.0,5400.0,21,0,1,0,0.0,0.7363451212738382,1591.0977811964,Senior,-1,1,0
46448,0,0.338385433,52,0,3111.0,5400.0,6,0,2,0,0.0,0.5760044436215516,1244.6030312598,Senior,-1,1,0
46449,0,0.137089466,78,0,2518.0,5400.0,8,0,2,0,0.0,0.4662099611183114,1007.2822536796,Senior,-1,1,0
46450,0,0.0,58,0,814.5,1.0,7,0,2,0,0.0,407.25,325.8,Senior,-1,1,1
46462,0,0.16278384,56,0,95.5,1.0,3,0,0,0,0.0,47.75,38.297670304,Senior,-1,1,0
46478,0,0.381896951,30,0,3310.0,5400.0,9,0,1,0,0.0,0.6128494723199408,1324.2291381706,Young,-1,1,0
46485,0,0.162226463,47,0,4546.0,5400.0,22,0,2,0,0.0,0.8416959822255138,1818.4973358778,Mid,-1,1,0
46486,0,0.214919005,34,0,4529.0,5400.0,4,0,1,0,0.0,0.8385484169598223,1811.728951403,Mid,-1,1,0
46490,0,0.162094596,53,0,3200.0,5400.0,6,0,2,0,0.0,0.5924828735419366,1280.0972567576,Senior,-1,1,0
46516,0,0.891017652,46,0,4549.0,5400.0,9,0,2,0,0.0,0.8422514349194593,1820.1346105912,Mid,-1,1,0
46546,0,0.863788884,57,0,4492.0,5400.0,28,0,2,0,1.0,0.8316978337344936,1797.3182733304002,Senior,-1,1,0
46598,0,0.286101743,49,0,3148.0,5400.0,8,0,2,0,0.0,0.5828550268468802,1259.3716610458,Mid,-1,1,0
46619,0,0.9999999,53,0,1609.0,5400.0,3,0,1,0,0.0,0.297907794852805,644.19999994,Senior,-1,1,0
46678,0,0.184286606,54,0,4066.0,5400.0,16,0,3,0,0.0,0.7528235511942233,1626.5105719636,Senior,-1,1,0
46683,0,0.9999999,63,0,1996.0,5400.0,4,0,1,0,0.0,0.369561192371783,798.9999999400001,Senior,-1,1,0
46688,0,0.002227526,71,0,3169.0,5400.0,14,0,2,0,0.0,0.5867431957044992,1267.6013365156002,Senior,-1,1,0
46709,0,0.001171783,68,0,3231.0,5400.0,3,0,1,0,0.0,0.5982225513793742,1292.4007030698,Senior,-1,1,0
46711,0,0.733902509,50,0,5376.0,5400.0,19,0,2,0,1.0,0.9953712275504536,2150.8403415054,Mid,-1,1,0
46723,0,0.958574119,46,0,1983.0,5400.0,6,0,1,0,0.0,0.3671542306980189,793.7751444714,Mid,-1,1,0
46727,0,0.021678266,63,0,3987.0,5400.0,7,0,2,0,0.0,0.7381966302536568,1594.8130069596002,Senior,-1,1,0
46755,0,0.661625133,69,2,2748.0,5400.0,16,0,1,0,0.0,0.5087946676541382,1099.5969750798,Senior,-1,1,0
46786,0,0.639882535,34,0,2413.0,5400.0,6,0,2,0,0.0,0.4467691168302166,965.583929521,Mid,-1,1,0
46788,0,0.075346233,37,0,2728.0,5400.0,6,0,2,0,0.0,0.505091649694501,1091.2452077398,Mid,-1,1,0
46816,0,0.417244537,44,0,3834.0,5400.0,7,0,1,0,0.0,0.7098685428624328,1533.8503467222,Mid,-1,1,0
46857,0,0.0,58,1,4758.0,5400.0,17,0,2,0,0.0,0.8809479725976671,1903.2,Senior,-1,1,0
46860,0,0.016030749,59,0,3731.0,5400.0,6,0,1,0,0.0,0.6907980003703018,1492.4096184494,Senior,-1,1,0
46943,0,0.486064369,53,0,5057.0,5400.0,28,0,5,0,0.0,0.9363080910942418,2023.0916386214,Senior,-1,1,0
46955,0,0.055562802,34,0,2677.0,5400.0,6,0,1,0,0.0,0.4956489538974264,1070.8333376812,Mid,-1,1,0
46988,0,0.600999948,57,0,5547.0,5400.0,11,0,2,0,0.0,1.027032031105351,2219.1605999688004,Senior,-1,1,0
47047,0,0.017767864,58,0,3394.0,5400.0,8,0,2,0,0.0,0.6284021477504166,1357.6106607184,Senior,-1,1,0
47058,0,0.590013063,28,0,2863.0,5400.0,13,0,1,0,0.0,0.5300870209220515,1145.5540078378,Young,-1,1,0
47080,0,0.149938042,31,0,2254.0,5400.0,9,0,1,0,0.0,0.4173301240511016,901.6899628252,Mid,-1,1,0
47084,0,0.737194996,63,2,2863.0,5400.0,8,0,1,0,2.0,0.5300870209220515,1145.6423169976,Senior,-1,1,0
47087,0,0.001629509,40,0,2750.0,5400.0,8,0,1,0,3.0,0.5091649694501018,1100.0009777054,Mid,-1,1,0
47097,0,0.004631457,72,0,2614.0,5400.0,6,0,3,0,0.0,0.4839844473245695,1045.6027788742,Senior,-1,1,0
47099,0,0.277643558,49,0,3591.0,5400.0,6,0,2,0,0.0,0.6648768746528421,1436.5665861348,Mid,-1,1,0
47110,0,0.534774212,58,0,3104.0,5400.0,9,0,1,0,1.0,0.5747083873356785,1241.9208645272,Senior,-1,1,0
47115,0,0.841100244,65,0,2399.0,5400.0,9,0,1,0,0.0,0.4441770042584707,960.1046601464,Senior,-1,1,0
47135,0,0.330728029,33,0,2655.0,5400.0,11,0,2,0,0.0,0.4915756341418256,1062.1984368174,Mid,-1,1,0
47150,0,0.233055339,56,0,4288.0,5400.0,13,0,2,0,0.0,0.7939270505461952,1715.3398332034,Senior,-1,1,0
47154,0,0.465275582,41,0,4527.0,5400.0,21,0,2,0,0.0,0.8381781151638585,1811.0791653492,Mid,-1,1,0
47162,0,0.012778199,70,0,3630.0,5400.0,16,0,1,0,0.0,0.6720977596741344,1452.0076669194,Senior,-1,1,0
47173,0,0.129094692,62,0,14136.0,5400.0,29,0,17,0,0.0,2.6172930938715053,5654.477456815201,Senior,-1,1,1
47206,0,0.383261208,62,4,11193.0,5400.0,19,0,1,0,0.0,2.072394001110905,4477.4299567248,Senior,-1,1,1
47219,1,0.738771769,33,0,5146.0,5400.0,10,0,2,0,0.0,0.9527865210146268,2058.8432630614,Mid,-1,1,0
47227,0,0.528606423,58,0,2718.0,5400.0,10,0,1,0,0.0,0.5032401407146825,1087.5171638538,Senior,-1,1,0
47235,1,0.9999999,46,0,2563.0,5400.0,3,2,1,1,0.0,0.4745417515274949,1025.79999994,Mid,-1,1,0
47239,0,0.031578122,61,0,4514.0,5400.0,10,0,2,0,0.0,0.8357711534900945,1805.6189468732,Senior,-1,1,0
47246,0,0.0,50,0,4728.0,5400.0,14,0,2,0,0.0,0.8753934456582114,1891.2,Mid,-1,1,0
47263,0,0.772151899,51,0,5828.0,5400.0,10,0,4,0,0.0,1.0790594334382522,2331.6632911394004,Senior,-1,1,0
47321,0,0.038595645,37,0,3943.0,5400.0,10,0,2,0,0.0,0.7300499907424551,1577.223157387,Mid,-1,1,0
47432,0,0.205609857,37,0,2836.0,5400.0,14,0,1,0,0.0,0.5250879466765414,1134.5233659142,Mid,-1,1,0
47452,0,0.989839119,34,4,1694.0,5400.0,10,1,1,0,0.0,0.3136456211812627,678.1939034714001,Mid,-1,1,0
47501,0,0.022185186,67,0,3262.0,5400.0,10,0,1,0,0.0,0.6039622292168118,1304.8133111116,Senior,-1,1,0
47506,0,0.014699483,83,0,2359.0,5400.0,16,0,2,0,0.0,0.4367709683391964,943.6088196898,Senior,-1,1,0
47515,0,0.996154142,70,0,2608.0,5400.0,6,0,1,0,0.0,0.4828735419366784,1043.7976924852,Senior,-1,1,0
47522,1,0.891435034,47,0,2131.0,5400.0,17,0,2,0,0.0,0.3945565635993334,852.9348610204,Mid,-1,1,0
47535,0,0.29121772,40,4,4254.0,5400.0,13,0,3,0,2.0,0.7876319200148121,1701.7747306320002,Mid,-1,1,0
47563,0,0.156078829,46,0,3618.0,5400.0,9,0,2,0,2.0,0.6698759488983521,1447.2936472974,Mid,-1,1,0
47583,0,0.127521154,40,0,3136.0,5400.0,5,0,2,0,0.0,0.580633216071098,1254.4765126924,Mid,-1,1,0
47591,0,0.068318025,56,0,6862.0,5400.0,12,0,3,0,0.0,1.2705054619514904,2744.840990815,Senior,-1,1,1
47602,0,0.015700878,75,0,5078.0,5400.0,19,0,5,0,0.0,0.9401962599518608,2031.2094205268,Senior,-1,1,0
47659,0,0.459319646,46,1,1656.0,1.0,17,0,2,0,0.0,828.0,662.6755917876001,Mid,-1,1,1
47692,0,0.9999999,36,0,1318.0,5400.0,2,0,1,0,0.0,0.2440288835400851,527.79999994,Mid,-1,1,0
47721,0,0.519255346,59,0,2967.0,5400.0,14,0,1,0,0.0,0.5493427143121644,1187.1115532076,Senior,-1,1,0
47735,0,0.026435529,78,0,2295.0,5400.0,8,0,1,0,0.0,0.4249213108683577,918.0158613174,Senior,-1,1,0
47770,0,0.0,50,0,3208.0,5400.0,7,0,1,0,1.0,0.5939640807257915,1283.2,Mid,-1,1,0
47789,0,0.122504684,40,0,2885.0,5400.0,15,0,2,0,3.0,0.5341603406776523,1154.0735028104,Mid,-1,1,0
47812,1,0.25354929,46,0,4171.0,5400.0,6,0,4,0,0.0,0.7722643954823181,1668.552129574,Mid,-1,1,0
47822,0,0.9999999,28,1,717.0,5400.0,4,0,0,0,0.0,0.1327531938529902,287.39999994,Young,-1,1,0
47826,0,0.445468062,44,0,2287.0,5400.0,9,0,1,0,1.0,0.4234401036845028,915.0672808372,Mid,-1,1,0
47887,0,0.079323017,58,0,4131.0,5400.0,4,0,2,0,0.0,0.7648583595630439,1652.4475938102,Senior,-1,1,0
47893,0,0.968712804,51,0,4083.0,5400.0,11,0,1,0,1.0,0.7559711164599149,1633.7812276824,Senior,-1,1,0
47909,0,0.320792871,47,0,8501.0,5400.0,6,0,1,0,0.0,1.5739677837437511,3400.5924757226003,Mid,-1,1,1
47964,0,0.071457569,56,1,5873.0,5400.0,24,0,1,0,0.0,1.0873912238474357,2349.2428745414004,Senior,-1,1,0
47979,0,0.080395775,52,0,5089.0,5400.0,18,0,2,0,0.0,0.9422329198296612,2035.648237465,Senior,-1,1,0
47992,0,0.822597647,39,0,4175.0,5400.0,18,0,0,0,1.0,0.7730049990742455,1670.4935585882,Mid,-1,1,0
48007,0,0.634710331,50,0,4025.0,5400.0,7,0,3,0,0.0,0.7452323643769673,1610.3808261986,Mid,-1,1,0
48029,0,0.021070488,45,0,4207.0,5400.0,5,0,1,0,0.0,0.7789298278096649,1682.8126422928,Mid,-1,1,0
48048,0,0.057669258,38,0,3180.0,5400.0,13,0,1,0,0.0,0.5887798555822996,1272.0346015548,Mid,-1,1,0
48066,0,0.012526406,59,0,3759.0,5400.0,14,0,2,0,0.0,0.6959822255137937,1503.6075158436,Senior,-1,1,0
48114,0,0.764641861,47,0,3182.0,5400.0,8,0,2,0,0.0,0.5891501573782633,1273.2587851166002,Mid,-1,1,0
48148,0,0.344903935,41,0,3531.0,5400.0,3,0,1,0,0.0,0.6537678207739308,1412.6069423610002,Mid,-1,1,0
48160,0,0.448938962,52,0,2996.0,5400.0,6,0,2,0,0.0,0.5547120903536382,1198.6693633772002,Senior,-1,1,0
48169,0,0.047065958,63,0,5288.0,5400.0,12,0,3,0,1.0,0.9790779485280504,2115.2282395748,Senior,-1,1,0
48201,0,0.013689513,67,0,4011.0,5400.0,20,0,2,0,0.0,0.7426402518052213,1604.4082137078,Senior,-1,1,0
48243,0,0.05054086,33,0,4821.0,5400.0,9,0,3,0,0.0,0.892612479170524,1928.430324516,Mid,-1,1,0
48266,0,0.972668489,38,0,3063.0,5400.0,7,0,2,0,4.0,0.5671172005184225,1225.7836010934,Mid,-1,1,0
48273,0,0.438630079,64,0,2769.0,5400.0,7,0,2,0,3.0,0.5126828365117571,1107.8631780474002,Senior,-1,1,0
48289,0,0.0,58,0,4729.0,5400.0,24,0,7,0,0.0,0.8755785965561933,1891.6,Senior,-1,1,0
48323,0,0.906283749,55,0,2205.0,5400.0,6,0,1,0,0.0,0.4082577300499907,882.5437702494,Senior,-1,1,0
48349,0,0.867072625,46,0,2410.0,5400.0,3,0,0,0,0.0,0.446213664136271,964.520243575,Mid,-1,1,0
48353,0,0.421897165,26,1,3228.0,5400.0,16,0,2,0,0.0,0.5976670986854287,1291.453138299,Young,-1,1,0
48369,0,0.127976062,57,0,6211.0,5400.0,35,0,2,0,0.0,1.1499722273653028,2484.4767856372,Senior,-1,1,0
48380,1,0.998777914,39,2,8086.0,5400.0,14,0,1,0,0.0,1.4971301610812813,3234.9992667484003,Mid,-1,1,1
48384,1,0.9999999,34,0,1247.0,5400.0,1,2,1,1,0.0,0.2308831697833734,499.39999994,Mid,-1,1,0
48385,0,0.538026945,60,2,2836.0,5400.0,9,1,1,1,0.0,0.5250879466765414,1134.722816167,Senior,-1,1,0
48413,0,0.016745766,56,0,8135.0,5400.0,18,0,6,0,2.0,1.506202555082392,3254.0100474596,Senior,-1,1,1
48433,0,0.212465213,44,0,2760.0,5400.0,13,0,1,0,0.0,0.5110164784299204,1104.1274791278,Mid,-1,1,0
48439,0,0.192116323,56,1,1005.0,1.0,9,0,1,0,2.0,502.5,402.1152697938,Senior,-1,1,1
48482,0,0.121090207,74,0,2664.0,5400.0,3,0,1,0,1.0,0.4932419922236623,1065.6726541242,Senior,-1,1,0
48485,0,0.213144845,59,0,3621.0,5400.0,8,0,2,0,2.0,0.6704314015922977,1448.527886907,Senior,-1,1,0
48492,0,0.120372402,45,0,7205.0,5400.0,8,0,3,0,0.0,1.3340122199592668,2882.0722234412,Mid,-1,1,1
48495,1,0.873860629,55,0,3953.0,5400.0,11,0,2,0,0.0,0.7319014997222737,1581.7243163774,Senior,-1,1,0
48499,0,0.785484247,40,0,2673.0,5400.0,8,1,2,0,0.0,0.4949083503054989,1069.6712905482,Mid,-1,1,0
48501,0,0.613673425,60,1,3472.0,5400.0,13,0,2,0,0.0,0.6428439177930013,1389.1682040550002,Senior,-1,1,0
48504,0,0.762843489,71,0,1501.0,5400.0,6,0,1,0,0.0,0.2779114978707647,600.8577060934,Senior,-1,1,0
48571,1,0.9999999,31,4,1082.0,5400.0,4,4,0,1,0.0,0.2003332716163673,433.39999994,Mid,-1,1,0
48574,0,0.265338773,37,2,334.0,1.0,12,0,0,0,0.0,167.0,133.7592032638,Mid,-1,1,0
48587,0,0.49904118,42,0,3394.0,5400.0,24,0,1,0,1.0,0.6284021477504166,1357.8994247080002,Mid,-1,1,0
48616,0,0.01819909,51,1,5649.0,5400.0,9,0,2,0,0.0,1.0459174226995,2259.610919454,Senior,-1,1,0
48629,0,0.060365244,37,0,3803.0,5400.0,7,0,2,0,3.0,0.7041288650249954,1521.2362191464,Mid,-1,1,0
48652,0,0.378781283,38,2,5162.0,5400.0,15,0,1,0,1.0,0.9557489353823366,2065.0272687698,Mid,-1,1,0
48670,0,0.9999999,55,0,1538.0,5400.0,4,0,1,0,0.0,0.2847620810960933,615.79999994,Senior,-1,1,0
48689,1,0.370453137,36,0,3141.0,5400.0,7,0,2,0,0.0,0.5815589705610072,1256.6222718822,Mid,-1,1,0
48696,0,0.235059041,62,0,1331.5,1.0,8,0,1,0,0.0,665.75,532.7410354246,Senior,-1,1,1
48728,1,0.9999999,24,1,476.0,5400.0,2,0,0,1,0.0,0.088131827439363,190.99999994,Young,-1,1,0
48844,0,0.200430703,25,0,94.0,1.0,10,0,0,0,0.0,47.0,37.7202584218,Young,-1,1,0
48849,0,0.818552419,27,0,1380.0,5400.0,3,0,0,0,0.0,0.2555082392149602,552.4911314514,Young,-1,1,0
48890,1,0.829887198,49,0,7109.0,5400.0,7,0,1,0,0.0,1.316237733753009,2844.0979323188003,Mid,-1,1,1
48899,0,0.061181399,54,0,4401.0,5400.0,11,0,2,0,2.0,0.8148491020181448,1760.4367088394,Senior,-1,1,0
48902,0,0.287329174,55,0,4486.0,5400.0,20,0,2,0,0.0,0.8305869283466025,1794.5723975044,Senior,-1,1,0
48909,0,0.04781173,50,0,3785.0,5400.0,9,0,4,0,0.0,0.700796148861322,1514.028687038,Mid,-1,1,0
48934,0,0.357668257,46,0,3416.0,5400.0,10,0,2,0,0.0,0.6324754675060174,1366.6146009542,Mid,-1,1,0
49012,0,0.684222081,60,0,3976.0,5400.0,25,0,2,0,2.0,0.7361599703758563,1590.8105332486,Senior,-1,1,0
49036,0,0.0,50,0,3569.0,5400.0,4,0,2,0,0.0,0.6608035548972413,1427.6,Mid,-1,1,0
49040,0,0.511595912,43,0,5243.0,5400.0,15,0,1,0,0.0,0.9707461581188668,2097.5069575472003,Mid,-1,1,0
49041,1,0.963229416,37,2,1812.0,5400.0,8,2,1,1,0.0,0.3354934271431216,725.3779376496001,Mid,-1,1,0
49045,0,0.129399537,54,0,6432.0,5400.0,14,0,3,0,2.0,1.1908905758192927,2572.8776397222,Senior,-1,1,0
49060,0,0.9999999,41,0,1226.0,5400.0,1,0,1,0,0.0,0.2269950009257545,490.99999994,Mid,-1,1,0
49084,0,0.0,62,0,3436.0,5400.0,9,0,2,0,2.0,0.6361784854656545,1374.4,Senior,-1,1,0
49112,0,0.766017999,28,0,1340.0,5400.0,6,0,1,0,0.0,0.248102203295686,536.4596107994,Young,-1,1,0
49114,0,0.573010442,68,0,3265.0,5400.0,21,0,0,0,0.0,0.6045176819107573,1306.3438062652,Senior,-1,1,0
49217,0,0.448961267,56,0,4969.0,5400.0,4,0,1,0,0.0,0.9200148120718386,1987.8693767602,Senior,-1,1,0
49224,0,0.11688849,46,1,4220.0,5400.0,4,0,2,0,0.0,0.781336789483429,1688.070133094,Mid,-1,1,0
49236,0,0.193770601,54,0,3483.0,5400.0,6,0,2,0,0.0,0.6448805776708018,1393.3162623606,Senior,-1,1,0
49237,0,0.145297892,85,0,3848.0,5400.0,19,0,2,0,0.0,0.7124606554341788,1539.2871787352,Senior,-1,1,0
49317,0,0.609911304,42,1,3542.0,5400.0,14,0,2,0,0.0,0.6558044806517311,1417.1659467824002,Mid,-1,1,0
49318,0,0.9999999,63,0,3434.0,5400.0,2,0,1,0,0.0,0.6358081836696908,1374.1999999400002,Senior,-1,1,0
49343,1,0.9999999,26,1,436.0,5400.0,4,1,0,0,0.0,0.0807257915200888,174.99999994,Young,-1,1,0
49357,0,0.15239746,54,0,4320.0,5400.0,11,0,3,0,2.0,0.7998518792816145,1728.091438476,Senior,-1,1,0
49391,0,0.581752983,32,2,2647.0,5400.0,11,0,2,1,0.0,0.4900944269579707,1059.1490517897998,Mid,-1,1,0
49408,0,0.18853215,61,0,4903.0,5400.0,14,0,2,0,1.0,0.907794852805036,1961.31311929,Senior,-1,1,0
49417,0,0.9999999,40,0,2426.0,5400.0,3,0,1,0,0.0,0.4491760785039807,970.99999994,Mid,-1,1,0
49422,0,0.83664842,35,1,2776.0,5400.0,10,0,1,0,0.0,0.5139788927976301,1110.901989052,Mid,-1,1,0
49450,0,0.195397012,55,0,3503.0,5400.0,17,0,2,0,0.0,0.6485835956304388,1401.3172382072,Senior,-1,1,0
49625,0,0.9999999,66,0,2564.0,5400.0,2,0,1,0,0.0,0.4747269024254767,1026.1999999400002,Senior,-1,1,0
49631,0,0.059932334,56,0,3603.0,5400.0,7,0,1,0,0.0,0.6670986854286244,1441.2359594004,Senior,-1,1,0
49648,0,0.102877801,54,0,182.5,1.0,4,0,1,0,2.0,91.25,73.0617266806,Senior,-1,1,0
49663,0,0.301457659,44,0,4256.0,5400.0,10,0,1,0,1.0,0.7880022218107757,1702.5808745954,Mid,-1,1,0
49718,0,0.017924547,61,0,4020.0,5400.0,10,0,2,0,0.0,0.744306609887058,1608.0107547282,Senior,-1,1,0
49737,0,0.9999999,62,0,1920.0,5400.0,8,0,1,0,0.0,0.355489724125162,768.59999994,Senior,-1,1,0
49756,0,0.528260407,48,1,7953.0,5400.0,10,0,2,0,3.0,1.4725050916496945,3181.5169562442,Mid,-1,1,1
49765,0,0.912349525,76,0,914.0,5400.0,8,0,0,0,0.0,0.1692279207554156,366.147409715,Senior,-1,1,0
49786,0,0.301598154,37,0,2501.0,5400.0,5,0,2,0,0.0,0.4630623958526199,1000.5809588924,Mid,-1,1,0
49796,0,0.059971659,64,0,3345.0,5400.0,9,0,1,0,0.0,0.6193297537493057,1338.0359829954,Senior,-1,1,0
49797,0,0.253746311,59,0,3651.0,5400.0,14,0,1,0,0.0,0.6759859285317534,1460.5522477866,Senior,-1,1,0
49800,0,0.250752956,60,0,4541.0,5400.0,13,0,2,0,1.0,0.8407702277356045,1816.5504517736,Senior,-1,1,0
49815,0,0.0,51,0,6281.0,5400.0,18,0,4,0,3.0,1.1629327902240325,2512.4,Senior,-1,1,0
49816,1,0.134569124,72,1,7788.0,5400.0,13,0,7,0,0.0,1.4419551934826884,3115.2807414744,Senior,-1,1,1
49830,0,0.303095683,44,0,2723.0,5400.0,10,0,2,0,2.0,0.5041658952045918,1089.3818574098,Mid,-1,1,0
49842,1,0.9999999,29,0,707.0,5400.0,5,0,0,0,0.0,0.1309016848731716,283.39999994,Young,-1,1,0
49843,0,0.298143823,42,0,2841.0,5400.0,17,0,1,0,0.0,0.5260137011664506,1136.5788862938,Mid,-1,1,0
49852,0,0.382366488,43,3,2916.0,5400.0,9,0,1,0,2.0,0.5399000185150898,1166.6294198928,Mid,-1,1,0
49874,0,0.035019786,41,0,985.5,1.0,12,0,1,0,4.0,492.75,394.22101187160007,Mid,-1,1,1
49920,0,0.906723167,50,1,2725.0,5400.0,16,0,2,0,0.0,0.5045361970005554,1090.5440339002,Mid,-1,1,0
49937,0,0.01067346,55,0,4113.0,5400.0,13,0,5,0,2.0,0.7615256433993705,1645.206404076,Senior,-1,1,0
49950,1,0.829251455,54,3,4849.0,5400.0,30,0,2,0,0.0,0.8977967043140159,1940.097550873,Senior,-1,1,0
49985,1,0.9999999,31,0,872.0,5400.0,6,1,1,0,0.0,0.1614515830401777,349.39999994,Mid,-1,1,0
49999,0,0.900189622,54,1,7221.0,5400.0,11,0,2,0,0.0,1.3369746343269764,2888.9401137732,Senior,-1,1,1
50002,0,0.228692356,72,0,2982.0,5400.0,10,0,2,0,0.0,0.5521199777818923,1192.9372154136,Senior,-1,1,0
50011,0,0.052752027,64,0,3534.0,5400.0,12,0,2,0,1.0,0.6543232734678763,1413.6316512162002,Senior,-1,1,0
50020,1,0.9999999,43,0,3759.0,5400.0,4,0,1,0,0.0,0.6959822255137937,1504.1999999400002,Mid,-1,1,0
50025,0,0.133121672,63,0,4359.0,5400.0,9,0,2,0,0.0,0.8070727643029069,1743.6798730032,Senior,-1,1,0
50026,0,0.9999999,44,0,1246.0,1.0,6,0,2,0,2.0,623.0,498.99999994,Mid,-1,1,1
50131,0,0.224633734,54,0,8026.0,5400.0,10,0,2,0,1.0,1.48602110720237,3210.5347802404,Senior,-1,1,1
50137,0,0.21962879,60,0,8143.0,5400.0,16,0,1,0,0.0,1.507683762266247,3257.331777274,Senior,-1,1,1
50188,0,0.961921015,74,0,1785.0,5400.0,9,0,0,0,0.0,0.3304943528976115,714.577152609,Senior,-1,1,0
50191,0,0.132076613,38,0,3738.0,5400.0,10,0,2,0,0.0,0.6920940566561747,1495.2792459678,Mid,-1,1,0
50240,0,0.464306023,66,0,5217.0,5400.0,34,0,5,0,0.0,0.9659322347713386,2087.0785836138,Senior,-1,1,0
50283,0,0.471726414,47,0,3520.0,5400.0,9,0,2,0,2.0,0.6517311608961304,1408.2830358484,Mid,-1,1,0
50293,0,0.0,59,0,3369.0,5400.0,10,0,2,0,0.0,0.6237733753008702,1347.6,Senior,-1,1,0
50338,0,0.861401722,30,0,3977.0,5400.0,5,0,1,0,0.0,0.7363451212738382,1591.3168410332005,Young,-1,1,0
50375,0,0.000923057,42,0,4539.0,5400.0,10,0,2,0,2.0,0.8403999259396409,1815.6005538342,Mid,-1,1,0
50387,0,0.645365332,39,0,400.0,1.0,9,0,0,1,0.0,200.0,160.3872191992,Mid,-1,1,0
50403,0,0.852857357,43,0,2424.0,5400.0,6,0,1,0,4.0,0.448805776708017,970.1117144142,Mid,-1,1,0
50413,0,0.000469557,73,0,2457.0,5400.0,18,0,2,0,0.0,0.4549157563414182,982.8002817342,Senior,-1,1,0
50459,0,0.341182941,68,0,2717.0,5400.0,2,0,1,0,0.0,0.5030549898167006,1087.0047097646,Senior,-1,1,0
50504,0,0.035172902,73,0,3886.0,5400.0,12,0,1,0,1.0,0.7194963895574894,1554.4211037412,Senior,-1,1,0
50507,0,0.550011306,53,0,3389.0,5400.0,8,0,3,0,0.0,0.6274763932605073,1355.9300067836002,Senior,-1,1,0
50541,0,0.9999999,57,0,4939.0,5400.0,4,0,3,0,0.0,0.9144602851323828,1976.19999994,Senior,-1,1,0
50577,0,0.001512859,56,0,645.0,1.0,5,0,1,0,0.0,322.5,258.0009077154,Senior,-1,1,1
50596,0,0.493904229,53,0,6867.0,5400.0,12,0,3,0,0.0,1.2714312164413997,2747.0963425374,Senior,-1,1,1
50648,0,0.338594133,40,0,2572.0,5400.0,10,0,4,0,0.0,0.4762081096093316,1029.0031564798,Mid,-1,1,0
50653,0,0.9999999,30,0,692.0,5400.0,2,0,0,0,0.0,0.1281244214034438,277.39999994,Young,-1,1,0
50680,0,0.020543587,63,0,3606.0,5400.0,6,0,2,0,0.0,0.6676541381225699,1442.4123261522002,Senior,-1,1,0
50767,0,0.66741833,63,0,7020.0,5400.0,10,0,1,0,0.0,1.2997593038326236,2808.400450998,Senior,-1,1,1
50778,0,0.9999999,21,0,400.0,5400.0,1,0,0,0,0.0,0.074060359192742,160.59999994,Young,-1,1,0
50791,0,0.095597103,58,2,3443.0,5400.0,19,0,2,0,0.0,0.6374745417515275,1377.2573582618,Senior,-1,1,0
50808,0,0.509345794,53,0,3057.0,5400.0,18,0,2,0,1.0,0.5660062951305314,1223.1056074764,Senior,-1,1,0
50838,0,0.91692359,28,0,877.0,5400.0,5,1,0,1,0.0,0.162377337530087,351.350154154,Young,-1,1,0
50840,0,0.037003772,61,0,5109.0,5400.0,10,0,2,0,0.0,0.9459359377892984,2043.6222022632,Senior,-1,1,0
50873,0,0.740906512,44,0,1123.0,1.0,13,0,2,0,2.0,561.5,449.6445439072001,Mid,-1,1,1
50901,0,0.448109901,41,0,6238.0,5400.0,12,0,6,0,2.0,1.1549713016108127,2495.4688659406,Mid,-1,1,0
50902,0,0.822242998,68,2,3929.0,5400.0,14,0,2,0,0.0,0.7274578781707092,1572.0933457988,Senior,-1,1,0
50946,0,0.353684047,65,0,1698.0,1.0,11,0,2,0,0.0,849.0,679.4122104282001,Senior,-1,1,1
50971,0,0.022237566,80,0,3355.0,5400.0,5,0,1,0,0.0,0.6211812627291242,1342.0133425396,Senior,-1,1,0
50978,0,0.812886695,55,0,2856.0,5400.0,5,0,1,0,0.0,0.5287909646361785,1142.8877320170002,Senior,-1,1,0
50989,0,0.9999999,29,1,631.0,5400.0,2,0,0,0,0.0,0.1168302166265506,252.99999994,Young,-1,1,0
51088,0,0.247408279,33,0,6785.0,5400.0,8,0,4,0,0.0,1.2562488428068876,2714.1484449674,Mid,-1,1,1
51091,0,0.042991642,62,1,3991.0,5400.0,17,0,3,0,0.0,0.7389372338455842,1596.4257949852,Senior,-1,1,0
51106,0,0.0,44,0,11247.0,5400.0,4,0,2,0,0.0,2.0823921496019255,4498.8,Mid,-1,1,1
51110,0,0.296882102,60,0,3915.0,5400.0,12,0,1,0,0.0,0.7248657655989632,1566.1781292612,Senior,-1,1,0
51118,0,0.306307337,51,0,3769.0,5400.0,8,0,2,0,0.0,0.6978337344936123,1507.7837844022,Senior,-1,1,0
51125,0,0.50191944,35,0,7163.0,5400.0,13,0,5,0,0.0,1.3262358822440288,2865.501151664,Mid,-1,1,1
51130,1,0.9999999,73,2,536.0,5400.0,3,2,0,0,0.0,0.0992408813182744,214.99999994,Senior,-1,1,0
51149,0,0.832335329,31,0,5896.0,5400.0,6,0,2,0,0.0,1.0916496945010183,2358.8994011974,Mid,-1,1,0
51163,0,0.028922039,53,0,7605.0,5400.0,11,0,2,0,0.0,1.4080725791520088,3042.0173532234,Senior,-1,1,1
51174,0,0.409173443,74,0,20637.0,5400.0,8,0,5,0,0.0,3.820959081651546,8255.045504065802,Senior,-1,1,1
51182,0,0.453986228,55,1,4803.0,5400.0,22,0,2,0,0.0,0.8892797630068506,1921.4723917368,Senior,-1,1,0
51195,0,0.470860908,88,0,3095.0,5400.0,10,0,2,0,0.0,0.5730420292538418,1238.2825165448,Senior,-1,1,0
51216,0,0.166515599,41,0,1853.0,1.0,3,0,1,1,0.0,926.5,741.2999093594001,Mid,-1,1,1
51222,0,0.036609951,36,0,5003.0,5400.0,20,0,3,0,0.0,0.9263099426032216,2001.2219659706,Mid,-1,1,0
51226,0,0.006899655,47,0,4605.0,5400.0,6,0,2,0,2.0,0.8526198852064433,1842.004139793,Mid,-1,1,0
51235,0,0.049410311,62,0,3876.0,5400.0,14,0,1,0,0.0,0.7176448805776708,1550.4296461866002,Senior,-1,1,0
51242,0,0.248408653,61,0,140.5,1.0,7,0,0,0,0.0,70.25,56.3490451918,Senior,-1,1,0
51265,0,0.064663351,68,0,4797.0,5400.0,10,0,1,0,0.0,0.8881688576189595,1918.8387980106,Senior,-1,1,0
51322,0,0.249451901,33,0,3768.0,5400.0,9,0,2,0,0.0,0.6976485835956304,1507.3496711406,Mid,-1,1,0
51346,0,0.000539789,70,0,11150.0,5400.0,19,0,4,0,0.0,2.0644325124976857,4460.0003238734,Senior,-1,1,1
51357,0,0.768536774,66,0,3439.0,5400.0,17,0,1,1,2.0,0.6367339381596001,1376.0611220644,Senior,-1,1,0
51420,0,0.26324357,51,0,6438.0,5400.0,6,0,4,0,3.0,1.1920014812071835,2575.3579461420004,Senior,-1,1,0
51451,0,0.043162217,80,0,32.5,1.0,5,0,0,0,0.0,16.25,13.0258973302,Senior,-1,1,0
51512,0,0.361005668,60,0,5714.0,5400.0,15,0,3,0,0.0,1.0579522310683207,2285.8166034008,Senior,-1,1,0
51525,0,0.9999999,50,0,1499.0,5400.0,4,0,1,0,0.0,0.277541196074801,600.19999994,Mid,-1,1,0
51594,0,0.763470429,61,0,2327.0,5400.0,5,0,1,0,0.0,0.4308461396037771,931.2580822574,Senior,-1,1,0
51597,0,0.318483318,48,0,3181.0,5400.0,8,0,2,0,0.0,0.5889650064802814,1272.5910899908,Mid,-1,1,0
51599,1,0.9999999,61,0,1285.0,5400.0,1,0,1,0,0.0,0.2379189039066839,514.59999994,Senior,-1,1,0
51601,0,0.117613113,54,0,8269.0,5400.0,24,0,11,0,0.0,1.531012775411961,3307.6705678678004,Senior,-1,1,1
51604,0,0.9999999,50,0,3525.0,5400.0,6,0,1,0,0.0,0.6526569153860396,1410.59999994,Mid,-1,1,0
51608,0,0.340416046,43,0,7300.0,5400.0,19,0,5,0,2.0,1.351601555267543,2920.2042496276,Mid,-1,1,1
51639,0,0.416926609,71,0,6761.0,5400.0,24,0,1,0,2.0,1.251805221255323,2704.6501559654,Senior,-1,1,1
51671,0,0.032733156,73,0,2664.0,5400.0,12,0,2,0,0.0,0.4932419922236623,1065.6196398936002,Senior,-1,1,0
51672,0,0.055172852,76,0,3313.0,5400.0,4,0,1,0,0.0,0.6134049250138863,1325.2331037112,Senior,-1,1,0
51680,0,0.9999999,57,0,1938.0,5400.0,2,0,1,0,0.0,0.3588224402888354,775.79999994,Senior,-1,1,0
51691,0,0.0,67,0,4793.0,5400.0,14,0,3,0,0.0,0.8874282540270321,1917.2,Senior,-1,1,0
51698,0,0.0042803,61,0,3438.0,5400.0,19,0,2,0,0.0,0.6365487872616182,1375.20256818,Senior,-1,1,0
51720,0,0.225384747,51,0,3690.0,5400.0,9,0,1,0,0.0,0.6832068135530457,1476.1352308482,Senior,-1,1,0
51738,0,0.853637691,82,0,2432.0,5400.0,17,0,0,0,0.0,0.4502869838918719,973.3121826146,Senior,-1,1,0
51756,0,0.9999999,67,0,5328.0,5400.0,7,0,3,0,0.0,0.9864839844473244,2131.7999999400004,Senior,-1,1,0
51761,0,0.9999999,27,0,781.0,5400.0,3,1,0,0,0.0,0.1446028513238289,312.99999994,Young,-1,1,0
51794,0,0.30174793,45,1,325.5,1.0,5,0,0,0,5.0,162.75,130.38104875800002,Mid,-1,1,0
51827,0,0.492801708,60,0,10157.0,5400.0,16,0,3,0,0.0,1.8805776708017037,4063.0956810248,Senior,-1,1,1
51887,0,0.960601784,70,1,4744.0,5400.0,19,0,2,0,1.0,0.8783558600259211,1898.1763610704,Senior,-1,1,0
51897,0,0.052701349,83,4,4042.0,5400.0,15,0,2,0,0.0,0.7483799296426588,1616.8316208094002,Senior,-1,1,0
51899,0,0.9999999,49,0,2882.0,5400.0,4,1,1,0,2.0,0.5336048879837068,1153.39999994,Mid,-1,1,0
51908,0,0.575221544,60,0,446.5,1.0,3,0,0,0,1.0,223.25,178.94513292640002,Senior,-1,1,0
51921,0,0.645369457,67,0,5499.0,5400.0,6,0,2,0,1.0,1.018144788002222,2199.9872216742,Senior,-1,1,0
51935,1,0.698706839,73,0,1745.0,5400.0,2,1,1,0,0.0,0.3230883169783373,698.4192241034,Senior,-1,1,0
51936,0,0.015399487,40,0,4663.0,5400.0,3,0,2,0,0.0,0.8633586372893909,1865.2092396922,Mid,-1,1,0
51943,0,0.224991,39,0,6003.0,5400.0,7,0,2,0,0.0,1.1114608405850768,2401.3349946000003,Mid,-1,1,0
51958,0,0.003349833,52,0,4811.0,5400.0,11,0,3,0,0.0,0.8907609701907054,1924.4020098998,Senior,-1,1,0
51987,0,0.0,56,0,7193.0,5400.0,4,1,1,0,0.0,1.3317904091834845,2877.2000000000003,Senior,-1,1,1
52015,0,0.26178267,67,0,3364.0,5400.0,19,0,2,0,0.0,0.6228476208109609,1345.7570696020002,Senior,-1,1,0
52059,0,0.007853275,44,0,15070.0,5400.0,10,0,7,0,1.0,2.790224032586558,6028.004711965,Mid,-1,1,1
52081,0,0.415651272,64,0,5200.0,5400.0,13,0,3,0,0.0,0.9627846695056472,2080.2493907632,Senior,-1,1,0
52166,0,0.0,61,0,4251.0,5400.0,15,0,2,0,1.0,0.7870764673208666,1700.4,Senior,-1,1,0
52173,0,0.832364594,62,0,2827.0,5400.0,11,1,1,0,0.0,0.5234215885947047,1131.2994187564,Senior,-1,1,0
52202,0,0.179256669,33,0,5152.0,5400.0,8,0,2,0,0.0,0.953897426402518,2060.9075540014,Mid,-1,1,0
52216,0,0.0,67,0,4946.0,5400.0,6,0,2,0,0.0,0.915756341418256,1978.4,Senior,-1,1,0
52227,0,0.337176682,59,0,3196.0,5400.0,9,0,2,0,2.0,0.5917422699500092,1278.6023060092,Senior,-1,1,0
52245,0,0.141481757,34,0,3269.0,5400.0,6,0,2,0,0.0,0.6052582855026847,1307.6848890542,Mid,-1,1,0
52253,0,0.9999999,62,2,1330.0,5400.0,2,0,1,1,0.0,0.2462506943158674,532.59999994,Senior,-1,1,0
52322,0,0.010604158,30,0,6249.0,5400.0,9,0,2,0,0.0,1.1570079614886133,2499.6063624948006,Young,-1,1,0
52334,0,0.9999999,41,0,1956.0,5400.0,5,0,1,0,0.0,0.3621551564525088,782.9999999400001,Mid,-1,1,0
52368,0,0.9999999,28,0,31.5,1.0,1,0,0,0,0.0,15.75,13.19999994,Young,-1,1,0
52378,0,0.87617231,65,0,4298.0,5400.0,8,0,1,0,0.0,0.7957785595260137,1719.725703386,Senior,-1,1,0
52387,0,0.798345492,57,0,7504.0,5400.0,20,0,2,0,0.0,1.3893723384558414,3002.0790072952004,Senior,-1,1,1
52545,0,0.0,40,0,3205.5,1.0,5,0,2,0,0.0,1602.75,1282.2,Mid,-1,1,1
52615,0,0.188246141,36,0,2459.0,5400.0,6,0,1,0,1.0,0.455286058137382,983.7129476846,Mid,-1,1,0
52649,0,0.050815872,45,0,865.0,1.0,4,0,1,0,2.0,432.5,346.0304895232,Mid,-1,1,1
52661,0,0.990868661,57,0,1741.0,1.0,10,0,1,0,0.0,870.5,696.9945211966001,Senior,-1,1,1
52672,0,0.075176098,57,0,4644.0,5400.0,22,0,2,0,0.0,0.8598407702277356,1857.6451056588,Senior,-1,1,0
52680,0,0.235889528,59,0,3172.0,5400.0,14,0,2,0,0.0,0.5872986483984447,1268.9415337168002,Senior,-1,1,0
52706,0,0.400517405,59,0,8832.0,5400.0,17,0,3,0,0.0,1.6352527309757452,3533.040310443,Senior,-1,1,1
52711,0,0.9999999,65,0,1611.0,5400.0,6,0,1,0,0.0,0.2982780966487687,644.9999999400001,Senior,-1,1,0
52727,0,0.180540973,48,0,6540.0,5400.0,6,0,1,0,0.0,1.2108868728013331,2616.1083245838,Mid,-1,1,1
52746,0,0.9999999,46,1,4434.0,5400.0,5,0,2,0,0.0,0.820959081651546,1774.1999999400002,Mid,-1,1,0
52749,0,0.183911245,80,0,2368.0,5400.0,9,0,3,0,0.0,0.4384373264210331,947.310346747,Senior,-1,1,0
52799,0,0.04775271,43,0,3302.0,5400.0,15,0,2,0,2.0,0.6113682651360859,1320.8286516260002,Mid,-1,1,0
52846,0,0.000308938,53,0,6217.0,5400.0,9,0,1,0,0.0,1.1510831327531938,2486.8001853628,Senior,-1,1,0
52890,0,0.9999999,65,0,3319.0,5400.0,7,0,3,0,1.0,0.6145158304017775,1328.1999999400002,Senior,-1,1,0
52896,0,0.9999999,69,0,1591.0,5400.0,4,0,1,0,0.0,0.2945750786891316,636.9999999400001,Senior,-1,1,0
52928,0,0.058066111,39,0,3421.0,5400.0,6,0,1,0,0.0,0.6334012219959266,1368.4348396666,Mid,-1,1,0
52982,0,0.908122503,33,0,1068.0,5400.0,4,0,1,0,0.0,0.1977411590446213,427.7448735018,Mid,-1,1,0
52994,0,0.03248847,33,1,2875.0,5400.0,5,0,2,0,0.0,0.5323088316978337,1150.019493082,Mid,-1,1,0
53000,0,0.019684419,46,1,3555.0,5400.0,10,0,2,0,4.0,0.6582114423254953,1422.0118106514,Mid,-1,1,0
53012,0,0.004183261,86,0,1834.0,5400.0,8,0,1,0,0.0,0.3395667468987224,733.6025099566,Senior,-1,1,0
53018,0,0.679436002,46,2,2834.0,5400.0,15,0,1,0,0.0,0.5247176448805777,1134.0076616012002,Mid,-1,1,0
53051,0,0.043560668,37,0,2805.0,5400.0,9,0,1,0,0.0,0.5193482688391039,1122.0261364008,Mid,-1,1,0
53070,0,0.911823132,67,0,5908.0,5400.0,25,0,1,0,0.0,1.0938715052768009,2363.7470938792003,Senior,-1,1,0
53077,0,0.095984631,44,0,3398.0,5400.0,8,0,3,0,2.0,0.629142751342344,1359.2575907786,Mid,-1,1,0
53089,0,0.72631842,58,1,2559.0,5400.0,7,0,1,0,0.0,0.4738011479355675,1024.035791052,Senior,-1,1,0
53141,0,0.028613611,40,0,3123.0,5400.0,4,0,1,0,0.0,0.5782262543973338,1249.2171681666,Mid,-1,1,0
53175,0,0.244347192,32,0,2464.0,5400.0,10,0,1,0,0.0,0.4562118126272912,985.7466083152,Mid,-1,1,0
53180,0,0.9999999,28,0,158.5,1.0,3,0,0,0,2.0,79.25,63.99999994000001,Young,-1,1,0
53202,0,0.477335392,73,0,2267.0,5400.0,5,0,2,0,0.0,0.4197370857248658,907.0864012352,Senior,-1,1,0
53212,0,0.0,59,0,8753.0,5400.0,6,0,5,0,0.0,1.6206258100351787,3501.2000000000003,Senior,-1,1,1
53221,0,0.032426255,69,0,232.5,1.0,3,0,0,0,0.0,116.25,93.019455753,Senior,-1,1,0
53223,0,0.025648718,45,0,3584.0,5400.0,8,0,1,0,0.0,0.663580818366969,1433.6153892308002,Mid,-1,1,0
53226,0,0.68059809,30,0,1129.0,5400.0,7,0,0,7,0.0,0.2090353638215145,452.0083588540001,Young,-1,1,0
53230,0,0.046411248,63,0,4225.0,5400.0,12,0,2,0,0.0,0.7822625439733383,1690.0278467488,Senior,-1,1,0
53233,0,0.9999999,60,1,1981.0,5400.0,4,0,1,0,0.0,0.3667839289020552,792.9999999400001,Senior,-1,1,0
53247,0,0.275710138,73,0,2963.0,5400.0,18,0,2,0,0.0,0.548602110720237,1185.3654260828,Senior,-1,1,0
53250,1,0.0,68,0,3271.0,5400.0,3,0,2,0,0.0,0.6056285872986484,1308.4,Senior,-1,1,0
53293,0,0.639232842,52,0,3223.0,5400.0,20,0,2,0,0.0,0.5967413441955194,1289.5835397052,Senior,-1,1,0
53327,0,0.043720983,39,0,6295.0,5400.0,12,0,4,0,0.0,1.1655249027957786,2518.0262325898,Mid,-1,1,0
53364,0,0.671995184,56,1,3544.0,5400.0,8,0,2,0,1.0,0.6561747824476949,1418.0031971104002,Senior,-1,1,0
53393,0,0.860470401,68,3,1967.0,5400.0,6,1,2,0,0.0,0.3641918163303092,787.3162822406001,Senior,-1,1,0
53423,0,0.9999999,37,0,1748.0,5400.0,2,0,1,0,2.0,0.3236437696722829,699.79999994,Mid,-1,1,0
53424,0,0.273803005,59,0,4504.0,5400.0,7,0,2,0,0.0,0.8339196445102759,1801.764281803,Senior,-1,1,0
53434,0,0.130571736,38,0,2862.0,5400.0,10,0,1,0,2.0,0.5299018700240696,1144.8783430416,Mid,-1,1,0
53529,0,0.95597672,50,2,3813.0,5400.0,8,2,1,0,0.0,0.705980374004814,1525.773586032,Mid,-1,1,0
53545,1,0.807236367,40,5,3431.0,5400.0,6,0,1,0,1.0,0.6352527309757452,1372.8843418202,Mid,-1,1,0
53562,0,0.743484816,60,1,2825.0,5400.0,6,0,1,0,0.0,0.523051286798741,1130.4460908896,Senior,-1,1,0
53567,0,0.948027076,65,0,1944.0,5400.0,8,0,0,0,0.0,0.3599333456767265,778.1688162456,Senior,-1,1,0
53575,0,0.248760742,42,0,3129.0,5400.0,9,0,2,0,4.0,0.5793371597852249,1251.7492564452002,Mid,-1,1,0
53581,0,0.9999999,47,0,1200.5,1.0,2,0,1,0,1.0,600.25,480.79999994,Mid,-1,1,1
53595,0,0.0,52,0,7032.0,5400.0,7,0,6,0,0.0,1.301981114608406,2812.8,Senior,-1,1,1
53619,0,0.300639103,66,0,2777.0,5400.0,6,0,2,0,0.0,0.514164043695612,1110.9803834618,Senior,-1,1,0
53649,0,0.616450311,39,0,3301.0,5400.0,6,0,2,0,2.0,0.611183114238104,1320.7698701866002,Mid,-1,1,0
53666,0,0.110021975,38,0,1418.5,1.0,8,0,2,0,2.0,709.25,567.466013185,Mid,-1,1,1
53683,0,0.9999999,89,0,61106.5,1.0,2,0,0,0,0.0,30553.25,24443.199999940003,Senior,-1,1,1
53712,0,0.833488639,65,3,2439.0,5400.0,8,0,2,0,0.0,0.4515830401777448,976.1000931834,Senior,-1,1,0
53713,0,0.342818345,65,1,4620.0,5400.0,14,0,1,0,2.0,0.8553971486761711,1848.205691007,Senior,-1,1,0
53774,0,0.540228089,46,2,2832.0,5400.0,5,0,1,1,0.0,0.524347343084614,1133.1241368534,Mid,-1,1,0
53788,1,0.9999999,56,1,2538.0,5400.0,3,2,1,0,0.0,0.4699129790779485,1015.79999994,Senior,-1,1,0
53824,0,0.669889866,66,0,7922.0,5400.0,9,0,2,0,0.0,1.466765413812257,3169.2019339196004,Senior,-1,1,1
53849,0,0.956008798,61,2,1781.0,5400.0,5,0,1,0,0.0,0.3297537493056841,712.9736052788,Senior,-1,1,0
53885,0,0.0,43,0,8391.0,5400.0,21,0,3,0,0.0,1.5536011849657472,3356.4,Mid,-1,1,1
53897,0,0.057075862,54,0,687.5,1.0,8,0,1,0,0.0,343.75,275.0342455172,Senior,-1,1,1
53914,0,0.9999999,69,0,964.0,5400.0,1,0,0,0,0.0,0.1784854656545084,386.19999994,Senior,-1,1,0
53916,1,0.010247908,45,1,3662.0,5400.0,19,0,1,0,0.0,0.6780225884095538,1464.8061487448,Mid,-1,1,0
53926,0,0.9999999,39,0,1063.0,5400.0,1,1,0,0,0.0,0.196815404554712,425.79999994,Mid,-1,1,0
53973,0,0.040097703,69,0,36.0,1.0,8,0,0,0,0.0,18.0,14.4240586218,Senior,-1,1,0
53986,0,0.965503806,46,0,4430.0,5400.0,19,0,2,0,0.0,0.8202184780596186,1772.5793022836,Mid,-1,1,0
54029,0,0.058148058,57,0,7022.0,5400.0,18,0,3,0,3.0,1.3001296056285874,2808.8348888348,Senior,-1,1,1
54075,0,0.932723267,54,0,5260.0,5400.0,9,0,3,0,0.0,0.9738937233845584,2104.5596339602,Senior,-1,1,0
54080,0,0.932568914,54,0,2755.0,5400.0,5,0,1,0,0.0,0.5100907239400111,1102.5595413484,Senior,-1,1,0
54113,0,0.303960628,56,0,5063.0,5400.0,4,0,3,0,0.0,0.9374189964821328,2025.3823763768,Senior,-1,1,0
54122,0,0.369465898,71,0,4847.0,5400.0,29,0,2,0,0.0,0.8974264025180522,1939.0216795388,Senior,-1,1,0
54131,0,0.00142849,41,0,4224.0,5400.0,6,0,2,0,0.0,0.7820773930753564,1689.600857094,Mid,-1,1,0
54158,1,0.936857318,32,1,2131.0,5400.0,18,0,0,0,1.0,0.3945565635993334,852.9621143908001,Mid,-1,1,0
54163,0,0.613335346,52,0,3722.0,5400.0,8,0,2,0,1.0,0.6891316422884651,1489.1680012076,Senior,-1,1,0
54188,0,0.330217976,55,0,3972.0,5400.0,15,0,2,0,1.0,0.7354193667839289,1588.9981307856,Senior,-1,1,0
54215,0,0.01997976,85,0,0.000353999,166666.0,15,0,0,0,0.0,2.123989752020496e-09,0.0121294556,Senior,-1,1,1
54238,0,0.0,38,0,2863.0,5400.0,6,0,3,0,0.0,0.5300870209220515,1145.2,Mid,-1,1,0
54303,0,0.262625695,46,1,3835.0,5400.0,8,0,2,0,1.0,0.7100536937604147,1534.157575417,Mid,-1,1,0
54343,0,0.838535319,29,0,1288.0,5400.0,8,0,0,0,1.0,0.2384743566006295,515.7031211914001,Young,-1,1,0
54353,0,0.056631446,34,0,3445.0,5400.0,6,0,2,0,0.0,0.6378448435474912,1378.0339788676,Mid,-1,1,0
54384,0,0.308525835,45,0,3437.0,5400.0,10,0,1,0,0.0,0.6363636363636364,1374.985115501,Mid,-1,1,0
54398,1,0.309373254,54,1,4369.0,5400.0,16,0,2,0,0.0,0.8089242732827254,1747.7856239524,Senior,-1,1,0
54411,0,0.044740301,69,0,3756.0,5400.0,11,0,3,0,0.0,0.6954267728198482,1502.4268441806,Senior,-1,1,0
54414,0,0.748489196,34,0,1929.0,5400.0,8,0,0,0,0.0,0.3571560822069987,772.0490935176,Mid,-1,1,0
54454,0,0.129806155,80,0,3532.0,5400.0,17,0,1,0,1.0,0.6539529716719126,1412.8778836930005,Senior,-1,1,0
54456,0,0.000481258,79,0,2433.0,5400.0,10,0,3,0,0.0,0.4504721347898537,973.2002887548,Senior,-1,1,0
54475,0,0.905962009,54,2,2452.0,5400.0,10,0,1,1,0.0,0.453990001851509,981.3435772054,Senior,-1,1,0
54479,0,0.272639566,52,0,3795.0,5400.0,12,0,1,0,0.0,0.7026476578411406,1518.1635837396,Senior,-1,1,0
54482,0,0.223547276,68,0,3357.0,5400.0,5,0,2,0,0.0,0.621551564525088,1342.9341283656,Senior,-1,1,0
54587,1,0.137577601,43,1,11977.0,5400.0,8,0,5,0,0.0,2.21755230512868,4790.8825465606005,Mid,-1,1,1
54595,0,0.079520056,33,0,3074.0,5400.0,6,0,2,0,0.0,0.569153860396223,1229.6477120336,Mid,-1,1,0
54598,0,0.019290685,67,0,13378.0,5400.0,9,0,4,0,0.0,2.476948713201259,5351.211574411001,Senior,-1,1,1
54615,0,0.052782596,64,0,5169.0,5400.0,10,0,1,0,0.0,0.9570449916682096,2067.6316695575997,Senior,-1,1,0
54633,0,0.993467102,55,0,5539.0,5400.0,10,0,2,0,0.0,1.025550823921496,2216.1960802612,Senior,-1,1,0
54684,0,0.008431579,63,0,3847.0,5400.0,11,0,2,0,0.0,0.712275504536197,1538.8050589474,Senior,-1,1,0
54686,0,0.044041616,76,0,2377.0,5400.0,9,0,2,0,0.0,0.4401036845028698,950.8264249696,Senior,-1,1,0
54702,0,0.9999999,33,0,2264.0,5400.0,3,0,1,0,0.0,0.4191816330309202,906.19999994,Mid,-1,1,0
54718,0,0.215068058,49,1,4185.0,5400.0,13,0,2,0,0.0,0.774856508054064,1674.1290408348,Mid,-1,1,0
54720,0,0.9999999,65,0,2499.0,5400.0,3,0,1,0,0.0,0.4626920940566562,1000.19999994,Senior,-1,1,0
54751,0,0.810536075,72,0,1763.0,5400.0,12,0,1,0,0.0,0.3264210331420107,705.686321645,Senior,-1,1,0
54789,0,0.11891393,33,0,3141.0,5400.0,7,0,1,0,0.0,0.5815589705610072,1256.471348358,Mid,-1,1,0
54791,0,0.613462179,50,3,3105.0,5400.0,6,1,1,1,0.0,0.5748935382336604,1242.3680773074,Mid,-1,1,0
54796,0,0.147878047,49,0,4919.0,5400.0,19,0,1,0,4.0,0.9107572671727456,1967.6887268282,Mid,-1,1,0
54860,0,0.007884065,88,0,5271.0,5400.0,15,0,2,0,0.0,0.9759303832623588,2108.404730439,Senior,-1,1,0
54901,0,0.301858687,49,0,3575.0,5400.0,11,0,1,0,2.0,0.6619144602851323,1430.1811152122,Mid,-1,1,0
54933,0,0.005777564,42,0,3325.0,5400.0,8,0,1,0,0.0,0.6156267357896685,1330.0034665384,Mid,-1,1,0
54955,0,0.013186676,81,0,1980.0,5400.0,6,0,2,0,0.0,0.3665987780040733,792.0079120056,Senior,-1,1,0
54963,1,0.9999999,66,0,1946.0,5400.0,7,0,1,0,0.0,0.3603036474726902,778.9999999400001,Senior,-1,1,0
54973,1,0.646587555,83,0,2214.0,5400.0,17,0,1,1,0.0,0.4099240881318274,885.987952533,Senior,-1,1,0
55004,0,0.492543802,33,0,3115.0,5400.0,9,0,1,0,0.0,0.576745047213479,1246.2955262812,Mid,-1,1,0
55027,0,0.393137628,71,0,2406.0,5400.0,15,0,2,0,0.0,0.4454730605443436,962.6358825768,Senior,-1,1,0
55030,0,0.000741748,43,0,4283.0,5400.0,12,0,2,0,2.0,0.7930012960562859,1713.2004450488,Mid,-1,1,0
55036,0,0.012103989,42,0,625.0,1.0,2,0,1,0,0.0,312.5,250.0072623934,Mid,-1,1,1
55065,0,0.019144213,59,0,141.4,9.0,6,0,2,0,0.0,14.14,56.571486527800005,Senior,-1,1,0
55086,0,0.027574583,64,0,4061.0,5400.0,11,0,3,0,2.0,0.751897796704314,1624.4165447498,Senior,-1,1,0
55089,0,0.220007002,62,0,4198.0,5400.0,21,0,2,0,1.0,0.7772634697278282,1679.3320042012,Senior,-1,1,0
55101,0,0.074031389,59,0,6966.0,5400.0,9,0,2,0,0.0,1.2897611553416035,2786.4444188334,Senior,-1,1,1
55124,0,0.90952793,32,0,2808.0,5400.0,8,0,1,0,3.0,0.5199037215330494,1123.745716758,Mid,-1,1,0
55127,1,0.780564572,48,0,3574.0,5400.0,12,0,1,0,1.0,0.6617293093871506,1430.0683387432002,Mid,-1,1,0
55141,0,0.174249535,69,0,5166.0,5400.0,14,0,5,0,0.0,0.956489538974264,2066.504549721,Senior,-1,1,0
55143,0,0.920769808,30,0,1709.0,5400.0,12,0,0,0,1.0,0.3164228846509905,684.1524618848,Young,-1,1,0
55155,1,0.867018997,55,1,2296.0,5400.0,5,2,2,1,0.0,0.4251064617663396,918.9202113982,Senior,-1,1,0
55261,0,0.0,58,0,3401.0,5400.0,7,0,2,0,0.0,0.6296982040362896,1360.4,Senior,-1,1,0
55267,0,0.9999999,60,0,1423.0,5400.0,2,1,1,0,1.0,0.2634697278281799,569.79999994,Senior,-1,1,0
55268,1,0.525274969,32,0,5888.0,5400.0,8,0,6,0,0.0,1.0901684873171635,2355.5151649814,Mid,-1,1,0
55291,0,0.007011146,51,0,3404.0,1.0,8,0,1,0,3.0,1702.0,1361.6042066876,Senior,-1,1,1
55311,0,0.028508061,67,0,3490.0,5400.0,12,0,2,0,0.0,0.6461766339566747,1396.0171048366,Senior,-1,1,0
55359,0,0.9999999,52,2,2858.0,5400.0,3,1,2,1,0.0,0.5291612664321422,1143.79999994,Senior,-1,1,0
55413,0,0.5834147,42,0,2239.0,5400.0,6,0,2,0,0.0,0.4145528605813738,895.95004882,Mid,-1,1,0
55431,0,0.312117554,55,0,3813.0,5400.0,27,0,1,0,0.0,0.705980374004814,1525.3872705324,Senior,-1,1,0
55441,0,0.0,40,0,455.5,1.0,7,0,1,0,1.0,227.75,182.2,Mid,-1,1,0
55482,0,0.015069835,59,0,869.5,1.0,14,0,1,0,0.0,434.75,347.809041901,Senior,-1,1,1
55511,0,0.635915601,58,0,2447.0,5400.0,12,0,2,0,0.0,0.4530642473615997,979.1815493606,Senior,-1,1,0
55525,0,0.48006269,61,0,3693.0,5400.0,9,0,2,0,0.0,0.6837622662469913,1477.488037614,Senior,-1,1,0
55535,0,0.903727571,30,0,5993.0,5400.0,6,1,4,0,0.0,1.1096093316052582,2397.7422365426005,Young,-1,1,0
55547,0,0.18588552,62,0,12302.0,5400.0,16,0,8,0,0.0,2.277726346972783,4920.911531312,Senior,-1,1,1
55555,0,0.0,49,1,4817.0,5400.0,6,0,4,0,0.0,0.8918718755785966,1926.8,Mid,-1,1,0
55571,0,0.20756918,55,0,4175.0,5400.0,18,0,1,0,0.0,0.7730049990742455,1670.124541508,Senior,-1,1,0
55592,0,0.623143176,64,0,3964.0,5400.0,28,0,2,0,1.0,0.733938159600074,1585.9738859056,Senior,-1,1,0
55635,0,0.795430372,40,0,8354.0,5400.0,17,0,4,0,0.0,1.5467506017404185,3342.0772582232003,Mid,-1,1,1
55652,1,0.978601427,31,0,2357.0,5400.0,6,0,1,1,1.0,0.4364006665432327,943.3871608562,Mid,-1,1,0
55667,0,0.632367632,24,0,9.0,1.0,1,0,0,0,0.0,4.5,3.9794205792,Young,-1,1,0
55668,0,0.627514788,43,0,2902.0,5400.0,12,0,2,0,2.0,0.5373079059433439,1161.1765088728,Mid,-1,1,0
55681,0,0.088403235,40,0,3057.0,5400.0,6,0,2,0,0.0,0.5660062951305314,1222.853041941,Mid,-1,1,0
55716,0,0.790138193,44,1,5159.0,5400.0,14,0,2,0,0.0,0.955193482688391,2064.0740829158,Mid,-1,1,0
55754,0,0.805206419,47,1,7805.0,5400.0,10,0,3,0,0.0,1.44510275874838,3122.4831238514,Mid,-1,1,1
55783,0,0.9999999,51,0,2581.0,5400.0,11,0,1,0,4.0,0.4778744676911683,1032.9999999400002,Senior,-1,1,0
55831,0,0.14853444,70,1,4248.0,5400.0,13,0,2,0,0.0,0.7865210146269209,1699.289120664,Senior,-1,1,0
55879,0,0.369949033,42,0,3373.0,5400.0,6,0,2,0,0.0,0.6245139788927976,1349.4219694198,Mid,-1,1,0
55880,0,0.006992673,50,0,1754.5,1.0,14,0,2,0,0.0,877.25,701.8041956038,Mid,-1,1,1
55886,0,0.210829905,60,1,3665.0,5400.0,18,0,2,1,1.0,0.6785780411034994,1466.126497943,Senior,-1,1,0
55891,0,0.9999999,64,0,1319.0,5400.0,1,0,1,0,0.0,0.244214034438067,528.19999994,Senior,-1,1,0
55913,0,0.632187863,46,0,3075.0,5400.0,9,0,2,0,2.0,0.5693390112942047,1230.3793127178,Mid,-1,1,0
55914,1,0.870594073,51,0,2103.5,1.0,7,0,1,0,1.0,1051.75,841.9223564438001,Senior,-1,1,1
56003,0,0.598750069,56,1,4259.0,5400.0,8,0,2,0,0.0,0.7885576745047214,1703.9592500414,Senior,-1,1,0
56006,0,0.0,60,0,5368.0,5400.0,3,0,2,0,0.0,0.9938900203665988,2147.2000000000003,Senior,-1,1,0
56027,1,0.348701175,65,0,4008.0,5400.0,19,0,1,0,1.0,0.7420847991112757,1603.409220705,Senior,-1,1,0
56032,0,0.705055591,35,0,368.0,1.0,6,0,0,0,0.0,184.0,147.6230333546,Mid,-1,1,0
56041,0,0.0,45,0,12511.0,5400.0,12,0,7,0,0.0,2.3164228846509904,5004.400000000001,Mid,-1,1,1
56108,0,0.764981575,66,0,3352.0,5400.0,10,0,2,0,0.0,0.6206258100351787,1341.2589889450005,Senior,-1,1,0
56111,0,0.380551498,49,1,4569.0,5400.0,6,0,1,0,0.0,0.8459544528790964,1827.8283308988,Mid,-1,1,0
56155,1,0.097462953,51,1,4601.0,5400.0,23,0,2,0,0.0,0.8518792816145159,1840.4584777718,Senior,-1,1,0
56194,0,0.758362082,37,0,4631.0,5400.0,8,0,1,0,3.0,0.8574338085539714,1852.8550172492,Mid,-1,1,0
56198,0,0.741131411,53,1,4137.0,5400.0,21,0,2,0,1.0,0.765969264950935,1655.2446788466002,Senior,-1,1,0
56224,0,0.155011419,43,0,4069.0,5400.0,13,0,3,0,0.0,0.7533790038881688,1627.6930068514002,Mid,-1,1,0
56240,0,0.297457203,59,0,4223.0,5400.0,19,0,4,0,0.0,0.7818922421773745,1689.3784743218,Senior,-1,1,0
56242,0,0.9999999,49,0,6611.0,5400.0,4,0,3,0,3.0,1.2240325865580448,2644.99999994,Mid,-1,1,1
56264,0,0.017392236,62,0,3529.0,5400.0,8,0,1,0,0.0,0.653397518977967,1411.6104353416,Senior,-1,1,0
56269,0,0.277984025,63,0,2857.0,5400.0,13,0,2,0,0.0,0.5289761155341604,1142.966790415,Senior,-1,1,0
56286,0,0.363939357,38,0,3321.0,5400.0,12,0,2,0,1.0,0.6148861321977411,1328.6183636142,Mid,-1,1,0
56332,0,0.62163937,54,0,3262.0,5400.0,14,0,1,0,0.0,0.6039622292168118,1305.1729836220002,Senior,-1,1,0
56349,0,0.001356852,70,0,3697.0,5400.0,7,0,1,0,0.0,0.6845028698389187,1478.8008141112002,Senior,-1,1,0
56362,0,0.053848654,55,0,3639.0,5400.0,5,0,2,0,0.0,0.6737641177559711,1455.6323091924,Senior,-1,1,0
56370,0,0.472365825,62,0,5857.0,5400.0,19,0,4,0,1.0,1.084428809479726,2343.0834194950003,Senior,-1,1,0
56377,0,0.216054587,40,0,3493.0,5400.0,9,0,2,0,1.0,0.6467320866506202,1397.3296327522,Mid,-1,1,0
56382,0,0.989450305,46,0,2365.0,5400.0,11,0,1,0,0.0,0.4378818737270876,946.593670183,Mid,-1,1,0
56420,0,0.9999999,76,0,2138.0,5400.0,11,0,5,0,0.0,0.3958526198852064,855.79999994,Senior,-1,1,0
56433,1,0.390466599,49,0,6626.0,5400.0,20,0,4,0,0.0,1.2268098500277729,2650.6342799594,Mid,-1,1,1
56445,0,0.005190973,35,0,3794.0,5400.0,13,0,2,0,0.0,0.7024625069431587,1517.6031145838,Mid,-1,1,0
56447,0,0.09839508,58,0,5691.0,5400.0,13,0,3,0,1.0,1.053693760414738,2276.459037048,Senior,-1,1,0
56453,0,0.058930477,57,0,3519.0,5400.0,8,0,1,0,0.0,0.6515460099981485,1407.6353582862002,Senior,-1,1,0
56458,0,0.438852342,56,0,5070.0,5400.0,12,0,3,0,0.0,0.938715052768006,2028.2633114052,Senior,-1,1,0
56500,0,0.954080576,46,0,2651.0,5400.0,16,0,0,0,0.0,0.4908350305498982,1060.9724483456,Mid,-1,1,0
56531,0,0.005233159,57,0,6724.0,5400.0,12,0,2,0,0.0,1.2449546380299945,2689.6031398954005,Senior,-1,1,1
56549,0,0.039900578,52,0,5494.0,5400.0,11,0,3,0,2.0,1.0172190335123126,2197.6239403468,Senior,-1,1,0
56553,0,0.112746023,33,0,3772.0,5400.0,6,0,2,0,1.0,0.6983891871875578,1508.8676476138005,Mid,-1,1,0
56555,0,0.030612592,40,0,3491.0,5400.0,16,0,2,0,4.0,0.6463617848546566,1396.4183675552,Mid,-1,1,0
56620,0,0.239422842,60,0,18814.0,5400.0,18,0,7,1,0.0,3.483428994630624,7525.743653705201,Senior,-1,1,1
56629,0,0.9999999,47,0,1859.0,5400.0,3,0,2,0,0.0,0.3441955193482688,744.19999994,Mid,-1,1,0
56638,0,0.950790125,43,0,2237.0,5400.0,7,0,0,0,0.0,0.4141825587854101,895.3704740750001,Mid,-1,1,0
56647,1,0.747836292,49,2,3114.0,5400.0,8,0,1,0,4.0,0.5765598963154971,1246.0487017752002,Mid,-1,1,0
56651,0,0.772922916,48,0,2657.0,5400.0,4,0,1,0,0.0,0.4919459359377893,1063.2637537496,Mid,-1,1,0
56660,0,0.999876161,34,0,1422.0,5400.0,3,0,1,0,0.0,0.2632845769301981,569.3999256966001,Mid,-1,1,0
56694,0,0.942906771,71,0,3668.0,5400.0,14,0,2,0,0.0,0.6791334937974449,1467.7657440626,Senior,-1,1,0
56698,0,0.364554816,79,0,2715.0,5400.0,10,0,1,0,0.0,0.5026846880207368,1086.2187328896,Senior,-1,1,0
56722,0,0.020248988,50,0,3463.0,5400.0,4,0,2,0,0.0,0.6411775597111646,1385.2121493928,Mid,-1,1,0
56724,0,0.311724711,49,0,4874.0,5400.0,17,0,2,0,0.0,0.9024254767635624,1949.7870348266,Mid,-1,1,0
56736,0,0.976090422,74,0,1261.0,5400.0,3,0,1,0,0.0,0.2334752823551194,504.9856542532,Senior,-1,1,0
56771,1,0.9999999,61,4,2722.0,5400.0,6,0,1,1,2.0,0.5039807443066099,1089.39999994,Senior,-1,1,0
56808,0,0.479895812,53,1,2754.0,5400.0,8,0,1,0,0.0,0.5099055730420292,1101.8879374872,Senior,-1,1,0
56817,0,0.9999999,60,2,21727.0,5400.0,12,2,0,0,0.0,4.0227735604517685,8691.39999994,Senior,-1,1,1
56820,0,0.013031867,64,0,7414.0,5400.0,13,0,2,0,0.0,1.3727087576374746,2965.6078191202005,Senior,-1,1,1
56845,0,0.023922631,70,0,7063.0,5400.0,12,0,2,0,0.0,1.3077207924458434,2825.2143535786004,Senior,-1,1,1
56850,0,0.297971622,40,0,3026.0,5400.0,7,0,2,0,0.0,0.5602666172930939,1210.5787829732,Mid,-1,1,0
56891,0,0.9999999,37,0,1275.0,5400.0,4,0,2,0,0.0,0.2360673949268654,510.59999994,Mid,-1,1,0
56923,0,0.041820289,58,0,3846.0,5400.0,15,0,2,0,0.0,0.7120903536382152,1538.4250921734,Senior,-1,1,0
56935,0,0.9999999,33,0,1725.0,5400.0,5,0,1,0,0.0,0.3193852990187002,690.59999994,Mid,-1,1,0
56954,0,0.464462911,66,1,6653.0,5400.0,12,0,2,0,0.0,1.2318089242732828,2661.4786777466,Senior,-1,1,1
56969,0,0.795234306,56,0,2223.0,5400.0,12,0,1,0,0.0,0.4115904462136641,889.6771405836,Senior,-1,1,0
56986,0,0.299774478,38,1,2533.0,5400.0,7,0,1,0,0.0,0.4689872245880392,1013.3798646868,Mid,-1,1,0
57040,0,0.041849291,58,0,3605.0,5400.0,8,0,1,0,0.0,0.667468987224588,1442.0251095746,Senior,-1,1,0
57056,0,0.108415442,41,0,4386.0,5400.0,9,0,1,0,0.0,0.8120718385484169,1754.4650492652002,Mid,-1,1,0
57064,0,0.653763748,46,0,2644.0,5400.0,7,0,2,0,1.0,0.4895389742640252,1057.9922582488002,Mid,-1,1,0
57066,0,0.003243197,65,0,3243.0,5400.0,13,0,4,0,0.0,0.6004443621551565,1297.2019459182,Senior,-1,1,0
57133,0,0.029945216,76,0,3852.0,5400.0,4,0,3,0,0.0,0.7132012590261063,1540.8179671296002,Senior,-1,1,0
57145,0,0.972458717,56,0,4227.0,5400.0,9,0,2,0,0.0,0.782632845769302,1691.3834752302002,Senior,-1,1,0
57179,0,0.9999999,79,0,699.0,5400.0,4,0,0,0,0.0,0.1294204776893168,280.19999994,Senior,-1,1,0
57211,0,0.9999999,48,0,4037.0,5400.0,3,0,2,0,0.0,0.7474541751527495,1615.3999999400005,Mid,-1,1,0
57253,0,0.435654995,62,0,5376.0,5400.0,15,0,3,0,0.0,0.9953712275504536,2150.661392997,Senior,-1,1,0
57266,1,0.626527732,34,0,2066.0,5400.0,8,0,1,0,1.0,0.3825217552305128,826.7759166392001,Mid,-1,1,0
57281,0,0.116237799,47,1,29136.0,5400.0,23,0,2,0,0.0,5.394556563599333,11654.4697426794,Mid,-1,1,1
57309,0,0.073310736,47,0,6024.0,5400.0,12,0,2,0,0.0,1.115349009442696,2409.6439864415997,Mid,-1,1,0
57366,0,0.055796272,64,0,3880.0,5400.0,18,0,2,0,0.0,0.7183854841695982,1552.0334777632,Senior,-1,1,0
57388,0,0.458181594,42,0,2185.0,5400.0,6,0,2,0,3.0,0.4045547120903536,874.2749089564,Mid,-1,1,0
57396,0,0.148847499,54,0,243.5,1.0,11,0,0,0,0.0,121.75,97.4893084994,Senior,-1,1,0
57415,0,0.510372536,65,1,4695.0,5400.0,20,0,3,0,0.0,0.8692834660248102,1878.3062235216,Senior,-1,1,0
57439,0,0.528888503,51,1,7040.0,5400.0,17,0,2,0,3.0,1.3034623217922607,2816.3173331018,Senior,-1,1,1
57448,0,0.967596657,53,0,4654.0,5400.0,11,0,2,0,2.0,0.8616922792075542,1862.1805579942,Senior,-1,1,0
57490,0,0.195233747,74,1,4605.0,5400.0,14,0,2,2,0.0,0.8526198852064433,1842.1171402482,Senior,-1,1,0
57504,0,0.002899952,61,0,3984.0,5400.0,11,0,2,0,0.0,0.7376411775597111,1593.6017399712002,Senior,-1,1,0
57510,0,0.947174385,53,1,3182.0,5400.0,10,0,1,0,3.0,0.5891501573782633,1273.3683046310002,Senior,-1,1,0
57528,0,0.335952351,41,1,2986.0,5400.0,7,0,1,0,0.0,0.5528605813738197,1194.6015714106002,Mid,-1,1,0
57552,0,0.29197746,63,1,4387.0,5400.0,15,1,2,0,0.0,0.8122569894463988,1754.975186476,Senior,-1,1,0
57557,0,0.02833275,38,0,4934.0,5400.0,13,0,2,0,0.0,0.9135345306424736,1973.61699965,Mid,-1,1,0
57601,0,0.820203892,67,1,2637.0,5400.0,2,0,1,1,0.0,0.4882429179781521,1055.2921223352,Senior,-1,1,0
57603,0,0.264629131,49,0,3552.0,5400.0,8,0,2,0,2.0,0.6576559896315497,1420.9587774786005,Mid,-1,1,0
57623,0,0.598933417,62,1,2651.0,5400.0,6,0,1,0,0.0,0.4908350305498982,1060.7593600502,Senior,-1,1,0
57638,1,0.686711565,65,0,2609.0,5400.0,20,0,2,0,0.0,0.4830586928346602,1044.0120269390002,Senior,-1,1,0
57641,0,0.015532085,43,0,3237.0,5400.0,14,0,1,0,2.0,0.5993334567672653,1294.8093192510005,Mid,-1,1,0
57671,0,0.945465733,38,0,2752.0,5400.0,12,0,2,0,0.0,0.5095352712460656,1101.3672794398,Mid,-1,1,0
57701,0,0.9999999,37,0,1484.0,5400.0,8,0,1,0,2.0,0.2747639326050731,594.19999994,Mid,-1,1,0
57704,0,0.03398867,26,1,235.5,1.0,7,0,0,0,0.0,117.75,94.220393202,Young,-1,1,0
57731,0,0.939730739,53,0,2846.0,5400.0,11,0,0,0,0.0,0.5269394556563599,1138.9638384434002,Senior,-1,1,0
57740,0,0.244636872,64,0,3114.0,5400.0,14,0,1,0,0.0,0.5765598963154971,1245.7467821232,Senior,-1,1,0
57750,1,0.656673296,49,1,3406.0,5400.0,15,0,1,0,0.0,0.6306239585261989,1362.7940039776,Mid,-1,1,0
57808,0,0.770912121,30,0,3687.0,5400.0,8,0,2,0,0.0,0.6826513608591002,1475.2625472726002,Young,-1,1,0
57875,0,0.087975551,40,1,2936.0,5400.0,8,0,3,0,1.0,0.5436030364747269,1174.4527853306,Mid,-1,1,0
57895,0,0.9999999,40,0,2527.0,5400.0,5,0,1,0,0.0,0.4678763192001481,1011.39999994,Mid,-1,1,0
57899,0,0.009337383,62,0,6524.0,5400.0,10,0,3,0,0.0,1.2079244584336235,2609.6056024298005,Senior,-1,1,1
57912,0,0.72570794,24,1,487.0,5400.0,5,0,0,2,0.0,0.0901684873171634,195.235424764,Young,-1,1,0
57919,0,0.9999999,68,1,1479.0,5400.0,3,1,1,0,0.0,0.2738381781151638,592.19999994,Senior,-1,1,0
57920,0,0.343623971,50,0,4733.0,5400.0,10,0,2,0,0.0,0.8763192001481207,1893.4061743826,Mid,-1,1,0
57921,0,0.0,49,0,4310.0,5400.0,4,0,1,0,0.0,0.7980003703017959,1724.0,Mid,-1,1,0
57949,0,0.9999999,29,0,691.0,5400.0,2,0,0,1,0.0,0.1279392705054619,276.99999994,Young,-1,1,0
57955,0,0.9999999,38,2,671.0,1.0,5,0,1,3,2.0,335.5,268.99999994,Mid,-1,1,1
57994,0,0.322075404,40,0,2430.0,5400.0,7,0,2,0,2.0,0.4499166820959082,972.1932452424,Mid,-1,1,0
58026,0,0.910113159,43,2,15177.0,5400.0,21,1,0,0,0.0,2.8100351786706166,6071.3460678954,Mid,-1,1,1
58048,0,0.000343837,63,0,3483.0,5400.0,21,0,2,0,0.0,0.6448805776708018,1393.2002063022,Senior,-1,1,0
58095,0,0.144839056,35,0,3624.0,5400.0,9,0,1,0,0.0,0.6709868542862433,1449.6869034336,Mid,-1,1,0
58101,0,0.969052842,56,0,9316.0,5400.0,17,0,2,0,0.0,1.7248657655989632,3726.9814317052,Senior,-1,1,1
58139,0,0.895199541,57,0,3131.0,5400.0,9,0,1,0,1.0,0.5797074615811887,1252.9371197246,Senior,-1,1,0
58153,0,0.923698177,56,0,5215.0,5400.0,6,0,1,1,0.0,0.965561932975375,2086.5542189062,Senior,-1,1,0
58189,0,0.629291381,37,0,2784.0,5400.0,9,0,1,0,0.0,0.5154600999814849,1113.9775748286002,Mid,-1,1,0
58233,0,0.108773641,46,0,3201.0,5400.0,25,0,1,0,0.0,0.5926680244399185,1280.4652641846,Mid,-1,1,0
58253,0,0.9999999,50,2,1515.0,5400.0,7,0,2,0,3.0,0.2805036104425106,606.59999994,Mid,-1,1,0
58255,0,0.415092344,59,0,3278.0,5400.0,16,0,0,0,0.0,0.6069246435845214,1311.4490554064,Senior,-1,1,0
58257,0,0.363080638,52,0,3053.0,5400.0,8,2,1,0,3.0,0.565265691538604,1221.4178483828,Senior,-1,1,0
58309,0,0.598677369,54,0,2578.0,5400.0,5,0,2,0,0.0,0.4773190149972227,1031.5592064214,Senior,-1,1,0
58334,1,0.797250181,75,0,1598.0,5400.0,10,2,0,0,1.0,0.2958711349750046,639.6783501086001,Senior,-1,1,0
58340,0,0.971953716,34,0,2890.0,5400.0,7,0,2,0,0.0,0.5350860951675616,1156.5831722296,Mid,-1,1,0
58354,0,0.346782661,73,0,2293.0,5400.0,6,0,2,0,0.0,0.424551009072394,917.4080695966,Senior,-1,1,0
58361,0,0.990181253,61,0,5292.0,5400.0,11,0,2,0,0.0,0.9798185521199778,2117.3941087518,Senior,-1,1,0
58377,0,0.9999999,48,0,1847.0,5400.0,8,0,2,0,1.0,0.3419737085724866,739.39999994,Mid,-1,1,0
58400,0,0.793362479,52,0,3993.0,5400.0,8,0,1,0,0.0,0.7393075356415478,1597.6760174874,Senior,-1,1,0
58428,0,0.587079384,38,0,3166.0,5400.0,4,0,1,0,0.0,0.5861877430105537,1266.7522476304,Mid,-1,1,0
58457,0,0.125104486,58,0,3786.0,5400.0,12,0,2,0,0.0,0.7009812997593038,1514.4750626916,Senior,-1,1,0
58484,0,0.007380011,54,0,3301.0,5400.0,16,0,2,0,0.0,0.611183114238104,1320.4044280066,Senior,-1,1,0
58513,0,0.654924703,61,0,3068.0,5400.0,13,0,1,1,0.0,0.5680429550083318,1227.5929548218,Senior,-1,1,0
58528,1,0.9999999,51,0,2966.0,5400.0,5,0,2,0,0.0,0.5491575634141825,1186.9999999400002,Senior,-1,1,0
58542,0,0.004411579,62,0,3475.0,5400.0,20,0,2,0,0.0,0.6433993704869468,1390.0026469474,Senior,-1,1,0
58616,0,0.153095536,66,0,4435.0,5400.0,13,0,3,0,1.0,0.8211442325495278,1774.0918573216,Senior,-1,1,0
58626,0,0.038693487,44,0,3314.0,5400.0,17,0,1,0,0.0,0.6135900759118682,1325.6232160922002,Mid,-1,1,0
58628,0,0.026343338,42,1,6745.0,5400.0,11,0,1,0,0.0,1.2488428068876134,2698.0158060028,Mid,-1,1,1
58691,0,0.9999999,38,0,1984.0,5400.0,2,0,2,0,0.0,0.3673393815960007,794.19999994,Mid,-1,1,0
58735,0,0.314650891,40,0,2838.5,1.0,8,0,3,0,2.0,1419.25,1135.5887905346,Mid,-1,1,1
58739,0,0.759447284,60,0,3492.0,5400.0,9,0,3,0,4.0,0.6465469357526384,1397.2556683704,Senior,-1,1,0
58756,0,0.007765053,63,0,6519.0,5400.0,20,0,1,0,0.0,1.2069987039437142,2607.604659031801,Senior,-1,1,1
58760,0,0.056457445,63,0,4880.0,5400.0,12,0,2,0,0.0,0.9035363821514536,1952.033874467,Senior,-1,1,0
58766,0,0.267438285,39,0,2818.0,5400.0,13,0,1,0,1.0,0.521755230512868,1127.360462971,Mid,-1,1,0
58777,0,0.841918779,59,0,2331.0,5400.0,11,0,2,0,0.0,0.4315867431957045,932.9051512674,Senior,-1,1,0
58787,1,0.50478897,59,2,3410.0,5400.0,14,0,2,1,0.0,0.6313645621181263,1364.302873382,Senior,-1,1,0
58788,0,0.237564313,64,0,3819.0,5400.0,17,0,1,0,1.0,0.7070912793927051,1527.7425385878,Senior,-1,1,0
58789,0,0.038452439,56,0,5702.0,5400.0,11,0,1,0,0.0,1.0557304202925384,2280.8230714634,Senior,-1,1,0
58834,0,0.661006067,62,0,4158.0,5400.0,13,0,1,0,0.0,0.769857433808554,1663.5966036402,Senior,-1,1,0
58837,1,0.28456058,50,0,5474.0,5400.0,11,0,4,0,2.0,1.0135160155526757,2189.770736348,Mid,-1,1,0
58870,0,0.0,36,0,3172.0,5400.0,16,0,1,0,3.0,0.5872986483984447,1268.8000000000002,Mid,-1,1,0
58900,0,0.287337336,48,0,6319.0,5400.0,8,0,2,0,0.0,1.169968524347343,2527.7724024016,Mid,-1,1,0
58901,0,0.182639751,37,0,220516.0,5400.0,8,0,3,0,0.0,40.82873541936679,88206.50958385061,Mid,-1,1,1
58989,0,0.04729319,66,0,3474.0,5400.0,7,0,1,0,1.0,0.643214219588965,1389.628375914,Senior,-1,1,0
59006,0,0.399376677,64,0,10850.0,5400.0,18,0,11,0,0.0,2.0088872431031293,4340.2396260062,Senior,-1,1,1
59043,0,0.033427616,70,0,3365.0,5400.0,8,0,3,0,0.0,0.6230327717089428,1346.0200565696,Senior,-1,1,0
59069,0,0.062836519,58,0,4265.0,5400.0,11,0,2,0,2.0,0.7896685798926125,1706.0377019114,Senior,-1,1,0
59088,0,0.270914995,52,0,3440.0,5400.0,17,0,1,0,2.0,0.6369190890575819,1376.162548997,Senior,-1,1,0
59094,0,0.071953393,34,0,3746.0,5400.0,7,0,1,0,0.0,0.6935752638400297,1498.4431720358,Mid,-1,1,0
59152,0,0.105303273,54,0,5592.0,5400.0,14,0,3,0,0.0,1.0353638215145344,2236.8631819638003,Senior,-1,1,0
59155,1,0.980056664,47,0,5775.0,5400.0,18,0,3,0,1.0,1.0692464358452138,2310.5880339984,Mid,-1,1,0
59169,0,0.029784256,54,0,5599.0,5400.0,14,0,3,0,0.0,1.0366598778004072,2239.6178705536,Senior,-1,1,0
59171,0,0.581730669,60,1,4137.0,5400.0,21,0,2,1,0.0,0.765969264950935,1655.1490384014005,Senior,-1,1,0
59182,0,0.152442378,52,0,2024.5,1.0,13,0,2,0,0.0,1012.25,809.8914654268001,Senior,-1,1,1
59184,0,0.9999999,39,0,1582.0,5400.0,1,0,1,0,0.0,0.2929087206072949,633.39999994,Mid,-1,1,0
59191,0,0.123168766,58,0,3375.0,5400.0,24,0,3,0,0.0,0.6248842806887613,1350.0739012596,Senior,-1,1,0
59197,0,0.508090419,62,0,2746.0,5400.0,4,0,1,0,0.0,0.5084243658581744,1098.7048542514,Senior,-1,1,0
59215,1,0.9999999,31,0,1561.0,5400.0,2,3,1,1,2.0,0.289020551749676,624.9999999400001,Mid,-1,1,0
59229,0,0.638546527,62,2,6015.0,5400.0,16,0,4,0,1.0,1.113682651360859,2406.3831279162,Senior,-1,1,0
59235,0,0.687305476,43,0,3197.0,5400.0,11,0,1,0,0.0,0.5919274208479911,1279.2123832856005,Mid,-1,1,0
59265,0,0.233801192,61,1,2986.0,5400.0,7,0,1,0,0.0,0.5528605813738197,1194.5402807152002,Senior,-1,1,0
59271,0,0.466576671,37,1,3351.0,5400.0,8,0,1,0,3.0,0.6204406591371968,1340.6799460026,Mid,-1,1,0
59327,0,0.137175102,45,0,3416.0,5400.0,9,0,3,0,0.0,0.6324754675060174,1366.4823050612,Mid,-1,1,0
59336,0,0.20510191,30,2,2280.0,5400.0,13,0,1,0,1.0,0.4221440473986299,912.123061146,Young,-1,1,0
59398,0,0.09279536,40,0,7366.0,5400.0,7,0,5,0,0.0,1.3638215145343455,2946.455677216,Mid,-1,1,1
59400,0,0.092304852,42,0,3371.0,5400.0,9,0,1,0,0.0,0.6241436770968339,1348.4553829112,Mid,-1,1,0
59418,0,0.532012058,66,0,5093.0,5400.0,13,0,2,0,1.0,0.9429735234215886,2037.5192072348,Senior,-1,1,0
59433,0,0.59732917,51,0,3377.0,5400.0,12,0,2,0,0.0,0.6252545824847251,1351.158397502,Senior,-1,1,0
59451,0,0.348766256,79,0,2011.0,5400.0,15,0,2,0,0.0,0.3723384558415108,804.6092597536001,Senior,-1,1,0
59472,0,0.069562193,60,1,214.0,1.0,3,0,0,0,0.0,107.0,85.64173731580001,Senior,-1,1,0
59513,0,0.941820145,62,0,3432.0,5400.0,7,0,2,0,0.0,0.6354378818737271,1373.3650920870002,Senior,-1,1,0
59524,0,0.550639741,58,0,4165.0,5400.0,17,0,2,0,4.0,0.7711534900944269,1666.3303838446,Senior,-1,1,0
59548,0,0.109786189,50,0,3766.0,5400.0,11,0,2,0,0.0,0.6972782817996668,1506.4658717134,Mid,-1,1,0
59565,0,0.217267084,48,0,3843.0,5400.0,13,0,1,0,0.0,0.7115349009442696,1537.3303602504,Mid,-1,1,0
59588,1,0.395118826,47,1,2887.0,5400.0,9,0,1,0,0.0,0.534530642473616,1155.0370712955998,Mid,-1,1,0
59620,0,0.017749113,73,0,2517.0,5400.0,8,0,1,0,0.0,0.4660248102203295,1006.8106494678,Senior,-1,1,0
59623,0,0.058608183,46,0,3334.0,5400.0,10,0,4,0,3.0,0.6172930938715053,1333.6351649098,Mid,-1,1,0
59630,0,0.052655844,66,0,4389.0,5400.0,15,0,1,0,0.0,0.8126272912423625,1755.6315935064,Senior,-1,1,0
59661,1,0.862850972,23,2,457.0,5400.0,4,0,0,0,0.0,0.0846139603777078,183.3177105832,Young,-1,1,0
59726,0,0.923146847,61,2,1960.0,5400.0,5,0,2,0,0.0,0.3628957600444362,784.5538881082,Senior,-1,1,0
59770,0,0.957505902,49,0,2257.0,5400.0,5,0,1,0,0.0,0.4178855767450472,903.3745035412,Mid,-1,1,0
59803,0,0.9999999,47,0,4969.0,5400.0,6,0,2,0,0.0,0.9200148120718386,1988.19999994,Mid,-1,1,0
59864,0,0.128376488,51,1,3258.0,5400.0,13,0,1,0,0.0,0.6032216256248842,1303.2770258928,Senior,-1,1,0
59879,0,0.886758963,44,0,5356.0,5400.0,13,0,4,0,0.0,0.9916682095908164,2142.9320553778,Mid,-1,1,0
59894,0,0.57942647,41,0,4541.0,5400.0,8,0,2,0,0.0,0.8407702277356045,1816.747655882,Mid,-1,1,0
59895,0,0.334051689,50,0,4995.0,5400.0,10,0,1,0,1.0,0.9248287354193668,1998.2004310134,Mid,-1,1,0
59915,0,0.548573399,50,0,3999.0,5400.0,10,0,2,0,0.0,0.740418441029439,1599.9291440394002,Mid,-1,1,0
59941,0,0.057641664,59,0,3786.0,5400.0,11,0,3,0,0.0,0.7009812997593038,1514.4345849984002,Senior,-1,1,0
59981,0,0.09226805,49,0,3371.0,5400.0,7,0,1,0,0.0,0.6241436770968339,1348.45536083,Mid,-1,1,0
59983,0,0.9999999,57,0,4189.0,5400.0,3,0,2,0,0.0,0.7755971116459914,1676.1999999400002,Senior,-1,1,0
60001,0,0.780157066,52,0,3373.0,5400.0,10,0,1,0,0.0,0.6245139788927976,1349.6680942396,Senior,-1,1,0
60026,0,0.071668354,43,0,5574.0,5400.0,9,0,2,0,0.0,1.0320311053508608,2229.6430010124,Mid,-1,1,0
60126,0,0.438960029,63,0,2973.0,5400.0,10,2,1,1,0.0,0.5504536197000556,1189.4633760174002,Senior,-1,1,0
60127,0,0.096241593,43,0,5399.0,5400.0,23,0,2,0,0.0,0.9996296982040362,2159.6577449558,Mid,-1,1,0
60139,0,0.943186333,69,3,1473.0,5400.0,8,0,1,0,0.0,0.2727272727272727,589.7659117998,Senior,-1,1,0
60153,0,0.0,65,0,329664.0,5400.0,9,0,3,0,0.0,61.03758563229032,131865.6,Senior,-1,1,1
60199,0,0.921679103,53,0,4315.0,5400.0,9,0,1,0,0.0,0.7989261247917052,1726.5530074618,Senior,-1,1,0
60215,0,0.005865482,59,0,5909.0,5400.0,10,0,4,0,2.0,1.0940566561747824,2363.6035192892,Senior,-1,1,0
60278,1,0.229267145,58,0,4484.0,5400.0,11,0,2,0,0.0,0.8302166265506388,1793.7375602870002,Senior,-1,1,0
60281,0,0.005238056,48,2,9573.0,5400.0,7,0,2,0,1.0,1.7724495463802998,3829.2031428336,Mid,-1,1,1
60292,0,0.851820846,58,0,3101.0,5400.0,10,0,2,0,0.0,0.574152934641733,1240.9110925076002,Senior,-1,1,0
60296,0,0.0,41,0,5319.0,5400.0,8,0,1,0,0.0,0.984817626365488,2127.6,Mid,-1,1,0
60301,0,0.381682175,49,0,2988.0,5400.0,9,0,1,0,0.0,0.5532308831697834,1195.429009305,Mid,-1,1,0
60323,0,0.416028027,33,0,3637.0,5400.0,10,0,1,0,0.0,0.6733938159600074,1455.0496168162,Mid,-1,1,0
60325,0,0.100288424,43,0,3307.0,5400.0,16,0,1,0,2.0,0.6122940196259952,1322.8601730544,Mid,-1,1,0
60349,0,0.752682905,38,0,2359.0,5400.0,5,0,1,0,0.0,0.4367709683391964,944.051609743,Mid,-1,1,0
60400,0,0.033025332,62,0,9050.0,5400.0,16,0,2,0,1.0,1.6756156267357896,3620.0198151992,Senior,-1,1,1
60442,0,0.001957205,44,0,5618.0,5400.0,10,0,1,0,0.0,1.0401777448620626,2247.2011743230005,Mid,-1,1,0
60453,1,0.947856401,32,0,2405.0,5400.0,8,2,1,1,0.0,0.4452879096463618,962.5687138406,Mid,-1,1,0
60499,0,0.270049698,36,0,3702.0,5400.0,9,0,1,0,0.0,0.685428624328828,1480.9620298188,Mid,-1,1,0
60501,0,0.0,40,0,2952.0,5400.0,7,0,1,0,0.0,0.5465654508424366,1180.8,Mid,-1,1,0
60509,0,0.848746893,49,0,3265.0,5400.0,18,0,2,0,0.0,0.6045176819107573,1306.5092481358,Mid,-1,1,0
60544,0,0.461579103,52,0,5792.0,5400.0,14,0,3,0,0.0,1.0723940011109054,2317.0769474618,Senior,-1,1,0
60559,0,0.9999999,44,0,1687.0,5400.0,3,0,1,0,0.0,0.3123495648953897,675.39999994,Mid,-1,1,0
60567,0,0.814424743,25,0,703.0,5400.0,2,0,0,0,0.0,0.1301610812812442,281.6886548458,Young,-1,1,0
60580,0,0.172271367,41,0,4299.0,5400.0,12,0,2,0,0.0,0.7959637104239956,1719.7033628202,Mid,-1,1,0
60600,0,0.032856491,40,0,3623.0,5400.0,10,0,2,0,0.0,0.6708017033882614,1449.2197138946,Mid,-1,1,0
60633,0,0.9999999,45,0,2606.0,5400.0,5,0,1,0,0.0,0.4825032401407146,1042.9999999400002,Mid,-1,1,0
60641,1,0.906290957,57,0,2158.0,5400.0,5,4,2,2,6.0,0.3995556378448435,863.7437745742001,Senior,-1,1,0
60643,0,0.34684377,65,0,2796.0,5400.0,18,0,1,0,0.0,0.5176819107572672,1118.608106262,Senior,-1,1,0
60645,0,0.064884258,48,0,3915.0,5400.0,14,0,2,0,0.0,0.7248657655989632,1566.0389305548,Mid,-1,1,0
60650,0,0.707567155,81,0,1440.0,5400.0,6,0,3,0,0.0,0.2666172930938715,576.424540293,Senior,-1,1,0
60661,0,0.0,41,0,2857.0,5400.0,4,0,1,0,0.0,0.5289761155341604,1142.8,Mid,-1,1,0
60667,0,0.485902819,49,0,3215.0,5400.0,4,0,1,0,0.0,0.5952601370116645,1286.2915416914,Mid,-1,1,0
60670,0,0.0,49,1,3759.0,5400.0,4,0,1,0,0.0,0.6959822255137937,1503.6,Mid,-1,1,0
60677,0,0.098737495,74,0,2822.0,5400.0,12,0,1,0,0.0,0.5224958341047954,1128.859242497,Senior,-1,1,0
60699,0,0.111940509,53,1,4053.0,5400.0,13,0,1,0,0.0,0.7504165895204592,1621.2671643054,Senior,-1,1,0
60750,0,0.9999999,64,0,5858.0,5400.0,3,0,1,0,0.0,1.084613960377708,2343.7999999400004,Senior,-1,1,0
60770,0,0.0,54,0,4138.0,5400.0,15,0,3,0,0.0,0.7661544158489169,1655.2,Senior,-1,1,0
60774,0,0.601231514,31,0,4990.0,5400.0,12,0,2,0,0.0,0.9239029809294576,1996.3607389084,Mid,-1,1,0
60783,0,0.9999999,33,1,2338.0,5400.0,5,0,1,0,0.0,0.4328827994815775,935.79999994,Mid,-1,1,0
60819,0,0.973038473,29,0,5238.0,5400.0,7,0,3,0,0.0,0.9698204036289576,2095.7838230838,Young,-1,1,0
60831,0,0.192115853,57,0,4460.0,5400.0,10,0,2,0,0.0,0.8257730049990742,1784.1152695118,Senior,-1,1,0
60854,0,0.89140362,58,0,3414.0,5400.0,10,0,0,0,0.0,0.6321051657100537,1366.1348421720002,Senior,-1,1,0
60884,0,0.543841775,41,0,3128.0,5400.0,9,0,2,0,0.0,0.579152008887243,1251.526305065,Mid,-1,1,0
60902,0,0.29242217,63,0,3678.0,5400.0,19,0,2,0,0.0,0.6809850027772635,1471.375453302,Senior,-1,1,0
60938,0,0.063594821,28,0,3448.0,5400.0,5,0,2,0,0.0,0.6384002962414368,1379.2381568926,Young,-1,1,0
60970,0,0.643359751,58,2,991.5,1.0,6,1,1,2,0.0,495.75,396.9860158506,Senior,-1,1,1
61030,0,0.069353523,58,0,1435.0,1.0,9,0,1,0,0.0,717.5,574.0416121138,Senior,-1,1,1
61051,0,0.005732951,59,0,5395.0,5400.0,5,0,2,0,0.0,0.9988890946121088,2158.0034397706,Senior,-1,1,0
61065,0,0.662659804,53,0,3549.0,5400.0,15,0,1,0,0.0,0.6571005369376042,1419.9975958824002,Senior,-1,1,0
61094,0,0.005790039,66,0,13329.0,5400.0,21,0,6,0,0.0,2.467876319200148,5331.6034740234,Senior,-1,1,1
61107,0,0.9999999,34,0,627.0,5400.0,2,0,0,0,0.0,0.1160896130346232,251.39999994,Mid,-1,1,0
61108,0,0.9999999,47,0,1900.0,5400.0,5,0,1,0,0.0,0.3517867061655249,760.59999994,Mid,-1,1,0
61119,0,0.232568601,86,0,3078.0,5400.0,18,0,2,0,1.0,0.5698944639881504,1231.3395411606,Senior,-1,1,0
61168,0,0.112962851,39,0,4053.0,5400.0,2,0,1,0,0.0,0.7504165895204592,1621.2677777106,Mid,-1,1,0
61181,0,0.269246181,57,0,3492.0,5400.0,16,0,1,0,2.0,0.6465469357526384,1396.9615477086002,Senior,-1,1,0
61183,0,0.486265901,48,0,2633.0,5400.0,6,0,1,0,3.0,0.4875023143862247,1053.4917595406,Mid,-1,1,0
61210,0,0.9999999,43,0,3792.0,5400.0,4,0,2,0,0.0,0.702092205147195,1517.3999999400005,Mid,-1,1,0
61263,0,0.254727076,57,0,10041.0,5400.0,20,0,3,0,3.0,1.859100166635808,4016.5528362456,Senior,-1,1,1
61285,0,0.204959008,81,0,2673.0,5400.0,5,0,1,0,0.0,0.4949083503054989,1069.3229754048,Senior,-1,1,0
61334,0,0.014420512,39,0,2854.0,5400.0,6,0,1,0,0.0,0.5284206628402148,1141.6086523072,Mid,-1,1,0
61370,0,0.109088947,55,0,6156.0,5400.0,16,0,2,0,0.0,1.1397889279763007,2462.4654533682,Senior,-1,1,0
61443,0,0.417313445,65,0,2930.0,5400.0,9,0,1,0,0.0,0.5424921310868358,1172.250388067,Senior,-1,1,0
61451,0,0.9999999,21,0,1.5,1.0,1,0,0,0,0.0,0.75,1.19999994,Young,-1,1,0
61475,0,0.044879835,70,0,6192.0,5400.0,13,0,5,0,0.0,1.1464543603036474,2476.826927901,Senior,-1,1,0
61499,0,0.479943514,47,0,2791.0,5400.0,11,0,2,0,3.0,0.5167561562673579,1116.6879661084,Mid,-1,1,0
61501,0,0.0,59,0,74.0,1.0,2,0,0,0,0.0,37.0,29.6,Senior,-1,1,0
61572,0,0.631340043,31,0,1750.0,5400.0,6,0,1,1,3.0,0.3240140714682466,700.3788040258,Mid,-1,1,0
61586,0,0.0,74,1,2852.0,5400.0,5,0,2,0,0.0,0.5280503610442511,1140.8,Senior,-1,1,0
61600,0,0.024361983,48,1,7238.0,5400.0,14,0,3,0,1.0,1.340122199592668,2895.2146171898003,Mid,-1,1,1
61653,0,0.226967578,67,0,3299.0,5400.0,13,0,2,0,0.0,0.6108128124421404,1319.7361805468,Senior,-1,1,0
61676,0,0.240231823,68,2,5253.0,5400.0,24,0,2,0,0.0,0.9725976670986854,2101.3441390938,Senior,-1,1,0
61681,0,0.958544546,60,3,5508.0,5400.0,14,0,1,0,4.0,1.0198111460840584,2203.7751267276003,Senior,-1,1,0
61688,0,0.041069017,50,0,4965.0,5400.0,14,0,3,0,4.0,0.9192742084799111,1986.0246414102,Mid,-1,1,0
61717,0,0.780243951,49,0,3727.0,5400.0,5,0,2,0,2.0,0.6900573967783744,1491.2681463706,Mid,-1,1,0
61739,0,0.310343285,73,0,4615.0,5400.0,8,0,2,0,0.0,0.8544713941862618,1846.186205971,Senior,-1,1,0
61822,0,0.161206727,57,0,4806.0,5400.0,10,0,2,0,0.0,0.8898352157007962,1922.4967240362,Senior,-1,1,0
61837,0,0.047094117,50,0,3585.0,5400.0,8,0,2,0,0.0,0.6637659692649509,1434.0282564702,Mid,-1,1,0
61870,0,0.00309811,40,0,3384.0,5400.0,12,0,2,0,2.0,0.626550638770598,1353.6018588660002,Mid,-1,1,0
61880,0,0.963007399,45,1,1567.0,5400.0,6,2,0,1,0.0,0.2901314571375671,627.3778044394,Mid,-1,1,0
61920,0,0.001008024,79,0,2639.0,5400.0,7,0,1,0,0.0,0.4886132197741159,1055.6006048144002,Senior,-1,1,0
61940,0,0.140732408,41,2,4301.0,5400.0,7,0,1,0,3.0,0.7963340122199593,1720.4844394448,Mid,-1,1,0
61943,0,0.292172707,62,0,3663.0,5400.0,12,0,2,0,2.0,0.6782077393075356,1465.3753036242,Senior,-1,1,0
61957,0,0.917079083,66,0,1743.0,5400.0,4,0,1,0,0.0,0.3227180151823736,697.7502474498001,Senior,-1,1,0
61993,0,0.054684546,63,0,4118.0,5400.0,16,0,2,0,1.0,0.7624513978892797,1647.2328107276,Senior,-1,1,0
61997,0,0.334366563,49,0,4886.0,5400.0,7,0,2,0,0.0,0.9046472875393444,1954.6006199378,Mid,-1,1,0
62015,0,0.486311098,53,0,4996.0,5400.0,21,0,1,0,1.0,0.9250138863173486,1998.6917866588,Senior,-1,1,0
62025,0,0.41530401,55,0,6002.0,5400.0,16,0,2,0,1.0,1.111275689687095,2401.049182406,Senior,-1,1,0
62035,0,0.576291642,42,0,4099.0,5400.0,13,0,2,0,3.0,0.7589335308276245,1639.9457749852002,Mid,-1,1,0
62054,0,0.122586068,43,1,3725.0,5400.0,14,0,3,0,0.0,0.6896870949824107,1490.0735516408,Mid,-1,1,0
62057,0,0.790113582,63,0,3310.0,5400.0,5,0,1,0,0.0,0.6128494723199408,1324.4740681492,Senior,-1,1,0
62084,0,0.130763582,62,0,3404.0,5400.0,14,0,2,0,2.0,0.6302536567302351,1361.6784581492002,Senior,-1,1,0
62085,0,0.9999999,25,0,893.0,5400.0,1,0,1,0,0.0,0.1653397518977967,357.79999994,Young,-1,1,0
62108,0,0.737332424,27,0,120.0,1.0,4,0,0,0,0.0,60.0,48.4423994544,Young,-1,1,0
62113,0,0.988273803,44,1,414.0,1.0,4,0,0,0,3.0,207.0,166.19296428180002,Mid,-1,1,0
62126,0,0.972810819,57,0,2351.0,5400.0,6,0,2,0,2.0,0.4352897611553416,940.9836864914,Senior,-1,1,0
62144,0,0.78996815,58,0,3361.0,5400.0,6,0,2,0,0.0,0.6222921681170154,1344.87398089,Senior,-1,1,0
62165,0,0.0,42,0,4095.0,5400.0,5,0,2,0,0.0,0.7581929272356971,1638.0,Mid,-1,1,0
62179,0,0.862862261,57,0,3100.0,5400.0,12,0,2,0,1.0,0.5739677837437511,1240.5177173566,Senior,-1,1,0
62188,0,0.9999999,39,0,2416.0,5400.0,5,0,3,0,0.0,0.4473245695241622,966.99999994,Mid,-1,1,0
62234,0,0.513937781,40,0,3789.0,5400.0,7,0,1,0,0.0,0.7015367524532494,1515.9083626686,Mid,-1,1,0
62242,0,0.53302518,63,0,4400.0,5400.0,17,0,2,0,0.0,0.814663951120163,1760.319815108,Senior,-1,1,0
62279,0,0.483625819,32,0,3620.0,5400.0,5,0,1,0,1.0,0.6702462506943159,1448.2901754914,Mid,-1,1,0
62290,0,0.011866995,40,0,6570.0,5400.0,14,0,3,0,0.0,1.2164413997407888,2628.007120197,Mid,-1,1,1
62321,0,0.022451677,41,0,2931.0,5400.0,12,0,1,0,0.0,0.5426772819848176,1172.4134710062,Mid,-1,1,0
62331,0,0.015649073,69,0,4513.0,5400.0,29,0,6,0,0.0,0.8355860025921126,1805.2093894438,Senior,-1,1,0
62382,0,0.9999999,28,2,807.0,5400.0,3,2,1,1,0.0,0.1494167746713571,323.39999994,Young,-1,1,0
62383,0,0.746407316,63,0,0.033728054,126333.0,8,0,2,0,0.0,2.6697527189830133e-07,0.4613356112,Senior,-1,1,1
62388,0,0.347099839,51,3,2992.0,5400.0,8,0,1,0,1.0,0.5539714867617108,1197.0082599034,Senior,-1,1,0
62419,0,0.9999999,60,0,1429.0,5400.0,2,0,1,0,0.0,0.2645806332160711,572.19999994,Senior,-1,1,0
62447,0,0.891566732,64,0,12169.0,5400.0,25,0,4,0,0.0,2.2531012775411963,4868.1349400392,Senior,-1,1,1
62455,0,0.0,55,0,7901.0,5400.0,11,0,3,0,0.0,1.462877244954638,3160.4,Senior,-1,1,1
62470,0,0.488868151,33,0,2530.0,5400.0,4,0,2,0,3.0,0.4684317718940937,1012.2933208906,Mid,-1,1,0
62474,0,0.168034032,63,0,9541.0,5400.0,13,0,7,0,0.0,1.7665247176448806,3816.5008204192,Senior,-1,1,1
62487,0,0.047232489,54,0,4966.0,5400.0,6,0,1,0,0.0,0.919459359377893,1986.4283394934,Senior,-1,1,0
62524,0,0.380632883,53,0,3131.0,5400.0,9,0,1,0,0.0,0.5797074615811887,1252.6283797298,Senior,-1,1,0
62573,0,0.02615348,58,0,3493.0,5400.0,14,0,1,0,0.0,0.6467320866506202,1397.215692088,Senior,-1,1,0
62610,0,0.017076898,72,0,16.5,1.0,7,0,1,0,0.0,8.25,6.610246138800001,Senior,-1,1,0
62612,0,0.356723475,59,0,3418.0,5400.0,9,0,2,0,0.0,0.6328457693019811,1367.414034085,Senior,-1,1,0
62624,0,0.00419979,48,0,3361.0,5400.0,6,0,1,0,0.0,0.6222921681170154,1344.402519874,Mid,-1,1,0
62636,0,0.023142196,43,0,1106.5,1.0,10,0,1,0,2.0,553.25,442.6138853176,Mid,-1,1,1
62638,0,0.085703582,74,0,3195.0,5400.0,7,0,2,0,0.0,0.5915571190520273,1278.0514221492,Senior,-1,1,0
62643,0,0.014404027,64,0,3286.0,5400.0,28,0,2,0,1.0,0.6084058507683763,1314.4086424162,Senior,-1,1,0
62645,0,0.009618864,60,0,74.5,1.0,8,0,0,0,0.0,37.25,29.8057713184,Senior,-1,1,0
62687,0,0.952748237,63,1,1572.0,5400.0,14,0,0,0,0.0,0.2910572116274764,629.3716489422001,Senior,-1,1,0
62734,0,0.34228829,64,0,17687.0,5400.0,16,0,9,0,0.0,3.2747639326050733,7075.005372974,Senior,-1,1,1
62743,0,0.467426629,56,0,4418.0,5400.0,5,0,2,0,0.0,0.8179966672838364,1767.4804559774,Senior,-1,1,0
62744,0,0.961701915,30,0,1497.0,5400.0,5,0,0,0,0.0,0.2771708942788372,599.377021149,Young,-1,1,0
62751,0,0.258563582,65,0,3147.0,5400.0,9,0,2,0,2.0,0.5826698759488983,1258.9551381492,Senior,-1,1,0
62772,0,0.12402528,61,0,4069.0,5400.0,7,0,3,0,0.0,0.7533790038881688,1627.6744151680002,Senior,-1,1,0
62811,1,0.673412842,39,0,2095.0,5400.0,6,0,1,0,0.0,0.3878911312719866,838.4040477052,Mid,-1,1,0
62817,0,0.061754183,43,0,3200.0,5400.0,14,0,1,0,1.0,0.5924828735419366,1280.0370525098,Mid,-1,1,0
62841,0,0.105732336,38,0,6222.0,5400.0,9,0,2,0,2.0,1.1520088872431031,2488.8634394016003,Mid,-1,1,0
62867,0,0.579460411,48,0,5436.0,5400.0,11,0,4,0,1.0,1.006480281429365,2174.7476762466,Mid,-1,1,0
62872,0,0.035152627,63,0,9123.0,5400.0,23,0,4,0,0.0,1.689131642288465,3649.2210915762,Senior,-1,1,1
62874,0,0.256283251,44,0,2910.0,5400.0,13,0,2,0,0.0,0.5387891131271987,1164.1537699506,Mid,-1,1,0
62899,0,0.027921894,51,0,4102.0,5400.0,7,0,3,0,0.0,0.7594889835215701,1640.8167531364002,Senior,-1,1,0
62916,0,0.004112736,62,0,4092.0,5400.0,13,0,4,0,0.0,0.7576374745417516,1636.8024676416003,Senior,-1,1,0
62936,0,0.9999999,48,0,2189.0,5400.0,4,0,1,0,0.0,0.405295315682281,876.19999994,Mid,-1,1,0
62963,0,0.426318826,60,0,2888.0,5400.0,9,0,1,0,0.0,0.5347157933715978,1155.4557912956,Senior,-1,1,0
62972,0,0.016231853,54,0,3788.0,5400.0,7,0,1,0,2.0,0.7013516015552675,1515.2097391118,Senior,-1,1,0
62985,0,0.303295272,44,0,4371.0,5400.0,5,0,1,0,0.0,0.8092945750786892,1748.5819771632,Mid,-1,1,0
63011,1,0.902409759,57,1,4921.0,5400.0,9,0,4,2,0.0,0.9111275689687096,1968.9414458554,Senior,-1,1,0
63016,0,0.860356866,30,1,2271.0,5400.0,11,0,1,0,0.0,0.4204776893167932,908.9162141196,Young,-1,1,0
63025,0,0.0,35,0,2312.0,5400.0,5,0,1,0,0.0,0.4280688761340492,924.8,Mid,-1,1,0
63071,0,0.144521033,58,0,3474.0,5400.0,9,0,1,0,0.0,0.643214219588965,1389.6867126198,Senior,-1,1,0
63074,0,0.486008996,45,0,4022.0,5400.0,9,0,2,0,0.0,0.7446769116830216,1609.0916053976002,Mid,-1,1,0
63082,0,0.880570648,50,0,7845.0,5400.0,11,0,2,1,2.0,1.452508794667654,3138.5283423888,Mid,-1,1,1
63098,0,0.000799968,36,0,3200.0,5400.0,10,0,2,0,1.0,0.5924828735419366,1280.0004799808,Mid,-1,1,0
63101,0,0.348794187,57,0,5217.0,5400.0,10,0,2,0,0.0,0.9659322347713386,2087.0092765122004,Senior,-1,1,0
63144,0,0.0,31,0,2692.0,5400.0,6,0,1,0,1.0,0.4984262173671542,1076.8,Mid,-1,1,0
63149,0,0.9999999,43,0,2984.0,5400.0,8,0,2,0,0.0,0.5524902795778559,1194.1999999400002,Mid,-1,1,0
63164,0,0.0,40,0,3061.0,5400.0,4,0,1,0,0.0,0.5667468987224588,1224.4,Mid,-1,1,0
63175,0,0.85214208,64,1,3501.0,5400.0,18,0,1,0,0.0,0.6482132938344751,1400.911285248,Senior,-1,1,0
63188,0,0.098105559,37,0,4175.0,5400.0,8,0,3,0,0.0,0.7730049990742455,1670.0588633354,Mid,-1,1,0
63192,0,0.299323356,43,0,2821.0,5400.0,6,0,1,0,0.0,0.5223106832068135,1128.5795940136002,Mid,-1,1,0
63203,0,0.9999999,36,0,4142.0,5400.0,7,0,2,0,0.0,0.7668950194408443,1657.3999999400005,Mid,-1,1,0
63214,0,0.369632283,63,0,8832.0,5400.0,17,0,4,0,2.0,1.6352527309757452,3533.0217793698,Senior,-1,1,1
63216,0,0.988621474,59,0,2762.0,5400.0,8,0,1,0,1.0,0.5113867802258841,1105.3931728844,Senior,-1,1,0
63223,0,0.18372017,57,0,4124.0,5400.0,10,0,1,1,2.0,0.7635623032771709,1649.7102321020002,Senior,-1,1,0
63238,0,0.070744105,39,0,641.0,1.0,4,0,1,0,0.0,320.5,256.442446463,Mid,-1,1,1
63240,0,0.56425188,73,0,5224.0,5400.0,13,0,2,0,0.0,0.9672282910572116,2089.9385511279997,Senior,-1,1,0
63251,1,0.430923537,36,0,4075.0,5400.0,19,0,2,0,0.0,0.75448990927606,1630.2585541222,Mid,-1,1,0
63268,0,0.4222382,45,0,3727.0,5400.0,14,0,2,0,0.0,0.6900573967783744,1491.0533429200002,Mid,-1,1,0
63271,0,0.16315297,50,0,3384.0,5400.0,9,0,1,0,3.0,0.626550638770598,1353.6978917820002,Mid,-1,1,0
63302,0,0.529960053,55,0,3357.0,5400.0,5,0,1,0,2.0,0.621551564525088,1343.1179760318005,Senior,-1,1,0
63311,0,0.9999999,29,0,947.0,5400.0,7,0,0,0,0.0,0.1753379003888169,379.39999994,Young,-1,1,0
63328,0,0.635116677,40,0,4515.0,5400.0,18,0,3,0,0.0,0.8359563043880763,1806.3810700062,Mid,-1,1,0
63344,0,0.036996274,46,0,3694.0,5400.0,11,0,2,0,2.0,0.6839474171449732,1477.6221977644002,Mid,-1,1,0
63372,0,0.64429223,46,0,5857.0,5400.0,13,0,4,0,0.0,1.084428809479726,2343.186575338,Mid,-1,1,0
63377,0,0.9999999,40,0,1132.0,5400.0,2,0,1,0,0.0,0.2095908165154601,453.39999994,Mid,-1,1,0
63442,0,0.009860455,70,0,6849.0,5400.0,14,0,9,0,0.0,1.2680985002777263,2739.6059162730003,Senior,-1,1,1
63449,0,0.9999999,31,0,983.0,5400.0,4,0,1,0,2.0,0.1820033327161636,393.79999994,Mid,-1,1,0
63486,0,0.775708313,44,0,2167.0,5400.0,6,0,1,0,1.0,0.4012219959266802,867.2654249878001,Mid,-1,1,0
63492,0,0.564789771,41,0,3085.0,5400.0,5,0,2,0,0.0,0.5711905202740233,1234.3388738626,Mid,-1,1,0
63495,0,0.217256487,76,0,7960.0,5400.0,29,0,3,0,1.0,1.4738011479355675,3184.1303538922,Senior,-1,1,1
63542,0,0.520468482,60,1,3084.0,5400.0,7,0,1,0,0.0,0.5710053693760415,1233.9122810892002,Senior,-1,1,0
63562,0,0.290285486,63,1,4487.0,5400.0,8,0,2,0,0.0,0.8307720792445843,1794.9741712916002,Senior,-1,1,0
63592,0,0.696541602,57,0,3854.0,5400.0,13,0,2,0,0.0,0.71357156082207,1542.0179249612002,Senior,-1,1,0
63604,0,0.043347436,64,0,3720.0,5400.0,9,0,4,0,0.0,0.6887613404925014,1488.0260084616,Senior,-1,1,0
63648,0,0.0,43,0,4107.0,5400.0,11,0,3,0,0.0,0.7604147380114794,1642.8000000000002,Mid,-1,1,0
63665,0,0.0,53,0,5847.0,5400.0,5,0,2,0,3.0,1.0825773004999075,2338.8,Senior,-1,1,0
63677,0,0.439580435,54,0,2967.0,5400.0,9,0,4,0,0.0,0.5493427143121644,1187.063748261,Senior,-1,1,0
63698,0,0.430133232,61,0,3019.0,5400.0,9,0,3,0,0.0,0.5589705610072209,1207.8580799392,Senior,-1,1,0
63713,1,0.778637219,44,0,2196.0,5400.0,8,2,2,0,1.0,0.406591371968154,878.8671823314,Mid,-1,1,0
63719,0,0.463381795,69,1,2674.0,5400.0,10,0,1,0,0.0,0.4950935012034808,1069.878029077,Senior,-1,1,0
63726,0,0.120687955,32,0,2680.0,5400.0,11,0,1,0,0.0,0.496204406591372,1072.072412773,Mid,-1,1,0
63748,0,0.873341452,62,1,4400.0,5400.0,9,0,2,0,0.0,0.814663951120163,1760.5240048712,Senior,-1,1,0
63769,0,0.014116189,63,1,3810.0,5400.0,16,0,2,0,0.0,0.7054249213108683,1524.0084697134,Senior,-1,1,0
63837,0,0.523700239,59,0,3095.0,5400.0,10,0,2,0,0.0,0.5730420292538418,1238.3142201434,Senior,-1,1,0
63838,0,0.40682157,39,0,2184.0,5400.0,6,0,2,0,0.0,0.4043695611923718,873.844092942,Mid,-1,1,0
63849,0,0.0,56,0,4292.0,5400.0,7,0,2,0,3.0,0.7946676541381226,1716.8000000000002,Senior,-1,1,0
63855,0,0.038571099,56,0,3861.0,5400.0,17,0,3,0,0.0,0.714867617107943,1544.4231426594,Senior,-1,1,0
63908,0,0.743920935,56,0,4228.0,5400.0,12,0,1,0,0.0,0.7828179966672838,1691.646352561,Senior,-1,1,0
63909,0,0.031217342,62,0,7325.0,5400.0,8,0,2,0,0.0,1.3562303277170895,2930.0187304052,Senior,-1,1,1
63964,0,0.9999999,57,2,1715.0,5400.0,4,2,2,0,0.0,0.3175337900388817,686.59999994,Senior,-1,1,0
64000,0,0.029010776,61,0,1293.5,1.0,21,0,2,0,0.0,646.75,517.4174064655999,Senior,-1,1,1
64022,1,0.37321564,45,5,3274.0,5400.0,11,1,1,3,0.0,0.606184039992594,1309.8239293840002,Mid,-1,1,0
64025,0,0.02318917,57,0,3806.0,5400.0,14,0,2,0,0.0,0.7046843177189409,1522.413913502,Senior,-1,1,0
64048,0,0.000288882,81,0,3071.0,5400.0,13,0,1,0,0.0,0.5685984077022773,1228.4001733292,Senior,-1,1,0
64094,0,0.005640325,57,0,3447.0,5400.0,13,0,3,0,0.0,0.6382151453434549,1378.8033841950005,Senior,-1,1,0
64157,0,0.851211073,37,1,1965.0,5400.0,7,0,2,0,0.0,0.3638215145343454,786.5107266438,Mid,-1,1,0
64163,0,0.0,44,0,3279.0,5400.0,9,0,1,0,0.0,0.6071097944825032,1311.6,Mid,-1,1,0
64187,0,0.256793943,47,0,4267.0,5400.0,5,0,2,0,5.0,0.7900388816885762,1706.9540763658,Mid,-1,1,0
64197,0,0.002473972,35,0,2769.0,5400.0,2,0,1,0,1.0,0.5126828365117571,1107.6014843832002,Mid,-1,1,0
64201,0,0.483595674,56,0,2890.0,5400.0,7,0,1,0,0.0,0.5350860951675616,1156.2901574044,Senior,-1,1,0
64220,0,0.624852802,75,0,3356.0,5400.0,11,0,1,0,0.0,0.6213664136271061,1342.7749116812,Senior,-1,1,0
64227,0,0.9999999,69,0,6136.0,5400.0,9,0,1,0,1.0,1.1360859100166636,2454.99999994,Senior,-1,1,0
64240,0,0.001693843,58,0,4948.0,5400.0,7,0,2,0,3.0,0.9161266432142195,1979.2010163058,Senior,-1,1,0
64242,0,0.742876187,48,1,3998.0,5400.0,7,0,1,1,2.0,0.7402332901314571,1599.6457257122,Mid,-1,1,0
64243,0,0.844524277,65,0,2262.0,5400.0,6,0,1,0,1.0,0.4188113312349565,905.3067145662,Senior,-1,1,0
64245,0,0.883929838,46,2,1949.0,5400.0,14,0,2,0,1.0,0.3608591001666358,780.1303579028,Mid,-1,1,0
64248,0,0.479597381,31,0,2109.0,5400.0,8,0,2,0,0.0,0.3904832438437326,843.8877584286,Mid,-1,1,0
64272,0,0.057834395,52,1,6298.0,5400.0,13,0,2,0,0.0,1.166080355489724,2519.234700637,Senior,-1,1,0
64273,0,0.031112086,39,0,3059.0,5400.0,7,0,2,0,0.0,0.5663765969264951,1223.6186672516,Mid,-1,1,0
64285,1,0.692859664,34,4,3795.0,5400.0,10,2,2,2,0.0,0.7026476578411406,1518.4157157984,Mid,-1,1,0
64293,0,0.023286198,65,0,4871.0,5400.0,20,0,3,0,1.0,0.9018700240696168,1948.4139717188,Senior,-1,1,0
64297,0,0.9999999,48,0,5143.0,5400.0,6,0,1,0,0.0,0.9522310683206814,2057.7999999400004,Mid,-1,1,0
64337,0,0.860056997,40,0,2691.0,5400.0,6,0,1,0,0.0,0.4982410664691724,1076.9160341982,Mid,-1,1,0
64368,0,0.974578747,69,0,3665.0,5400.0,6,0,1,0,0.0,0.6785780411034994,1466.5847472482,Senior,-1,1,0
64376,0,0.831056315,23,0,447.0,5400.0,2,0,0,0,0.0,0.0827624513978892,179.298633789,Young,-1,1,0
64393,0,0.068091127,52,0,4736.0,5400.0,12,0,4,0,0.0,0.8768746528420663,1894.4408546762,Senior,-1,1,0
64397,0,0.150405673,46,1,3621.0,5400.0,8,0,1,0,0.0,0.6704314015922977,1448.4902434038002,Mid,-1,1,0
64439,0,0.552108958,58,0,2785.0,5400.0,6,0,1,0,0.0,0.5156452508794668,1114.3312653748,Senior,-1,1,0
64463,0,0.50827155,70,0,2606.0,5400.0,18,0,2,0,1.0,0.4825032401407146,1042.7049629300002,Senior,-1,1,0
64475,0,0.052303669,60,0,3833.0,5400.0,5,0,2,0,1.0,0.7096833919644511,1533.2313822014,Senior,-1,1,0
64488,0,0.020726331,61,0,684.5,1.0,3,0,2,0,0.0,342.25,273.8124357986,Senior,-1,1,1
64500,0,0.018345201,40,2,3877.0,5400.0,13,0,2,0,2.0,0.7178300314756526,1550.8110071206002,Mid,-1,1,0
64501,0,0.893310669,51,3,5734.0,5400.0,15,0,3,1,0.0,1.0616552490279578,2294.1359864014,Senior,-1,1,0
64526,0,0.792493034,29,2,1592.0,5400.0,4,0,1,0,1.0,0.2947602295871135,637.2754958204001,Young,-1,1,0
64568,0,0.680035199,55,0,5357.0,5400.0,13,0,3,0,0.0,0.9918533604887984,2143.2080211194,Senior,-1,1,0
64571,0,0.201643195,29,0,2465.0,5400.0,22,0,1,0,0.0,0.4563969635252731,986.120985917,Young,-1,1,0
64583,0,0.918560268,60,0,7327.0,5400.0,22,0,1,0,0.0,1.356600629513053,2931.3511361608003,Senior,-1,1,1
64602,1,0.9999999,46,1,3791.0,5400.0,3,6,1,0,0.0,0.7019070542492131,1516.9999999400002,Mid,-1,1,0
64607,1,0.000373511,41,1,5660.0,5400.0,15,0,4,0,0.0,1.0479540825773006,2264.0002241066,Mid,-1,1,0
64614,0,0.0,29,0,3701.0,5400.0,7,0,1,0,0.0,0.6852434734308461,1480.4,Young,-1,1,0
64628,0,0.398760124,40,0,3573.0,5400.0,5,0,1,0,0.0,0.6615441584891687,1429.4392560744,Mid,-1,1,0
64661,0,0.229803265,56,0,2012.5,1.0,9,0,3,0,0.0,1006.25,805.137881959,Senior,-1,1,1
64702,0,0.0,57,0,6511.0,5400.0,6,0,2,0,2.0,1.2055174967598592,2604.4,Senior,-1,1,1
64727,0,0.011792679,57,0,5725.0,5400.0,21,0,3,0,2.0,1.059988890946121,2290.0070756074,Senior,-1,1,0
64735,0,0.275356998,48,0,5694.0,5400.0,9,0,4,0,0.0,1.0542492131086836,2277.7652141988,Mid,-1,1,0
64736,0,0.0,55,1,5162.0,5400.0,5,0,2,0,0.0,0.9557489353823366,2064.8,Senior,-1,1,0
64760,0,0.24597267,48,1,4173.0,5400.0,5,0,2,0,0.0,0.7726346972782818,1669.347583602,Mid,-1,1,0
64769,0,0.572518021,63,0,3064.0,5400.0,16,0,1,0,0.0,0.5673023514164044,1225.9435108126002,Senior,-1,1,0
64799,0,0.892903395,70,0,13119.0,5400.0,14,0,4,0,0.0,2.4289946306239587,5248.135742037,Senior,-1,1,1
64859,0,0.108798245,37,0,3617.0,5400.0,4,0,2,0,0.0,0.6696907980003703,1446.8652789470002,Mid,-1,1,0
64892,0,0.49958833,46,0,3185.0,5400.0,11,0,1,0,0.0,0.5897056100722089,1274.299752998,Mid,-1,1,0
64949,0,0.172227738,31,1,501.0,1.0,14,0,0,0,0.0,250.5,200.5033366428,Mid,-1,1,0
64965,0,0.944801236,34,1,1221.0,5400.0,8,0,0,0,0.0,0.2260692464358452,488.9668807416001,Mid,-1,1,0
64979,0,0.965044108,57,0,2575.0,5400.0,10,0,0,0,0.0,0.4767635623032771,1030.5790264648,Senior,-1,1,0
64998,0,0.081961371,48,0,3633.0,5400.0,11,0,2,1,3.0,0.67265321236808,1453.2491768226,Mid,-1,1,0
65001,0,0.01265935,55,0,3469.0,5400.0,14,0,3,0,0.0,0.6422884650990557,1387.60759561,Senior,-1,1,0
65037,0,0.260540621,70,0,6608.0,5400.0,15,0,4,0,0.0,1.2234771338640993,2643.3563243726003,Senior,-1,1,1
65046,0,0.227493362,50,0,3867.0,5400.0,14,0,2,0,1.0,0.7159785224958342,1546.9364960172002,Mid,-1,1,0
65050,0,0.684961402,43,0,3578.0,5400.0,11,0,1,0,1.0,0.662469912979078,1431.6109768412,Mid,-1,1,0
65072,0,0.403040492,48,0,4250.0,5400.0,13,0,1,0,0.0,0.7868913164228847,1700.2418242952,Mid,-1,1,0
65087,0,0.0,53,0,1632.5,1.0,13,0,1,0,0.0,816.25,653.0,Senior,-1,1,1
65106,1,0.021005683,41,3,3844.0,5400.0,12,0,2,0,0.0,0.7117200518422514,1537.6126034098002,Mid,-1,1,0
65118,0,0.725034371,43,1,142.5,1.0,3,1,0,1,0.0,71.25,57.4350206226,Mid,-1,1,0
65143,0,0.889996677,60,0,2252.0,5400.0,5,0,0,0,0.0,0.4169598222551379,901.3339980062,Senior,-1,1,0
65212,1,0.703477888,43,1,3939.0,5400.0,7,0,0,0,0.0,0.7293093871505277,1576.0220867328,Mid,-1,1,0
65236,0,0.525810538,59,0,2867.0,5400.0,3,0,1,0,0.0,0.5308276245139789,1147.1154863228,Senior,-1,1,0
65246,0,0.870673851,31,0,3478.0,5400.0,4,0,1,0,0.0,0.6439548231808925,1391.7224043106,Mid,-1,1,0
65250,0,0.36529376,48,0,14089.0,5400.0,9,0,5,0,4.0,2.6085910016663583,5635.819176256,Mid,-1,1,1
65252,0,0.61172717,30,0,2666.0,5400.0,6,0,2,0,0.0,0.493612294019626,1066.7670363020002,Young,-1,1,0
65265,0,0.596412556,41,4,5924.0,5400.0,8,0,4,0,0.0,1.0968339196445105,2369.9578475336,Mid,-1,1,0
65297,0,0.9999999,61,0,5700.0,5400.0,7,0,3,0,3.0,1.0553601184965746,2280.59999994,Senior,-1,1,0
65316,0,0.9999999,23,0,44.5,1.0,1,0,0,0,0.0,22.25,18.39999994,Young,-1,1,0
65328,0,0.01771302,53,0,5265.0,5400.0,6,0,2,0,0.0,0.9748194778744677,2106.010627812,Senior,-1,1,0
65349,1,0.922514901,26,1,776.0,5400.0,6,0,0,2,0.0,0.1436770968339196,310.95350894060005,Young,-1,1,0
65355,0,0.724827577,62,0,3665.0,5400.0,21,0,1,0,0.0,0.6785780411034994,1466.4348965462,Senior,-1,1,0
65395,0,0.01479926,45,0,3590.0,5400.0,8,0,1,0,2.0,0.6646917237548602,1436.008879556,Mid,-1,1,0
65402,0,0.296980927,47,1,4007.0,5400.0,13,0,2,0,2.0,0.7418996482132938,1602.9781885562002,Mid,-1,1,0
65456,1,0.877404753,49,1,3206.0,5400.0,10,0,1,1,2.0,0.5935937789298278,1282.9264428518002,Mid,-1,1,0
65498,0,0.205987126,62,0,3488.0,5400.0,9,0,2,0,0.0,0.6458063321607109,1395.3235922756,Senior,-1,1,0
65503,0,0.741607383,47,1,411.0,1.0,7,0,0,0,2.0,205.5,164.8449644298,Mid,-1,1,0
65507,0,0.045686191,64,0,10091.0,5400.0,9,0,3,0,0.0,1.868357711534901,4036.4274117146,Senior,-1,1,1
65529,0,0.073901296,64,2,8972.0,5400.0,11,0,3,0,2.0,1.661173856693205,3588.8443407776003,Senior,-1,1,1
65534,1,0.350679254,55,3,6429.0,5400.0,17,0,4,0,0.0,1.1903351231253472,2571.8104075524,Senior,-1,1,0
65537,0,0.994125566,40,0,1594.0,5400.0,9,0,2,0,0.0,0.2951305313830772,638.1964753396,Mid,-1,1,0
65553,0,0.211787592,54,1,6431.0,5400.0,10,0,2,0,0.0,1.190705424921311,2572.5270725552,Senior,-1,1,0
65560,0,0.9999999,55,0,4279.0,5400.0,9,0,4,0,0.0,0.7922606924643585,1712.1999999400002,Senior,-1,1,0
65562,1,0.9999999,65,0,1106.0,5400.0,3,1,0,2,0.0,0.2047768931679318,442.99999994,Senior,-1,1,0
65585,0,0.165720732,40,1,6701.0,5400.0,13,0,3,0,4.0,1.240696167376412,2680.4994324392,Mid,-1,1,1
65588,0,0.145428411,68,0,4774.0,5400.0,11,0,1,0,0.0,0.8839103869653768,1909.6872570466,Senior,-1,1,0
65597,1,0.91289319,35,1,3324.0,5400.0,16,0,2,2,0.0,0.6154415848916868,1330.147735914,Mid,-1,1,0
65606,0,0.129060579,47,0,674.5,1.0,11,0,1,0,1.0,337.25,269.8774363474,Mid,-1,1,1
65622,1,0.9999999,61,0,1344.0,5400.0,2,4,1,1,0.0,0.2488428068876134,538.19999994,Senior,-1,1,0
65629,0,0.22565413,43,0,3848.0,5400.0,10,0,2,0,0.0,0.7124606554341788,1539.335392478,Mid,-1,1,0
65649,0,0.449462705,39,0,3837.0,5400.0,13,0,2,0,2.0,0.7104239955563785,1535.0696776230002,Mid,-1,1,0
65661,0,0.002015014,64,0,4400.0,5400.0,13,0,3,0,0.0,0.814663951120163,1760.0012090084,Senior,-1,1,0
65665,0,0.309610477,48,0,3561.0,5400.0,4,0,1,0,1.0,0.6593223477133864,1424.5857662862002,Mid,-1,1,0
65668,0,0.029251995,62,0,3894.0,5400.0,14,0,1,0,0.0,0.7209775967413442,1557.6175511970002,Senior,-1,1,0
65676,0,0.328415531,55,0,5081.0,5400.0,11,0,1,0,0.0,0.9407517126458064,2032.5970493186,Senior,-1,1,0
65727,0,0.580319727,69,0,2949.0,5400.0,12,0,3,0,0.0,0.546009998148491,1179.9481918362,Senior,-1,1,0
65750,0,0.007755209,67,2,4916.0,5400.0,15,0,2,0,0.0,0.9102018144788002,1966.4046531254,Senior,-1,1,0
65845,0,0.9999999,44,0,1370.0,5400.0,3,0,2,0,0.0,0.2536567302351416,548.59999994,Mid,-1,1,0
65885,0,0.794280774,61,1,6507.0,5400.0,21,0,1,0,0.0,1.204776893167932,2603.2765684644,Senior,-1,1,1
65887,0,0.048700485,74,0,3437.0,5400.0,3,0,1,0,0.0,0.6363636363636364,1374.8292202910002,Senior,-1,1,0
65909,0,0.168770781,46,0,4124.0,5400.0,5,0,2,0,0.0,0.7635623032771709,1649.7012624686,Mid,-1,1,0
65998,0,0.353806599,28,0,189.0,1.0,2,0,0,0,0.0,94.5,75.8122839594,Young,-1,1,0
66011,0,0.301150366,46,0,3368.0,5400.0,13,0,2,0,0.0,0.6235882244028883,1347.3806902196,Mid,-1,1,0
66027,0,0.297683388,64,0,4147.0,5400.0,6,0,2,0,0.0,0.7678207739307535,1658.9786100328,Senior,-1,1,0
66032,0,0.612471257,66,0,2790.0,5400.0,6,0,1,0,0.0,0.5165710053693761,1116.3674827542,Senior,-1,1,0
66033,0,0.021658008,81,0,2151.0,5400.0,7,0,1,0,0.0,0.3982595815589705,860.4129948048001,Senior,-1,1,0
66044,0,0.268307395,80,0,2261.0,5400.0,9,0,1,0,0.0,0.4186261803369746,904.560984437,Senior,-1,1,0
66102,0,0.426789415,51,0,2699.0,5400.0,13,0,2,0,0.0,0.4997222736530272,1079.856073649,Senior,-1,1,0
66114,0,0.9999999,24,0,12.0,1.0,2,0,0,0,0.0,6.0,5.399999940000001,Young,-1,1,0
66128,0,0.637272661,44,0,3359.0,5400.0,14,0,2,0,2.0,0.6219218663210516,1343.9823635966002,Mid,-1,1,0
66154,0,0.119229785,62,0,4068.0,5400.0,14,0,2,0,0.0,0.753193852990187,1627.271537871,Senior,-1,1,0
66185,0,0.551072337,38,0,2232.0,5400.0,4,0,2,0,0.0,0.4132568042955008,893.1306434022001,Mid,-1,1,0
66250,0,0.796219351,43,1,4647.0,5400.0,9,1,2,0,0.0,0.8603962229216812,1859.2777316106,Mid,-1,1,0
66285,0,0.052862194,34,0,3423.0,5400.0,7,0,3,0,0.0,0.6337715237918904,1369.2317173164,Mid,-1,1,0
66303,0,0.831706989,64,0,2782.0,5400.0,18,0,0,0,0.0,0.5150897981855213,1113.2990241934,Senior,-1,1,0
66316,0,0.572807604,57,0,6136.0,5400.0,9,0,1,0,0.0,1.1360859100166636,2454.7436845624,Senior,-1,1,0
66326,0,0.251550337,39,0,3438.0,5400.0,10,0,1,0,2.0,0.6365487872616182,1375.3509302022,Mid,-1,1,0
66350,0,0.006126854,36,0,2575.0,5400.0,13,0,2,0,0.0,0.4767635623032771,1030.0036761124,Mid,-1,1,0
66355,0,0.9999999,53,3,4209.0,5400.0,4,0,1,0,0.0,0.7793001296056286,1684.1999999400002,Senior,-1,1,0
66373,1,0.921228347,60,1,2717.0,5400.0,14,0,2,0,0.0,0.5030549898167006,1087.3527370082,Senior,-1,1,0
66377,0,0.9999999,58,0,6705.0,5400.0,2,0,1,0,0.0,1.2414367709683392,2682.59999994,Senior,-1,1,1
66435,0,0.0,45,1,675.0,1.0,5,0,1,2,3.0,337.5,270.0,Mid,-1,1,1
66450,0,0.365739068,56,0,264.5,1.0,12,0,2,0,1.0,132.25,106.01944344080002,Senior,-1,1,0
66467,0,0.0,47,0,755.5,1.0,7,0,1,0,2.0,377.75,302.2,Mid,-1,1,1
66469,0,0.962802976,61,2,2433.0,5400.0,10,2,2,0,0.0,0.4504721347898537,973.7776817856,Senior,-1,1,0
66477,0,0.9999999,35,1,2723.0,5400.0,3,0,1,0,0.0,0.5041658952045918,1089.79999994,Mid,-1,1,0
66493,0,0.056433839,80,0,2455.0,5400.0,10,0,3,0,1.0,0.4545454545454545,982.0338603034,Senior,-1,1,0
66517,0,0.681587448,43,1,3003.0,5400.0,10,0,1,1,0.0,0.5560081466395111,1201.6089524688,Mid,-1,1,0
66525,0,0.394451508,41,0,2693.0,5400.0,6,0,1,0,0.0,0.4986113682651361,1077.4366709048,Mid,-1,1,0
66539,0,0.0,48,0,401.5,1.0,23,0,1,0,1.0,200.75,160.60000000000002,Mid,-1,1,0
66558,0,0.068867515,44,0,4202.0,5400.0,16,0,3,0,0.0,0.7780040733197556,1680.841320509,Mid,-1,1,0
66576,0,0.471461809,65,0,3560.0,5400.0,8,0,1,0,0.0,0.6591371968154045,1424.2828770854,Senior,-1,1,0
66603,0,0.328388992,47,0,4458.0,5400.0,13,0,2,0,0.0,0.8254027032031105,1783.3970333952,Mid,-1,1,0
66611,1,0.980203959,60,6,2128.0,5400.0,11,1,1,0,0.0,0.3940011109053878,851.7881223754,Senior,-1,1,0
66615,1,0.9999999,29,0,721.0,5400.0,5,0,0,1,0.0,0.1334937974449176,288.99999994,Young,-1,1,0
66628,0,0.046755785,50,1,316.0,1.0,23,0,1,0,2.0,158.0,126.428053471,Mid,-1,1,0
66653,0,0.994244168,40,2,1587.0,5400.0,5,0,1,0,0.0,0.2938344750972042,635.3965465008,Mid,-1,1,0
66655,0,0.754958855,49,1,2982.0,5400.0,14,0,2,0,2.0,0.5521199777818923,1193.252975313,Mid,-1,1,0
66658,0,0.129487051,42,0,4652.0,5400.0,13,0,2,0,3.0,0.8613219774115904,1860.8776922306,Mid,-1,1,0
66676,0,0.877457285,29,0,2759.0,5400.0,9,0,1,0,0.0,0.5108313275319385,1104.126474371,Young,-1,1,0
66700,0,0.9999999,33,0,3125.0,5400.0,3,0,1,0,0.0,0.5785965561932975,1250.59999994,Mid,-1,1,0
66704,0,0.21844451,63,0,3583.0,5400.0,9,0,2,0,0.0,0.6633956674689873,1433.331066706,Senior,-1,1,0
66730,0,0.716141929,28,0,2068.0,5400.0,7,0,1,0,0.0,0.3828920570264765,827.6296851574,Young,-1,1,0
66734,0,0.318287675,71,0,2415.0,5400.0,9,0,1,0,0.0,0.4471394186261803,966.190972605,Senior,-1,1,0
66761,0,0.9999999,49,0,3064.0,5400.0,3,0,1,0,0.0,0.5673023514164044,1226.1999999400002,Mid,-1,1,0
66786,0,0.9999999,63,0,61907.0,5400.0,13,0,6,0,0.0,11.462136641362711,24763.399999940004,Senior,-1,1,1
66812,0,0.9999999,69,0,4800.0,5400.0,3,0,2,0,0.0,0.888724310312905,1920.59999994,Senior,-1,1,0
66819,0,0.286670341,26,0,349.5,1.0,11,0,0,0,1.0,174.75,139.97200220460002,Young,-1,1,0
66829,0,0.397757562,69,0,4977.0,5400.0,19,2,2,0,0.0,0.9214960192556934,1991.0386545372005,Senior,-1,1,0
66882,0,0.499304432,62,0,2724.0,5400.0,17,0,2,0,0.0,0.5043510461025736,1089.8995826592002,Senior,-1,1,0
66897,0,0.277681715,54,0,5955.0,5400.0,9,0,4,0,5.0,1.1025735974819475,2382.166609029,Senior,-1,1,0
67004,0,0.472477841,63,0,3122.0,5400.0,9,1,1,0,1.0,0.578041103499352,1249.0834867046,Senior,-1,1,0
67007,0,0.075444993,76,0,2346.0,5400.0,10,0,1,0,1.0,0.4343640066654323,938.4452669958,Senior,-1,1,0
67013,0,0.470545216,42,0,6235.0,5400.0,11,0,2,0,0.0,1.1544158489168672,2494.2823271296,Mid,-1,1,0
67024,1,0.133375199,43,1,6257.0,5400.0,14,0,4,0,2.0,1.158489168672468,2502.8800251194,Mid,-1,1,0
67026,0,0.033123776,62,0,3505.0,5400.0,10,0,1,0,1.0,0.6489538974264025,1402.0198742656,Senior,-1,1,0
67043,0,0.939378363,63,0,1785.0,5400.0,11,0,1,0,0.0,0.3304943528976115,714.5636270178,Senior,-1,1,0
67046,0,0.0,35,1,2948.0,5400.0,3,0,1,0,0.0,0.5458248472505092,1179.2,Mid,-1,1,0
67050,0,0.587010366,48,0,3436.0,5400.0,16,0,2,0,0.0,0.6361784854656545,1374.7522062196,Mid,-1,1,0
67074,0,0.153693684,61,0,4430.0,5400.0,5,0,2,0,0.0,0.8202184780596186,1772.0922162104,Senior,-1,1,0
67082,0,0.714172354,29,0,436.5,1.0,5,0,0,0,2.0,218.25,175.02850341240003,Young,-1,1,0
67143,0,0.208278344,66,0,3057.0,5400.0,24,0,2,0,0.0,0.5660062951305314,1222.9249670064,Senior,-1,1,0
67177,0,0.002572637,36,1,2939.0,5400.0,11,0,2,0,0.0,0.5441584891686725,1175.6015435822,Mid,-1,1,0
67209,0,0.786779121,56,0,6609.0,5400.0,13,0,2,0,0.0,1.223662284762081,2644.0720674726003,Senior,-1,1,1
67221,1,0.386547691,60,0,6827.0,5400.0,19,0,4,0,0.0,1.2640251805221254,2731.0319286146,Senior,-1,1,1
67239,0,0.475819499,58,1,3359.0,5400.0,19,0,1,0,0.0,0.6219218663210516,1343.8854916994,Senior,-1,1,0
67240,0,0.9999999,42,0,4023.0,5400.0,2,2,2,0,0.0,0.7448620625810035,1609.79999994,Mid,-1,1,0
67251,0,0.076498938,43,0,353.5,1.0,10,0,0,0,3.0,176.75,141.4458993628,Mid,-1,1,0
67283,0,0.95912758,66,1,10421.0,5400.0,15,0,2,0,0.0,1.9294575078689131,4168.975476548,Senior,-1,1,1
67326,0,0.405048964,73,0,3633.0,5400.0,13,0,1,0,0.0,0.67265321236808,1453.4430293784,Senior,-1,1,0
67338,0,0.452412851,64,1,10215.0,5400.0,18,1,5,0,0.0,1.891316422884651,4086.2714477106,Senior,-1,1,1
67372,0,0.656513462,46,0,3721.0,5400.0,15,0,2,0,0.0,0.6889464913904833,1488.7939080772,Mid,-1,1,0
67385,0,0.101164733,55,0,3974.0,5400.0,21,0,1,0,0.0,0.7357896685798926,1589.6606988398,Senior,-1,1,0
67392,0,0.712109136,55,0,5164.0,5400.0,20,0,2,0,2.0,0.9561192371783004,2066.0272654816,Senior,-1,1,0
67415,0,0.153267906,51,0,7575.0,5400.0,13,0,7,0,0.0,1.402518052212553,3030.0919607436,Senior,-1,1,1
67431,0,0.389287024,58,1,4492.0,5400.0,9,0,2,0,0.0,0.8316978337344936,1797.0335722144002,Senior,-1,1,0
67433,0,0.90817725,46,1,2167.0,5400.0,7,0,1,0,2.0,0.4012219959266802,867.3449063500001,Mid,-1,1,0
67455,0,0.189620758,30,0,2293.0,5400.0,3,0,1,0,0.0,0.424551009072394,917.3137724548,Young,-1,1,0
67466,0,0.002133638,59,0,3454.0,5400.0,22,0,3,0,0.0,0.639511201629328,1381.6012801828,Senior,-1,1,0
67491,0,0.9999999,77,0,1801.0,5400.0,4,0,1,0,0.0,0.3334567672653212,720.9999999400001,Senior,-1,1,0
67502,0,0.946258678,40,0,4321.0,5400.0,12,0,2,0,0.0,0.8000370301795964,1728.9677552068,Mid,-1,1,0
67503,0,0.187614852,71,0,4040.0,5400.0,6,1,1,0,0.0,0.748009627846695,1616.1125689112,Senior,-1,1,0
67514,0,0.057377675,48,0,3401.0,5400.0,6,0,1,0,0.0,0.6296982040362896,1360.434426605,Mid,-1,1,0
67565,0,0.9999999,25,0,520.0,5400.0,1,0,0,0,0.0,0.0962784669505647,208.59999994,Young,-1,1,0
67612,0,0.01875693,47,0,5969.0,5400.0,12,0,2,0,0.0,1.1051657100536938,2387.611254158,Mid,-1,1,0
67614,0,0.308609149,58,0,4119.0,5400.0,14,0,2,0,0.0,0.7626365487872616,1647.7851654894002,Senior,-1,1,0
67620,0,0.610246325,60,0,3283.0,5400.0,9,0,1,0,0.0,0.6078503980744306,1313.566147795,Senior,-1,1,0
67629,0,0.77476678,42,0,3456.0,5400.0,6,0,1,0,1.0,0.6398815034252916,1382.864860068,Mid,-1,1,0
67645,0,0.811847351,65,0,3235.0,5400.0,5,0,2,0,0.0,0.5989631549713016,1294.4871084106,Senior,-1,1,0
67661,1,0.833701048,46,0,2908.0,5400.0,12,0,1,0,2.0,0.5384188113312349,1163.7002206288,Mid,-1,1,0
67663,0,0.020046423,72,0,3014.0,5400.0,15,0,2,0,1.0,0.5580448065173116,1205.6120278538,Senior,-1,1,0
67700,0,0.102178302,49,0,1608.5,1.0,14,0,1,0,2.0,804.25,643.4613069812001,Mid,-1,1,1
67749,0,0.636781295,58,0,3076.0,5400.0,8,0,1,0,2.0,0.5695241621921866,1230.7820687770002,Senior,-1,1,0
67801,0,0.878674205,64,0,3281.0,5400.0,16,0,1,0,0.0,0.607480096278467,1312.927204523,Senior,-1,1,0
67839,0,0.490614779,57,0,6100.0,5400.0,11,0,3,0,1.0,1.1294204776893169,2440.2943688674,Senior,-1,1,0
67841,0,0.749712345,50,2,2856.0,5400.0,17,0,2,1,0.0,0.5287909646361785,1142.849827407,Mid,-1,1,0
67898,0,0.51089782,70,0,3455.0,5400.0,9,0,2,0,1.0,0.6396963525273097,1382.306538692,Senior,-1,1,0
67971,0,0.015669497,34,0,2740.0,5400.0,12,0,1,0,0.0,0.5073134604702833,1096.0094016982,Mid,-1,1,0
67973,0,0.535650294,57,0,6010.0,5400.0,17,0,2,0,0.0,1.1127568968709498,2404.3213901764,Senior,-1,1,0
68011,0,0.494780209,46,0,3260.0,5400.0,4,0,1,0,0.0,0.603591927420848,1304.2968681254,Mid,-1,1,0
68047,0,0.198231502,67,2,3700.0,5400.0,22,1,2,0,0.0,0.6850583225328643,1480.1189389012,Senior,-1,1,0
68060,0,0.019950125,54,1,3622.0,5400.0,7,0,1,0,0.0,0.6706165524902796,1448.811970075,Senior,-1,1,0
68071,0,0.9999999,31,0,6032.0,5400.0,19,0,5,0,2.0,1.116830216626551,2413.3999999400003,Mid,-1,1,0
68096,1,0.866295018,45,2,2623.0,5400.0,9,2,1,0,0.0,0.4856508054064062,1049.7197770108,Mid,-1,1,0
68104,0,0.324282445,52,0,3278.0,5400.0,7,0,1,0,0.0,0.6069246435845214,1311.394569467,Senior,-1,1,0
68112,0,0.92200156,59,0,5164.0,5400.0,10,0,3,0,0.0,0.9561192371783004,2066.153200936,Senior,-1,1,0
68118,0,0.380156843,61,0,3841.0,5400.0,19,0,1,0,0.0,0.7111645991483059,1536.6280941058,Senior,-1,1,0
68199,0,0.0,52,0,3580.0,5400.0,11,0,2,0,0.0,0.6628402147750416,1432.0,Senior,-1,1,0
68202,1,0.553894199,90,0,2315.0,5400.0,11,0,1,0,0.0,0.4286243288279948,926.3323365194,Senior,-1,1,0
68225,0,0.340287445,52,0,7224.0,5400.0,9,0,2,0,0.0,1.337530087020922,2889.804172467,Senior,-1,1,1
68228,0,0.492820207,70,0,5503.0,5400.0,20,0,2,0,0.0,1.0188853915941491,2201.4956921242,Senior,-1,1,0
68257,0,0.200566825,70,0,3640.0,5400.0,31,0,3,0,0.0,0.673949268653953,1456.120340095,Senior,-1,1,0
68284,0,0.993202719,38,0,3719.0,5400.0,7,0,4,0,0.0,0.6885761895945195,1488.1959216314,Mid,-1,1,0
68319,0,0.940332573,48,0,4793.0,5400.0,9,0,4,0,2.0,0.8874282540270321,1917.7641995438,Mid,-1,1,0
68326,0,0.042523009,82,1,2193.0,5400.0,26,0,2,0,0.0,0.4060359192742084,877.2255138054,Senior,-1,1,0
68347,0,0.001192639,43,0,3585.0,5400.0,9,0,2,0,0.0,0.6637659692649509,1434.0007155834,Mid,-1,1,0
68422,0,0.81487405,48,1,7421.0,5400.0,13,0,2,0,3.0,1.3740048139233476,2968.8889244300003,Mid,-1,1,1
68445,0,0.604898606,36,0,4284.0,5400.0,20,0,1,0,0.0,0.7931864469542678,1713.9629391636,Mid,-1,1,0
68474,1,0.0,62,1,6667.0,5400.0,14,0,4,0,0.0,1.2344010368450289,2666.8,Senior,-1,1,1
68480,0,0.033440995,52,0,3721.0,5400.0,8,0,2,0,2.0,0.6889464913904833,1488.4200645970002,Senior,-1,1,0
68483,0,0.033712685,53,0,7341.0,5400.0,20,0,3,0,0.0,1.3591927420847991,2936.420227611,Senior,-1,1,1
68496,0,0.357773927,54,0,3383.0,5400.0,5,0,2,0,0.0,0.6263654878726161,1353.4146643562,Senior,-1,1,0
68510,0,0.106925767,57,0,6117.0,5400.0,13,0,2,0,0.0,1.1325680429550082,2446.8641554602,Senior,-1,1,0
68588,0,0.895652609,40,0,3579.0,5400.0,5,0,2,0,1.0,0.6626550638770599,1432.1373915654,Mid,-1,1,0
68589,0,0.015232826,57,0,4608.0,5400.0,8,0,2,0,0.0,0.8531753379003888,1843.2091396956,Senior,-1,1,0
68599,1,0.904001141,48,2,10069.0,5400.0,9,2,2,1,0.0,1.8642843917793,4028.142400684601,Mid,-1,1,1
68603,0,0.438186711,36,0,3563.0,5400.0,6,0,1,0,0.0,0.6596926495093501,1425.4629120266,Mid,-1,1,0
68644,0,0.036671653,45,0,5350.0,5400.0,15,0,4,0,0.0,0.9905573042029254,2140.0220029918,Mid,-1,1,0
68647,0,0.9999999,42,0,1825.0,5400.0,3,0,1,0,0.0,0.3379003888168858,730.59999994,Mid,-1,1,0
68656,0,0.166494004,34,0,2850.0,5400.0,12,0,2,0,2.0,0.5276800592482873,1140.0998964024,Mid,-1,1,0
68714,0,0.0,33,0,3491.0,5400.0,3,0,2,0,0.0,0.6463617848546566,1396.4,Mid,-1,1,0
68727,0,0.107143387,51,0,3463.0,5400.0,9,0,2,0,1.0,0.6411775597111646,1385.2642860322,Senior,-1,1,0
68728,0,0.010929584,35,0,2683.0,5400.0,9,0,1,0,0.0,0.4967598592853175,1073.2065577504,Mid,-1,1,0
68739,0,0.023626359,46,0,4901.0,5400.0,15,0,1,0,1.0,0.9074245510090724,1960.4141758154,Mid,-1,1,0
68740,0,0.583649643,63,0,4427.0,5400.0,6,0,2,0,0.0,0.819663025365673,1771.1501897858002,Senior,-1,1,0
68846,0,0.647474719,63,1,2615.0,5400.0,11,0,2,0,0.0,0.4841695982225514,1046.3884848314,Senior,-1,1,0
68862,1,0.726791524,43,0,6777.0,5400.0,22,0,2,0,2.0,1.2547676356230328,2711.2360749144,Mid,-1,1,1
68884,0,0.728700775,44,0,2952.0,5400.0,4,0,1,0,0.0,0.5465654508424366,1181.237220465,Mid,-1,1,0
68898,0,0.9999999,60,0,1908.0,5400.0,4,0,3,0,0.0,0.3532679133493797,763.79999994,Senior,-1,1,0
68903,0,0.9999999,66,0,975.0,5400.0,5,0,1,0,0.0,0.1805221255323088,390.59999994,Senior,-1,1,0
68927,0,0.288214605,47,0,2895.0,5400.0,11,0,1,0,0.0,0.5360118496574708,1158.172928763,Mid,-1,1,0
68955,0,0.9999999,57,0,1510.0,5400.0,7,0,1,0,0.0,0.2795778559526014,604.59999994,Senior,-1,1,0
68957,0,0.634868257,76,0,2517.0,5400.0,5,0,2,0,0.0,0.4660248102203295,1007.1809209542,Senior,-1,1,0
69057,0,0.886167667,45,0,2323.0,5400.0,10,0,1,1,0.0,0.4301055360118496,929.7317006002,Mid,-1,1,0
69065,0,0.063268837,65,0,3375.0,5400.0,9,0,2,0,1.0,0.6248842806887613,1350.0379613022,Senior,-1,1,0
69075,0,0.167620988,50,2,5566.0,5400.0,14,0,3,0,0.0,1.030549898167006,2226.5005725928,Mid,-1,1,0
69135,0,0.0,77,0,18846.0,5400.0,17,0,9,0,0.0,3.4893538233660433,7538.400000000001,Senior,-1,1,1
69143,0,0.098375592,33,0,3178.0,5400.0,7,0,2,0,0.0,0.5884095537863359,1271.2590253552,Mid,-1,1,0
69154,1,0.9999999,54,0,3035.0,5400.0,4,4,2,0,0.0,0.5619329753749306,1214.59999994,Senior,-1,1,0
69159,0,0.870425915,48,0,2321.0,5400.0,5,0,1,0,1.0,0.4297352342158859,928.922255549,Mid,-1,1,0
69162,0,0.414369183,57,0,7818.0,5400.0,16,0,1,0,0.0,1.447509720422144,3127.4486215098004,Senior,-1,1,1
69181,0,0.019375106,76,0,2447.0,5400.0,17,0,1,0,0.0,0.4530642473615997,978.8116250636,Senior,-1,1,0
69208,0,0.180663321,49,0,7808.0,5400.0,8,0,2,0,0.0,1.4456582114423255,3123.3083979926005,Mid,-1,1,1
69262,0,0.971545295,74,0,3304.0,5400.0,12,0,1,0,1.0,0.6117385669320496,1322.1829271770002,Senior,-1,1,0
69278,0,0.740060481,48,0,2435.0,1.0,15,0,2,0,2.0,1217.5,974.4440362886,Mid,-1,1,1
69311,0,0.382785255,64,0,3127.0,5400.0,10,0,2,0,0.0,0.5789668579892613,1251.0296711530002,Senior,-1,1,0
69314,0,0.513724777,57,1,3265.0,5400.0,15,0,2,0,0.0,0.6045176819107573,1306.3082348662,Senior,-1,1,0
69315,0,0.111144443,72,0,2869.0,5400.0,7,0,3,0,0.0,0.5311979263099426,1147.6666866658002,Senior,-1,1,0
69323,0,0.464434162,58,0,3056.0,5400.0,11,0,1,0,0.0,0.5658211442325495,1222.6786604972,Senior,-1,1,0
69330,0,0.9999999,47,0,1523.0,5400.0,1,0,1,0,0.0,0.2819848176263655,609.79999994,Mid,-1,1,0
69337,0,0.0,64,0,5302.0,5400.0,13,0,2,0,0.0,0.9816700610997964,2120.8,Senior,-1,1,0
69345,0,0.9999999,29,1,472.0,5400.0,1,6,0,0,2.0,0.0873912238474356,189.39999994,Young,-1,1,0
69367,0,0.178673418,62,0,3996.0,5400.0,20,0,2,0,3.0,0.7398629883354935,1598.5072040508,Senior,-1,1,0
69380,0,0.2912952,69,1,4183.0,5400.0,16,0,2,0,1.0,0.7744862062581004,1673.37477712,Senior,-1,1,0
69423,0,0.9999999,67,0,2001.0,5400.0,4,0,1,0,0.0,0.3704869468616922,800.9999999400001,Senior,-1,1,0
69441,0,0.210552631,66,0,3181.0,5400.0,9,0,1,0,0.0,0.5889650064802814,1272.5263315786,Senior,-1,1,0
69516,0,0.39599403,84,0,2278.0,5400.0,17,0,2,0,0.0,0.4217737456026662,911.437596418,Senior,-1,1,0
69519,0,0.298077994,48,0,3960.0,5400.0,17,0,2,0,0.0,0.7331975560081466,1584.1788467964,Mid,-1,1,0
69534,0,0.0,52,0,5321.0,5400.0,6,0,3,0,0.0,0.9851879281614516,2128.4,Senior,-1,1,0
69548,1,0.05650266,51,0,4413.0,5400.0,8,1,1,1,0.0,0.8170709127939271,1765.233901596,Senior,-1,1,0
69555,0,0.000830184,67,0,3613.0,5400.0,25,0,2,0,0.0,0.6689501944084428,1445.2004981104,Senior,-1,1,0
69566,0,0.937014982,61,1,3820.0,5400.0,13,0,2,0,0.0,0.7072764302906869,1528.5622089892,Senior,-1,1,0
69580,0,0.268707068,64,0,7570.0,5400.0,14,0,2,0,0.0,1.401592297722644,3028.1612242408,Senior,-1,1,1
69586,0,0.9999999,27,0,447.0,5400.0,2,0,0,0,0.0,0.0827624513978892,179.39999994,Young,-1,1,0
69590,0,0.508654576,50,0,4044.0,5400.0,7,0,2,0,1.0,0.7487502314386225,1617.9051927456,Mid,-1,1,0
69618,0,0.0,41,0,6732.0,5400.0,6,0,2,0,0.0,1.246435845213849,2692.8,Mid,-1,1,1
69654,0,0.9999999,46,2,3114.0,5400.0,6,0,1,0,0.0,0.5765598963154971,1246.1999999400002,Mid,-1,1,0
69655,0,0.266618335,49,0,4208.0,5400.0,7,0,2,0,0.0,0.7791149787076467,1683.359971001,Mid,-1,1,0
69666,0,0.137494792,37,0,4107.0,5400.0,16,0,1,0,0.0,0.7604147380114794,1642.8824968752,Mid,-1,1,0
69671,0,0.670658683,22,0,5.0,1.0,1,0,0,0,0.0,2.5,2.4023952098,Young,-1,1,0
69701,0,0.64678816,45,3,3802.0,5400.0,12,0,1,0,0.0,0.7039437141270135,1521.1880728960002,Mid,-1,1,0
69709,0,0.264490273,46,0,4663.0,5400.0,19,0,2,0,0.0,0.8633586372893909,1865.3586941638,Mid,-1,1,0
69718,0,0.170782922,42,0,3081.0,5400.0,7,0,2,0,2.0,0.5704499166820959,1232.5024697532,Mid,-1,1,0
69722,0,0.535785686,45,2,4188.0,5400.0,9,0,2,1,0.0,0.7754119607480097,1675.5214714116,Mid,-1,1,0
69724,0,0.997534922,30,0,944.0,5400.0,8,0,0,0,0.0,0.1747824476948713,378.1985209532001,Young,-1,1,0
69750,0,0.588779899,44,0,5045.0,5400.0,13,0,2,0,0.0,0.9340862803184596,2018.3532679394,Mid,-1,1,0
69796,0,0.037027094,45,0,3570.0,5400.0,7,0,1,0,3.0,0.6609887057952231,1428.0222162564,Mid,-1,1,0
69846,0,0.386450555,66,0,101320.0,5400.0,12,0,0,0,0.0,18.75948898352157,40528.231870333,Senior,-1,1,1
69854,0,0.025616775,64,0,3804.0,5400.0,7,0,1,0,0.0,0.7043140159229773,1521.6153700650002,Senior,-1,1,0
69914,0,0.031265972,47,0,3419.0,5400.0,8,0,2,0,3.0,0.633030920199963,1367.6187595832002,Mid,-1,1,0
69942,0,0.9999999,25,1,414.0,5400.0,1,0,0,0,0.0,0.076652471764488,166.19999994000003,Young,-1,1,0
69967,0,0.907002906,47,0,4947.0,5400.0,7,0,2,0,0.0,0.9159414923162378,1979.3442017436005,Mid,-1,1,0
69982,0,0.420287978,73,0,2823.0,5400.0,15,0,0,0,0.0,0.5226809850027773,1129.4521727868,Senior,-1,1,0
70002,0,0.943518602,34,0,1747.0,5400.0,9,0,1,0,0.0,0.323458618774301,699.3661111612,Mid,-1,1,0
70006,0,0.452331452,47,0,3048.0,5400.0,6,0,2,0,0.0,0.5643399370486947,1219.4713988712,Mid,-1,1,0
70007,0,0.464144499,59,0,4001.0,5400.0,23,0,3,0,1.0,0.7407887428254027,1600.6784866994,Senior,-1,1,0
70049,1,0.044811636,48,0,4339.0,5400.0,8,0,4,0,0.0,0.8033697463432697,1735.6268869816,Mid,-1,1,0
70065,0,0.010402633,78,0,2242.0,5400.0,5,0,1,0,0.0,0.4151083132753194,896.8062415798,Senior,-1,1,0
70067,0,0.9999999,57,1,5053.0,5400.0,3,3,3,0,1.0,0.9355674875023144,2021.79999994,Senior,-1,1,0
70107,0,0.915023183,71,0,3670.0,5400.0,13,0,2,0,0.0,0.6795037955934087,1468.5490139098,Senior,-1,1,0
70108,0,0.026666238,56,0,3840.0,5400.0,8,0,2,0,2.0,0.710979448250324,1536.0159997428,Senior,-1,1,0
70118,0,0.9999999,55,0,2243.0,5400.0,9,0,1,0,2.0,0.4152934641733012,897.79999994,Senior,-1,1,0
70173,0,0.9999999,65,0,2916.0,5400.0,2,0,1,0,0.0,0.5399000185150898,1166.9999999400002,Senior,-1,1,0
70198,0,0.07374913,51,0,6438.0,5400.0,15,0,3,0,0.0,1.1920014812071835,2575.2442494780003,Senior,-1,1,0
70247,0,0.413316112,42,0,2688.0,5400.0,3,0,1,0,0.0,0.4976856137752268,1075.4479896672,Mid,-1,1,0
70258,0,0.0,51,0,5549.0,5400.0,10,0,2,0,0.0,1.0274023329013149,2219.6,Senior,-1,1,0
70267,0,0.065436458,45,0,3421.0,5400.0,12,0,1,0,0.0,0.6334012219959266,1368.4392618748002,Mid,-1,1,0
70280,0,0.994687777,39,2,3374.0,5400.0,7,1,2,0,2.0,0.6246991297907795,1350.1968126662002,Mid,-1,1,0
70319,0,0.688249943,43,0,2918.0,5400.0,11,0,1,0,0.0,0.5402703203110535,1167.6129499658,Mid,-1,1,0
70320,0,0.164664144,59,0,5141.0,5400.0,12,0,2,0,2.0,0.9518607665247176,2056.4987984864,Senior,-1,1,0
70388,0,0.0,63,1,4615.0,5400.0,17,0,3,0,3.0,0.8544713941862618,1846.0,Senior,-1,1,0
70394,0,0.023366714,46,0,3360.0,5400.0,15,0,2,0,1.0,0.6221070172190335,1344.0140200284,Mid,-1,1,0
70433,0,0.0,39,1,4474.0,5400.0,22,0,1,0,0.0,0.8283651175708202,1789.6,Mid,-1,1,0
70437,0,0.750097517,62,0,4775.0,5400.0,15,0,1,0,0.0,0.8840955378633586,1910.4500585102,Senior,-1,1,0
70482,0,0.9999999,44,0,307.5,1.0,5,0,0,1,3.0,153.75,123.59999994,Mid,-1,1,0
70497,0,0.0,43,0,3831.0,5400.0,3,0,1,0,1.0,0.7093130901684873,1532.4,Mid,-1,1,0
70508,0,0.196114444,35,0,2241.0,5400.0,6,0,1,0,0.0,0.4149231623773375,896.5176686664001,Mid,-1,1,0
70519,0,0.057544247,42,0,738.5,1.0,4,0,1,0,2.0,369.25,295.43452654820004,Mid,-1,1,1
70569,1,0.992923244,50,1,1748.0,5400.0,14,0,1,2,0.0,0.3236437696722829,699.7957539464,Mid,-1,1,0
70571,0,0.073862477,77,0,3716.0,5400.0,3,0,2,0,0.0,0.688020736900574,1486.4443174862,Senior,-1,1,0
70574,0,0.082044604,49,0,6980.0,5400.0,11,1,2,0,0.0,1.2923532679133494,2792.0492267624,Mid,-1,1,1
70630,0,0.496134289,54,0,3650.0,5400.0,11,0,1,0,0.0,0.6758007776337716,1460.2976805734,Senior,-1,1,0
70709,0,0.274192667,28,1,2148.0,5400.0,9,0,2,0,0.0,0.397704128865025,859.3645156002001,Young,-1,1,0
70714,0,0.107107698,44,0,4744.0,5400.0,11,0,2,0,0.0,0.8783558600259211,1897.6642646188,Mid,-1,1,0
70718,0,0.952609478,54,0,4181.0,5400.0,5,0,1,0,0.0,0.7741159044621366,1672.9715656868002,Senior,-1,1,0
70782,0,0.91626908,69,0,4998.0,5400.0,10,0,3,0,2.0,0.9253841881133124,1999.749761448,Senior,-1,1,0
70785,0,0.9999999,51,0,478.0,1.0,2,0,0,0,1.0,239.0,191.79999994,Senior,-1,1,0
70808,0,0.083636539,36,0,5209.0,5400.0,7,0,2,0,0.0,0.9644510275874838,2083.6501819234,Mid,-1,1,0
70842,0,0.166064659,77,0,2179.0,5400.0,16,0,1,0,0.0,0.4034438067024625,871.6996387954,Senior,-1,1,0
70852,0,0.002115303,62,0,802.5,1.0,4,0,1,0,0.0,401.25,321.0012691818,Senior,-1,1,1
70859,0,0.195211962,59,0,3779.0,5400.0,12,0,2,0,0.0,0.6996852434734309,1511.7171271772002,Senior,-1,1,0
70864,0,0.001351169,27,0,17859.0,5400.0,17,0,11,0,0.0,3.3066098870579523,7143.6008107014,Young,-1,1,1
70889,0,0.94366532,43,1,2692.0,5400.0,6,0,1,0,0.0,0.4984262173671542,1077.366199192,Mid,-1,1,0
70945,0,0.283148894,40,0,4489.0,5400.0,11,0,2,0,0.0,0.831142381040548,1795.7698893364002,Mid,-1,1,0
71010,0,0.202174864,39,0,3582.0,5400.0,9,0,1,0,0.0,0.6632105165710054,1432.9213049184002,Mid,-1,1,0
71013,0,0.809317829,55,0,4280.0,5400.0,15,0,1,0,0.0,0.7924458433623403,1712.4855906974,Senior,-1,1,0
71054,0,0.477819029,67,0,3867.0,5400.0,8,1,1,0,0.0,0.7159785224958342,1547.0866914174003,Senior,-1,1,0
71068,0,0.037142202,39,0,3076.0,5400.0,15,0,1,0,0.0,0.5695241621921866,1230.4222853212,Mid,-1,1,0
71071,0,0.72278243,71,0,349.6666667,2.0,7,0,1,0,1.0,116.55555556666668,140.300336138,Senior,-1,1,0
71091,0,0.038665495,69,0,6109.0,5400.0,14,0,2,0,0.0,1.1310868357711534,2443.6231992969997,Senior,-1,1,0
71092,1,0.789943575,46,0,2778.0,5400.0,4,0,2,0,0.0,0.5143491945935937,1111.673966145,Mid,-1,1,0
71093,0,0.297489991,73,1,1954.0,5400.0,9,0,1,0,0.0,0.3617848546565451,781.7784939946,Senior,-1,1,0
71165,0,0.356501448,41,0,3068.0,5400.0,13,0,1,0,0.0,0.5680429550083318,1227.4139008688,Mid,-1,1,0
71179,0,0.479687292,68,0,3971.0,5400.0,10,0,2,0,0.0,0.7352342158859471,1588.6878123752,Senior,-1,1,0
71197,0,0.9999999,64,0,1345.0,5400.0,6,0,2,0,0.0,0.2490279577855952,538.59999994,Senior,-1,1,0
71209,0,0.379258624,51,0,3029.0,5400.0,7,0,2,0,0.0,0.5608220699870394,1211.8275551744002,Senior,-1,1,0
71210,0,0.938460459,72,2,1464.0,5400.0,11,0,1,0,0.0,0.271060914645436,586.1630762754,Senior,-1,1,0
71242,0,0.104766459,51,0,4440.0,5400.0,12,0,3,0,4.0,0.8220699870394371,1776.0628598754,Senior,-1,1,0
71290,0,0.08946075,40,0,3341.0,5400.0,5,0,1,0,0.0,0.6185891501573783,1336.45367645,Mid,-1,1,0
71388,1,0.222592469,38,0,4032.0,5400.0,10,0,2,0,0.0,0.7465284206628402,1612.9335554814002,Mid,-1,1,0
71395,0,0.318195223,42,0,2463.0,5400.0,10,0,1,0,2.0,0.4560266617293094,985.3909171338,Mid,-1,1,0
71406,0,0.170134639,43,0,3330.0,5400.0,8,0,1,0,0.0,0.6165524902795778,1332.1020807834,Mid,-1,1,0
71429,0,0.746773314,38,0,2312.0,5400.0,5,0,1,0,1.0,0.4280688761340492,925.2480639884,Mid,-1,1,0
71518,0,0.015235424,64,0,5949.0,5400.0,11,0,2,0,0.0,1.101462692094057,2379.6091412544,Senior,-1,1,0
71535,0,0.956529549,56,0,1640.0,5400.0,4,0,2,0,1.0,0.3036474726902425,656.5739177294,Senior,-1,1,0
71543,0,0.722231231,53,0,2538.0,5400.0,8,0,1,0,1.0,0.4699129790779485,1015.6333387386,Senior,-1,1,0
71550,0,0.429463544,48,1,6723.0,5400.0,24,0,3,0,0.0,1.2447694871320123,2689.4576781264004,Mid,-1,1,1
71668,0,0.0,66,0,4377.0,5400.0,8,0,1,0,2.0,0.8104054804665802,1750.8000000000002,Senior,-1,1,0
71686,0,0.861751766,44,4,3626.0,5400.0,4,1,1,1,0.0,0.671357156082207,1450.9170510596,Mid,-1,1,0
71698,0,0.558229451,66,0,2686.0,5400.0,11,0,3,0,0.0,0.4973153119792631,1074.7349376706002,Senior,-1,1,0
71783,0,0.163404255,48,0,4714.0,5400.0,16,0,3,0,0.0,0.8728013330864655,1885.698042553,Mid,-1,1,0
71805,0,0.758598079,32,0,1793.0,5400.0,6,0,2,0,0.0,0.3319755600814664,717.6551588474,Mid,-1,1,0
71818,0,0.358412041,54,0,4076.0,5400.0,18,0,1,0,2.0,0.7546750601740418,1630.6150472246002,Senior,-1,1,0
71860,0,0.88057285,61,0,5235.0,5400.0,13,0,1,0,0.0,0.969264950935012,2094.52834371,Senior,-1,1,0
71870,0,0.483866153,45,0,991.5,1.0,7,0,0,0,2.0,495.75,396.8903196918,Mid,-1,1,1
71900,1,0.179392215,69,0,5445.0,5400.0,14,0,3,0,0.0,1.0081466395112015,2178.107635329,Senior,-1,1,0
71931,0,0.861393,48,0,2191.0,5400.0,7,0,1,0,0.0,0.4056656174782447,876.9168358000001,Mid,-1,1,0
71946,0,0.00074151,42,0,3247.0,5400.0,9,0,1,0,0.0,0.6011849657470839,1298.8004449060002,Mid,-1,1,0
71955,1,0.9999999,23,0,274.0,5400.0,1,0,0,2,0.0,0.0507313460470283,110.19999994,Young,-1,1,0
71972,0,0.202564717,67,1,2846.0,5400.0,11,0,2,0,0.0,0.5269394556563599,1138.5215388302,Senior,-1,1,0
71977,0,0.008559658,61,0,3407.0,5400.0,8,0,1,0,0.0,0.6308091094241807,1362.8051357948002,Senior,-1,1,0
71984,0,0.100998164,61,0,3697.0,5400.0,15,0,2,0,0.0,0.6845028698389187,1478.8605988984002,Senior,-1,1,0
71989,0,0.602164432,76,0,0.096525097,36000.0,12,0,2,0,0.0,2.6811782172717425e-06,0.399908698,Senior,-1,1,0
71995,0,0.002048731,80,0,4128.0,5400.0,11,0,2,0,0.0,0.7643029068690983,1651.2012292386,Senior,-1,1,0
71997,0,0.955383077,58,0,5050.0,5400.0,8,0,2,0,0.0,0.9350120348083688,2020.5732298462,Senior,-1,1,0
72034,0,0.152410133,43,0,5828.0,5400.0,14,0,2,0,3.0,1.0790594334382522,2331.2914460798,Mid,-1,1,0
72041,0,0.9999999,62,0,5153.0,5400.0,5,0,2,0,0.0,0.9540825773005,2061.7999999400004,Senior,-1,1,0
72070,0,0.857480326,68,1,4247.0,5400.0,11,0,1,0,1.0,0.786335863728939,1699.3144881956002,Senior,-1,1,0
72082,0,0.9999999,61,2,1371.0,5400.0,3,2,0,0,0.0,0.2538418811331235,548.99999994,Senior,-1,1,0
72111,0,0.2710397,43,0,2950.0,5400.0,4,0,1,0,3.0,0.5461951490464729,1180.16262382,Mid,-1,1,0
72124,0,0.104406887,64,0,4608.0,5400.0,23,0,2,0,0.0,0.8531753379003888,1843.2626441322,Senior,-1,1,0
72126,0,0.116207184,44,0,5371.0,5400.0,14,0,6,0,0.0,0.9944454730605444,2148.4697243104,Mid,-1,1,0
72128,0,0.387310211,40,0,4998.0,5400.0,6,0,2,0,0.0,0.9253841881133124,1999.4323861266,Mid,-1,1,0
72153,0,0.072892711,51,1,4629.0,5400.0,14,0,4,0,0.0,0.8570635067580078,1851.6437356266,Senior,-1,1,0
72157,0,0.004147841,57,0,3514.0,5400.0,6,0,3,0,1.0,0.6506202555082392,1405.6024887046,Senior,-1,1,0
72176,0,0.226754649,58,0,673.5,1.0,5,0,1,0,2.0,336.75,269.53605278940006,Senior,-1,1,1
72178,0,0.334070131,64,0,8879.0,5400.0,33,0,3,0,1.0,1.6439548231808925,3551.800442078601,Senior,-1,1,1
72205,0,0.935802568,58,0,2938.0,1.0,4,0,2,0,3.0,1469.0,1175.7614815408,Senior,-1,1,1
72210,0,0.022945748,52,1,4206.0,5400.0,8,0,2,0,0.0,0.778744676911683,1682.4137674488002,Senior,-1,1,0
72217,0,0.07306137,66,0,7571.0,5400.0,7,0,3,0,0.0,1.4017774486206258,3028.443836822,Senior,-1,1,1
72247,0,0.873517787,56,1,3010.0,5400.0,9,0,2,0,0.0,0.5573042029253842,1204.5241106722,Senior,-1,1,0
72251,0,0.541277305,36,0,2560.0,5400.0,5,0,1,0,0.0,0.4739862988335493,1024.324766383,Mid,-1,1,0
72264,0,0.090574746,49,0,4433.0,5400.0,9,0,3,0,0.0,0.8207739307535642,1773.2543448476,Mid,-1,1,0
72275,0,0.497653157,53,0,2917.0,5400.0,4,0,1,0,0.0,0.5400851694130716,1167.0985918942,Senior,-1,1,0
72280,0,0.022032966,61,0,187.5,1.0,18,0,0,0,0.0,93.75,75.0132197796,Senior,-1,1,0
72284,0,0.9999999,68,0,1872.0,5400.0,2,0,1,0,0.0,0.3466024810220329,749.39999994,Senior,-1,1,0
72295,0,0.0,53,0,4911.0,5400.0,11,0,1,0,0.0,0.9092760599888908,1964.4,Senior,-1,1,0
72352,0,0.04784472,56,0,3833.0,5400.0,8,0,2,0,0.0,0.7096833919644511,1533.228706832,Senior,-1,1,0
72354,0,0.113977998,52,0,4895.0,5400.0,12,0,3,0,2.0,0.9063136456211812,1958.0683867988,Senior,-1,1,0
72361,0,0.00023528,26,0,266.0,1.0,3,0,0,0,0.0,133.0,106.400141168,Young,-1,1,0
72365,0,0.878016123,48,0,4871.0,5400.0,12,0,4,0,3.0,0.9018700240696168,1948.9268096738,Mid,-1,1,0
72368,0,0.374581271,48,0,3805.0,5400.0,6,0,2,0,2.0,0.704499166820959,1522.2247487626,Mid,-1,1,0
72385,0,0.792972721,55,0,2752.0,5400.0,3,0,1,0,0.0,0.5095352712460656,1101.2757836326,Senior,-1,1,0
72412,0,0.0,38,0,3386.0,5400.0,9,0,5,0,0.0,0.6269209405665618,1354.4,Mid,-1,1,0
72416,0,0.0,39,0,3439.0,5400.0,6,0,1,0,0.0,0.6367339381596001,1375.6,Mid,-1,1,0
72474,0,0.066150454,47,0,3726.0,5400.0,6,0,1,0,0.0,0.6898722458803925,1490.4396902724002,Mid,-1,1,0
72481,1,0.995853158,46,1,5393.0,5400.0,8,0,1,0,3.0,0.9985187928161452,2157.7975118948,Mid,-1,1,0
72493,0,0.821880941,44,1,4374.0,5400.0,5,0,1,0,0.0,0.8098500277726347,1750.0931285646002,Mid,-1,1,0
72516,1,0.722925547,48,0,4269.0,5400.0,9,0,3,0,0.0,0.7904091834845399,1708.0337553282002,Mid,-1,1,0
72555,1,0.992187915,60,5,3466.0,5400.0,18,0,2,1,0.0,0.6417330124051102,1386.995312749,Senior,-1,1,0
72582,0,0.0,62,0,3880.0,5400.0,12,0,2,0,0.0,0.7183854841695982,1552.0,Senior,-1,1,0
72589,0,0.804808491,60,1,3031.0,5400.0,14,0,2,0,0.0,0.5611923717830032,1212.8828850946002,Senior,-1,1,0
72598,0,0.704872841,43,1,4101.0,5400.0,5,0,2,0,2.0,0.7593038326235882,1640.8229237046,Mid,-1,1,0
72603,0,0.0,63,0,229.1666667,5.0,5,0,1,0,0.0,38.19444445,91.66666668,Senior,-1,1,0
72623,0,0.9999999,56,0,4800.0,5400.0,8,0,2,0,0.0,0.888724310312905,1920.59999994,Senior,-1,1,0
72639,0,0.150805704,60,0,5945.0,5400.0,15,0,2,0,0.0,1.1007220885021292,2378.0904834224,Senior,-1,1,0
72682,0,0.436278186,44,0,2495.0,5400.0,7,0,2,0,0.0,0.4619514904647288,998.2617669116,Mid,-1,1,0
72686,0,0.177389719,79,1,6772.0,5400.0,29,0,3,0,0.0,1.2538418811331236,2708.9064338314,Senior,-1,1,1
72763,0,0.686402642,49,1,5042.0,5400.0,9,0,2,0,0.0,0.933530827624514,2017.2118415852,Mid,-1,1,0
72805,0,0.759310172,30,0,1580.0,5400.0,6,0,1,0,0.0,0.2925384188113312,632.4555861032,Young,-1,1,0
72809,0,0.225568877,49,0,4112.0,5400.0,10,0,2,0,1.0,0.7613404925013886,1644.9353413262002,Mid,-1,1,0
72811,0,0.9999999,46,0,1914.0,5400.0,3,0,1,0,0.0,0.3543788187372709,766.19999994,Mid,-1,1,0
72812,0,0.86029771,58,0,2270.0,5400.0,5,0,1,0,0.0,0.4202925384188113,908.516178626,Senior,-1,1,0
72814,0,0.003243892,75,0,2769.0,5400.0,21,0,1,0,0.0,0.5126828365117571,1107.6019463352002,Senior,-1,1,0
72824,0,0.0,59,0,3850.0,5400.0,16,0,3,0,0.0,0.7128309572301426,1540.0,Senior,-1,1,0
72830,0,0.051678422,57,0,3886.0,5400.0,14,0,3,0,0.0,0.7194963895574894,1554.4310070532,Senior,-1,1,0
72837,0,0.000624984,69,0,4937.0,5400.0,6,0,1,0,0.0,0.9140899833364192,1974.8003749904,Senior,-1,1,0
72844,0,0.985704233,51,1,4622.0,5400.0,10,0,1,0,0.0,0.8557674504721348,1849.3914225398005,Senior,-1,1,0
72845,1,0.640607268,52,0,4175.0,5400.0,8,0,2,0,0.0,0.7730049990742455,1670.3843643608,Senior,-1,1,0
72855,0,0.86115993,51,4,2137.0,5400.0,17,0,1,0,1.0,0.3956674689872246,855.3166959580001,Senior,-1,1,0
72865,0,0.208874034,63,0,4873.0,5400.0,17,0,6,0,0.0,0.9022403258655805,1949.3253244204,Senior,-1,1,0
72909,0,0.662247338,39,0,128.0,1.0,3,0,0,0,3.0,64.0,51.5973484028,Mid,-1,1,0
72949,0,0.318036596,31,0,3128.0,5400.0,10,0,2,0,1.0,0.579152008887243,1251.3908219576,Mid,-1,1,0
72970,0,0.161938198,53,0,3835.0,5400.0,7,0,2,0,0.0,0.7100536937604147,1534.0971629188,Senior,-1,1,0
72994,0,0.462614954,40,1,2465.0,5400.0,6,1,1,0,2.0,0.4563969635252731,986.2775689724,Mid,-1,1,0
73000,0,0.9999999,59,0,1805.0,5400.0,5,0,2,0,0.0,0.3341973708572486,722.59999994,Senior,-1,1,0
73027,0,0.71664359,66,1,6060.0,5400.0,19,0,5,0,1.0,1.1220144417700426,2424.429986154,Senior,-1,1,0
73039,0,0.9999999,21,0,723.0,5400.0,1,0,0,1,0.0,0.1338640992408813,289.79999993999996,Young,-1,1,0
73077,0,0.04574896,69,0,32.5,1.0,4,0,0,0,0.0,16.25,13.027449376,Senior,-1,1,0
73087,0,0.458391855,56,2,7114.0,5400.0,25,0,2,0,0.0,1.317163488242918,2845.875035113,Senior,-1,1,1
73098,0,0.143408629,53,0,9184.0,5400.0,12,0,2,0,4.0,1.7004258470653584,3673.686045177401,Senior,-1,1,1
73109,0,0.75055604,41,0,4081.0,5400.0,8,0,1,0,3.0,0.7556008146639511,1632.850333624,Mid,-1,1,0
73120,0,0.134285911,61,0,4070.0,5400.0,11,0,4,0,0.0,0.7535641547861507,1628.0805715466,Senior,-1,1,0
73140,0,0.0,61,0,3353.0,5400.0,7,0,2,0,0.0,0.6208109609331606,1341.2,Senior,-1,1,0
73202,1,0.35076662,52,0,7610.0,5400.0,13,0,3,0,0.0,1.408998333641918,3044.210459972,Senior,-1,1,1
73235,0,0.0,74,0,3089.0,5400.0,9,0,1,0,0.0,0.5719311238659508,1235.6,Senior,-1,1,0
73311,0,0.0,55,0,4201.0,5400.0,10,0,3,0,0.0,0.7778189224217738,1680.4,Senior,-1,1,0
73329,0,0.532767357,43,3,4740.0,5400.0,9,0,3,0,0.0,0.8776152564339937,1896.3196604142,Mid,-1,1,0
73376,0,0.35671014,45,0,2871.0,5400.0,4,0,1,0,0.0,0.5315682281059063,1148.614026084,Mid,-1,1,0
73381,0,0.9999999,61,2,4359.0,5400.0,6,0,3,0,0.0,0.8070727643029069,1744.1999999400002,Senior,-1,1,0
73395,0,0.0,69,0,3700.0,5400.0,7,0,2,0,0.0,0.6850583225328643,1480.0,Senior,-1,1,0
73411,0,0.0,39,0,3182.0,5400.0,6,0,1,0,2.0,0.5891501573782633,1272.8000000000002,Mid,-1,1,0
73435,0,0.9999999,30,1,905.0,5400.0,2,0,0,0,0.0,0.1675615626735789,362.59999994,Young,-1,1,0
73495,1,0.997818578,25,0,2637.0,5400.0,10,0,1,0,1.0,0.4882429179781521,1055.3986911468,Young,-1,1,0
73500,0,0.347260963,49,1,3232.0,5400.0,21,0,2,0,0.0,0.5984077022773561,1293.0083565778002,Mid,-1,1,0
73572,0,0.68223715,37,0,3776.0,5400.0,17,0,1,0,3.0,0.6991297907794852,1510.80934229,Mid,-1,1,0
73574,0,0.12855751,37,0,3324.0,5400.0,5,0,2,0,0.0,0.6154415848916868,1329.677134506,Mid,-1,1,0
73580,0,0.623842442,54,1,2776.0,5400.0,6,0,1,0,0.0,0.5139788927976301,1110.7743054652,Senior,-1,1,0
73610,0,0.115170078,67,0,6009.0,5400.0,11,0,3,0,0.0,1.112571745972968,2403.6691020467997,Senior,-1,1,0
73636,1,0.547452547,23,1,611.0,5400.0,5,1,0,1,0.0,0.1131271986669135,244.7284715282,Young,-1,1,0
73644,0,0.9999999,50,0,2644.0,5400.0,4,0,1,0,0.0,0.4895389742640252,1058.1999999400002,Mid,-1,1,0
73645,0,0.0,27,0,183.5,1.0,5,0,0,0,0.0,91.75,73.4,Young,-1,1,0
73657,0,0.295807246,45,0,3942.0,5400.0,8,0,2,0,0.0,0.7298648398444733,1576.9774843476002,Mid,-1,1,0
73665,0,0.109540475,47,0,3348.0,5400.0,7,0,5,0,0.0,0.6198852064432513,1339.265724285,Mid,-1,1,0
73683,0,0.094430007,63,0,3901.0,5400.0,13,0,1,0,1.0,0.7222736530272171,1560.4566580042,Senior,-1,1,0
73685,0,0.307907992,47,2,3430.0,5400.0,10,0,2,0,0.0,0.6350675800777634,1372.1847447952,Mid,-1,1,0
73707,0,0.029941146,36,0,4485.0,5400.0,8,0,3,0,0.0,0.8304017774486206,1794.0179646876,Mid,-1,1,0
73716,0,0.978167394,35,1,2688.0,5400.0,8,0,1,0,0.0,0.4976856137752268,1075.7869004364,Mid,-1,1,0
73750,0,0.23098823,39,0,4389.0,5400.0,14,0,3,0,3.0,0.8126272912423625,1755.7385929380002,Mid,-1,1,0
73773,0,0.0,36,0,4460.0,5400.0,10,0,1,0,0.0,0.8257730049990742,1784.0,Mid,-1,1,0
73791,0,0.9999999,27,0,526.5,1.0,2,0,0,0,1.0,263.25,211.19999994000003,Young,-1,1,0
73794,0,0.150576553,42,0,6341.0,5400.0,4,0,2,0,0.0,1.174041844102944,2536.4903459318,Mid,-1,1,0
73813,0,0.9999999,44,0,3278.0,5400.0,10,0,1,0,3.0,0.6069246435845214,1311.79999994,Mid,-1,1,0
73820,0,0.9999999,70,0,1008.0,5400.0,4,0,1,0,0.0,0.18663210516571,403.79999994,Senior,-1,1,0
73882,0,0.376617072,67,0,3291.0,5400.0,11,0,1,0,0.0,0.6093316052582856,1316.6259702432,Senior,-1,1,0
73910,1,0.884426415,47,1,4877.0,5400.0,11,0,2,0,2.0,0.902980929457508,1951.330655849,Mid,-1,1,0
73961,0,0.019272026,56,0,5204.0,5400.0,4,0,1,0,0.0,0.9635252730975744,2081.6115632155997,Senior,-1,1,0
74003,0,0.135153013,63,0,5488.0,5400.0,8,0,3,0,0.0,1.0161081281244213,2195.2810918078003,Senior,-1,1,0
74068,0,0.319593356,41,0,2467.0,5400.0,5,0,1,0,0.0,0.4567672653212368,986.9917560136,Mid,-1,1,0
74097,0,0.799840032,61,0,9947.0,5400.0,5,0,4,0,0.0,1.841695982225514,3979.2799040192,Senior,-1,1,1
74127,0,0.095188117,71,0,4384.0,5400.0,25,0,3,0,0.0,0.8117015367524533,1753.6571128702,Senior,-1,1,0
74128,0,0.020963326,81,1,6924.0,5400.0,10,0,6,0,0.0,1.2819848176263655,2769.6125779956005,Senior,-1,1,1
74134,0,0.036076839,58,0,4984.0,5400.0,12,0,2,0,3.0,0.9227920755415664,1993.6216461034,Senior,-1,1,0
74146,0,0.868502888,34,2,1061.0,5400.0,9,0,0,0,0.0,0.1964451027587483,424.9211017328,Mid,-1,1,0
74193,1,0.0,54,0,3604.0,5400.0,7,0,1,0,0.0,0.6672838363266062,1441.6,Senior,-1,1,0
74209,0,0.440834485,29,0,335.0,1.0,15,0,0,0,2.0,167.5,134.264500691,Young,-1,1,0
74229,0,0.747457433,29,0,950.0,5400.0,4,0,0,0,0.0,0.1758933530827624,380.4484744598,Young,-1,1,0
74235,0,0.424724641,73,0,3589.0,5400.0,16,1,2,0,0.0,0.6645065728568783,1435.8548347846,Senior,-1,1,0
74271,0,0.524998,42,1,4313.0,5400.0,5,0,1,0,0.0,0.7985558229957416,1725.5149988,Mid,-1,1,0
74284,0,0.78306913,48,0,7567.0,5400.0,8,0,3,0,0.0,1.4010368450286983,3027.269841478,Mid,-1,1,1
74380,0,0.031592763,79,0,429.0,1.0,4,0,1,0,0.0,214.5,171.61895565780003,Senior,-1,1,0
74407,0,0.495426396,44,0,1721.0,1.0,6,0,2,0,2.0,860.5,688.6972558376001,Mid,-1,1,1
74420,0,0.0,42,0,5613.0,5400.0,21,0,2,0,1.0,1.039251990372153,2245.2000000000003,Mid,-1,1,0
74424,1,0.9999999,64,1,1560.0,5400.0,3,3,0,2,0.0,0.2888354008516941,624.59999994,Senior,-1,1,0
74461,0,0.438684015,52,0,4716.0,5400.0,15,0,3,0,0.0,0.8731716348824292,1886.663210409,Senior,-1,1,0
74490,0,0.68652539,44,0,6558.0,5400.0,6,0,4,0,0.0,1.2142195889650065,2623.611915234,Mid,-1,1,1
74520,0,0.922164601,74,0,3151.0,5400.0,9,0,0,0,0.0,0.5834104795408258,1260.9532987606,Senior,-1,1,0
74569,0,0.277615903,57,0,3352.0,5400.0,13,0,1,0,0.0,0.6206258100351787,1340.9665695418005,Senior,-1,1,0
74591,0,0.019608745,62,1,62.16666667,11.0,10,0,1,0,0.0,5.180555555833333,24.878431915,Senior,-1,1,0
74611,0,0.9999999,60,0,2239.0,5400.0,2,0,1,0,0.0,0.4145528605813738,896.19999994,Senior,-1,1,0
74613,0,0.207096307,75,0,2861.0,5400.0,5,0,2,0,0.0,0.5297167191260878,1144.5242577842,Senior,-1,1,0
74653,0,0.693804593,44,0,2302.0,5400.0,12,0,2,0,2.0,0.4262173671542307,921.2162827558,Mid,-1,1,0
74659,0,0.430137233,36,0,3235.0,5400.0,16,0,3,0,0.0,0.5989631549713016,1294.2580823398,Mid,-1,1,0
74664,0,0.9999999,47,0,3820.0,5400.0,4,0,3,0,0.0,0.7072764302906869,1528.59999994,Mid,-1,1,0
74672,0,0.382553201,46,0,4158.0,5400.0,11,0,2,0,0.0,0.769857433808554,1663.4295319206,Mid,-1,1,0
74678,0,0.04713779,43,0,3212.0,5400.0,6,0,1,0,0.0,0.594704684317719,1284.828282674,Mid,-1,1,0
74695,0,0.360975667,78,0,8743.0,5400.0,13,0,1,0,0.0,1.61877430105536,3497.4165854002003,Senior,-1,1,1
74706,0,0.009049086,31,0,2974.0,5400.0,13,0,1,0,0.0,0.5506387705980375,1189.6054294516002,Mid,-1,1,0
74712,0,0.0,61,0,5957.0,5400.0,9,0,4,0,0.0,1.1029438992779117,2382.8,Senior,-1,1,0
74727,0,0.9999999,47,0,3175.0,5400.0,10,0,1,0,0.0,0.5878541010923903,1270.59999994,Mid,-1,1,0
74738,0,0.92221462,35,0,1596.0,5400.0,3,0,1,0,0.0,0.2955008331790409,638.9533287720001,Mid,-1,1,0
74742,0,0.0,41,0,4283.0,5400.0,6,0,3,0,0.0,0.7930012960562859,1713.2,Mid,-1,1,0
74745,0,0.93646557,86,0,2481.0,5400.0,10,0,0,0,0.0,0.4593593778929827,992.961879342,Senior,-1,1,0
74751,0,0.445138001,59,0,3157.0,5400.0,19,0,1,0,0.0,0.5845213849287169,1263.0670828006002,Senior,-1,1,0
74762,0,0.362660663,87,0,2453.0,5400.0,7,5,0,0,1.0,0.4541751527494908,981.4175963978,Senior,-1,1,0
74809,0,0.545384281,33,3,2268.0,5400.0,14,0,2,0,1.0,0.4199222366228476,907.5272305686,Mid,-1,1,0
74862,0,0.481257687,77,0,2911.0,5400.0,10,0,2,0,0.0,0.5389742640251806,1164.6887546122,Senior,-1,1,0
74865,0,0.002745038,66,0,4855.0,5400.0,7,0,2,0,0.0,0.8989076097019071,1942.0016470228,Senior,-1,1,0
74872,1,0.903654485,46,0,3436.0,5400.0,4,0,2,0,0.0,0.6361784854656545,1374.9421926910002,Mid,-1,1,0
74873,0,0.988983747,66,0,5488.0,5400.0,18,0,1,0,1.0,1.0161081281244213,2195.7933902482005,Senior,-1,1,0
74901,0,0.357644538,56,0,3132.0,5400.0,15,0,1,0,0.0,0.5798926124791706,1253.0145867228002,Senior,-1,1,0
74909,0,0.380563124,52,1,4447.0,5400.0,7,0,2,0,0.0,0.8233660433253102,1779.0283378744002,Senior,-1,1,0
74968,1,0.601577299,51,2,7048.0,5400.0,15,0,2,0,0.0,1.3049435289761155,2819.5609463794003,Senior,-1,1,1
75002,0,0.214896376,59,0,3158.0,5400.0,12,0,1,0,0.0,0.5847065358266987,1263.3289378256,Senior,-1,1,0
75009,0,0.467481466,60,1,6417.0,5400.0,13,0,4,0,0.0,1.1881133123495649,2567.0804888796,Senior,-1,1,0
75030,0,0.134211556,84,0,2522.0,5400.0,8,0,2,0,0.0,0.4669505647102388,1008.8805269336,Senior,-1,1,0
75081,0,0.062095731,55,0,4090.0,5400.0,10,0,2,0,1.0,0.7572671727457878,1636.0372574386,Senior,-1,1,0
75085,0,0.72859814,53,0,5121.0,5400.0,9,0,1,0,0.0,0.9481577485650804,2048.837158884,Senior,-1,1,0
75095,1,0.462726965,63,0,2795.0,5400.0,13,0,1,0,1.0,0.5174967598592853,1118.277636179,Senior,-1,1,0
75103,0,0.9999999,42,0,4424.0,5400.0,5,0,2,0,0.0,0.8191075726717275,1770.1999999400002,Mid,-1,1,0
75206,0,0.0,63,0,5797.0,5400.0,6,0,2,0,0.0,1.0733197556008147,2318.8,Senior,-1,1,0
75223,0,0.847604109,60,0,1018.5,1.0,20,0,0,0,1.0,509.25,407.90856246540005,Senior,-1,1,1
75240,0,0.299605833,35,0,2992.0,5400.0,10,0,2,0,1.0,0.5539714867617108,1196.9797634998,Mid,-1,1,0
75260,0,0.961050589,37,0,2362.0,5400.0,10,0,1,0,4.0,0.437326421033142,945.3766303534,Mid,-1,1,0
75357,0,0.773438472,45,0,2424.0,5400.0,9,0,1,0,3.0,0.448805776708017,970.0640630832,Mid,-1,1,0
75375,0,0.143310388,47,0,5425.0,5400.0,15,0,3,0,2.0,1.0044436215515646,2170.0859862328,Mid,-1,1,0
75418,0,0.74152154,38,0,1927.0,5400.0,2,0,1,0,0.0,0.356785780411035,771.2449129240001,Mid,-1,1,0
75426,0,0.390524791,47,0,2798.0,5400.0,4,0,1,0,0.0,0.5180522125532309,1119.4343148746,Mid,-1,1,0
75456,0,0.335732853,46,0,3331.0,5400.0,11,0,1,0,0.0,0.6167376411775597,1332.6014397118,Mid,-1,1,0
75473,0,0.105117964,70,1,3760.0,5400.0,5,0,2,0,0.0,0.6961673764117756,1504.0630707784,Senior,-1,1,0
75505,0,0.9999999,72,0,1037.0,5400.0,4,0,1,0,0.0,0.1920014812071838,415.39999994,Senior,-1,1,0
75507,0,0.768792211,41,0,2010.0,5400.0,12,0,1,0,1.0,0.372153304943529,804.4612753266,Mid,-1,1,0
75512,0,0.521101128,60,0,2767.0,5400.0,9,0,3,0,3.0,0.5123125347157934,1107.1126606768,Senior,-1,1,0
75513,0,0.9999999,61,0,1624.0,5400.0,2,0,1,0,0.0,0.3006850583225328,650.19999994,Senior,-1,1,0
75520,0,0.66739872,49,0,393.5,1.0,7,0,0,0,0.0,196.75,157.800439232,Mid,-1,1,0
75544,0,0.03339833,52,0,4989.0,5400.0,5,0,3,0,0.0,0.9237178300314756,1995.620038998,Senior,-1,1,0
75579,1,0.833243597,37,0,1655.0,5400.0,5,0,1,0,1.0,0.3064247361599704,662.4999461582,Mid,-1,1,0
75592,0,0.21854599,49,0,5395.0,5400.0,7,0,1,0,0.0,0.9988890946121088,2158.131127594,Mid,-1,1,0
75616,0,0.0,60,0,3457.0,5400.0,13,0,2,0,1.0,0.6400666543232735,1382.8000000000002,Senior,-1,1,0
75623,0,0.23359416,57,0,5775.0,5400.0,9,0,4,0,0.0,1.0692464358452138,2310.140156496,Senior,-1,1,0
75626,0,0.892855357,40,0,3163.0,5400.0,6,0,1,0,0.0,0.585632290316608,1265.7357132142,Mid,-1,1,0
75657,0,0.222537533,71,0,3986.0,5400.0,15,0,1,0,1.0,0.7380114793556749,1594.5335225198,Senior,-1,1,0
75664,0,0.467850456,35,3,3296.0,5400.0,8,0,2,0,0.0,0.6102573597481947,1318.6807102736002,Mid,-1,1,0
75670,0,0.646044182,71,0,5057.0,5400.0,18,0,2,0,1.0,0.9363080910942418,2023.1876265092,Senior,-1,1,0
75678,1,0.9999999,31,0,816.0,5400.0,4,3,0,1,0.0,0.1510831327531938,326.99999994,Mid,-1,1,0
75686,0,0.017353312,46,0,6282.0,5400.0,10,0,3,0,0.0,1.1631179411220145,2512.8104119872,Mid,-1,1,0
75709,0,0.9999999,31,0,435.0,1.0,2,0,1,0,1.0,217.5,174.59999994,Mid,-1,1,0
75745,0,0.066374102,37,0,3402.0,5400.0,20,0,3,1,3.0,0.6298833549342714,1360.8398244612,Mid,-1,1,0
75754,0,0.285755994,64,0,3063.0,5400.0,10,0,2,0,0.0,0.5671172005184225,1225.3714535964,Senior,-1,1,0
75765,1,0.982673078,50,0,4186.0,5400.0,10,0,2,0,0.0,0.7750416589520459,1674.9896038468,Mid,-1,1,0
75808,1,0.367621611,37,0,2530.0,5400.0,6,0,2,2,1.0,0.4684317718940937,1012.2205729666,Mid,-1,1,0
75838,0,0.700771969,42,0,3017.0,5400.0,8,0,2,0,2.0,0.5586002592112572,1207.2204631814,Mid,-1,1,0
75848,0,0.002924927,56,0,3318.0,5400.0,5,0,1,0,1.0,0.6143306795037956,1327.2017549562,Senior,-1,1,0
75877,0,0.216672696,64,0,4625.0,5400.0,13,0,1,0,0.0,0.8563229031660804,1850.1300036176,Senior,-1,1,0
75881,0,0.15330119,76,0,6131.0,5400.0,17,0,2,0,0.0,1.1351601555267543,2452.491980714,Senior,-1,1,0
75885,0,0.343698218,63,0,2943.0,5400.0,12,0,2,0,0.0,0.5448990927605999,1177.4062189308002,Senior,-1,1,0
75887,0,0.299064069,50,0,2208.0,1.0,13,0,1,0,1.0,1104.0,883.3794384414,Mid,-1,1,1
75895,0,0.9999999,62,0,2796.0,5400.0,5,0,1,0,3.0,0.5176819107572672,1118.9999999400002,Senior,-1,1,0
75905,0,0.052678602,37,0,3279.0,5400.0,8,0,3,0,0.0,0.6071097944825032,1311.6316071612002,Mid,-1,1,0
75912,0,0.065468302,28,0,40.5,1.0,6,0,0,0,0.0,20.25,16.2392809812,Young,-1,1,0
75930,0,0.837835926,47,0,3240.0,5400.0,12,0,1,0,1.0,0.5998889094612109,1296.5027015556,Mid,-1,1,0
75945,0,0.0,60,0,3530.0,5400.0,4,0,2,0,2.0,0.6535826698759489,1412.0,Senior,-1,1,0
75948,0,0.993212533,58,2,3328.0,5400.0,4,2,1,0,0.0,0.6161821884836142,1331.7959275198,Senior,-1,1,0
75954,0,0.562271886,50,0,2636.0,5400.0,11,0,1,0,0.0,0.4880577670801703,1054.7373631316,Mid,-1,1,0
75978,0,0.352794998,54,1,8151.0,5400.0,13,0,3,0,4.0,1.509164969450102,3260.6116769988,Senior,-1,1,1
75979,0,0.361175204,43,0,363.0,1.0,6,0,0,0,0.0,181.5,145.4167051224,Mid,-1,1,0
75987,0,0.152462896,56,0,3250.0,5400.0,14,0,2,0,0.0,0.6017404184410294,1300.0914777376,Senior,-1,1,0
76000,0,0.62143696,49,2,2693.0,5400.0,18,0,2,0,2.0,0.4986113682651361,1077.572862176,Mid,-1,1,0
76015,0,0.332980877,46,0,3404.0,5400.0,10,0,2,0,2.0,0.6302536567302351,1361.7997885262002,Mid,-1,1,0
76065,0,0.084899017,83,1,5435.0,5400.0,8,0,0,0,0.0,1.006295130531383,2174.0509394102,Senior,-1,1,0
76075,0,0.599481792,81,0,895.0,5400.0,15,0,0,0,0.0,0.1657100536937604,358.3596890752,Senior,-1,1,0
76095,0,0.536158474,59,1,1781.5,1.0,22,0,1,1,1.0,890.75,712.9216950844,Senior,-1,1,1
76097,0,0.238365807,72,0,3312.0,5400.0,12,0,2,0,0.0,0.6132197741159044,1324.9430194842002,Senior,-1,1,0
76132,0,0.642298898,39,1,3690.0,5400.0,13,0,4,0,3.0,0.6832068135530457,1476.3853793388,Mid,-1,1,0
76133,0,0.061067488,47,0,11597.0,5400.0,16,0,5,0,0.0,2.1471949638955747,4638.8366404928,Mid,-1,1,1
76157,0,0.9999999,37,2,2146.0,5400.0,5,1,1,0,0.0,0.3973338270690613,858.9999999400001,Mid,-1,1,0
76159,0,0.08017663,47,0,3600.0,5400.0,10,0,2,0,0.0,0.6665432327346787,1440.048105978,Mid,-1,1,0
76162,0,0.462162051,63,0,2647.0,5400.0,9,0,1,0,1.0,0.4900944269579707,1059.0772972306,Senior,-1,1,0
76189,1,0.435892353,62,2,24466.0,5400.0,25,0,15,0,0.0,4.529901870024069,9786.6615354118,Senior,-1,1,1
76190,0,0.009748121,41,1,1395.0,1.0,10,0,1,0,3.0,697.5,558.0058488726,Mid,-1,1,1
76201,0,0.601711447,64,0,3279.0,5400.0,13,0,2,0,4.0,0.6071097944825032,1311.9610268682002,Senior,-1,1,0
76222,0,0.02359941,72,0,1703.0,1.0,9,0,1,0,0.0,851.5,681.2141596460001,Senior,-1,1,1
76265,0,0.9999999,61,0,1904.0,5400.0,6,0,2,0,0.0,0.3525273097574523,762.19999994,Senior,-1,1,0
76270,1,0.859964437,71,0,3864.0,5400.0,20,0,2,0,0.0,0.7154230698018885,1546.1159786622002,Senior,-1,1,0
76280,0,0.049292303,38,0,3926.0,5400.0,11,0,1,0,0.0,0.7269024254767635,1570.4295753818,Mid,-1,1,0
76302,0,0.087962758,44,0,5399.0,5400.0,23,0,5,0,0.0,0.9996296982040362,2159.6527776548,Mid,-1,1,0
76303,0,0.038081747,30,0,3672.0,5400.0,7,0,2,0,0.0,0.6798740973893723,1468.8228490482002,Young,-1,1,0
76333,0,0.158294654,58,0,3547.0,5400.0,15,0,2,0,3.0,0.6567302351416404,1418.8949767924005,Senior,-1,1,0
76358,1,0.915084915,53,3,5921.0,5400.0,5,0,2,1,2.0,1.0962784669505647,2368.949050949,Senior,-1,1,0
76367,0,0.190766593,52,1,5371.0,5400.0,19,0,3,0,2.0,0.9944454730605444,2148.5144599558,Senior,-1,1,0
76374,0,0.974635022,52,2,5608.0,5400.0,15,0,2,0,0.0,1.038326235882244,2243.7847810132,Senior,-1,1,0
76409,0,0.060546722,48,0,1184.0,1.0,15,0,2,0,1.0,592.0,473.6363280332,Mid,-1,1,1
76417,0,0.254116392,39,0,4759.0,5400.0,9,0,1,0,0.0,0.881133123495649,1903.7524698352,Mid,-1,1,0
76441,0,0.89645842,56,3,10218.0,5400.0,22,0,5,0,0.0,1.8918718755785968,4087.737875052,Senior,-1,1,1
76477,0,0.055454197,54,0,3564.0,5400.0,9,0,2,0,0.0,0.659877800407332,1425.6332725182,Senior,-1,1,0
76488,0,0.098806103,55,0,3594.0,5400.0,9,0,2,0,0.0,0.6654323273467876,1437.6592836618,Senior,-1,1,0
76507,0,0.522306757,62,1,5771.0,5400.0,15,0,2,0,0.0,1.0685058322532863,2308.7133840542,Senior,-1,1,0
76512,0,0.190092721,50,0,3817.0,5400.0,15,0,3,0,0.0,0.7067209775967414,1526.9140556326,Mid,-1,1,0
76528,0,0.690871459,63,0,3414.0,5400.0,10,0,3,0,0.0,0.6321051657100537,1366.0145228754002,Senior,-1,1,0
76544,0,0.028446154,59,0,6751.0,5400.0,20,0,2,0,0.0,1.2499537122755044,2700.4170676924,Senior,-1,1,1
76556,0,0.16225585,40,0,815.0,1.0,7,0,1,0,3.0,407.5,326.09735351,Mid,-1,1,1
76573,0,0.40816692,45,0,3367.0,5400.0,6,0,2,0,2.0,0.6234030735049065,1347.044900152,Mid,-1,1,0
76589,0,0.416292115,70,1,3309.0,5400.0,6,0,1,1,0.0,0.6126643214219589,1323.8497752690002,Senior,-1,1,0
76593,0,0.005060324,68,0,3265.0,5400.0,14,0,1,0,0.0,0.6045176819107573,1306.0030361944,Senior,-1,1,0
76618,0,0.168034242,63,0,3770.0,5400.0,13,0,1,0,0.0,0.6980188853915942,1508.1008205452,Senior,-1,1,0
76630,0,0.264421781,54,1,7152.0,5400.0,17,0,2,0,0.0,1.3241992223662284,2860.9586530686,Senior,-1,1,1
76642,0,0.264434457,52,0,3982.0,5400.0,10,0,2,0,0.0,0.7372708757637475,1592.9586606742002,Senior,-1,1,0
76647,0,0.677472106,82,0,2898.0,5400.0,11,0,0,0,0.0,0.5365673023514164,1159.6064832636,Senior,-1,1,0
76678,0,0.36890043,39,1,2632.0,5400.0,10,0,1,0,3.0,0.4873171634882429,1053.021340258,Mid,-1,1,0
76747,0,0.001691114,37,0,2295.0,5400.0,6,0,1,0,0.0,0.4249213108683577,918.0010146684,Mid,-1,1,0
76754,0,0.9999999,73,0,1089.0,5400.0,1,0,1,0,0.0,0.2016293279022403,436.19999994,Senior,-1,1,0
76759,0,0.0,53,0,3439.0,5400.0,6,0,2,0,1.0,0.6367339381596001,1375.6,Senior,-1,1,0
76772,0,0.003509302,70,1,3125.0,5400.0,8,0,2,0,0.0,0.5785965561932975,1250.0021055812,Senior,-1,1,0
76783,0,0.449062038,64,0,5149.0,5400.0,6,0,1,1,0.0,0.9533419737085724,2059.8694372228,Senior,-1,1,0
76787,1,0.978043912,50,0,1958.0,5400.0,3,0,1,0,0.0,0.3625254582484725,783.7868263472001,Mid,-1,1,0
76789,0,0.613981578,56,0,4066.0,5400.0,9,0,1,0,0.0,0.7528235511942233,1626.7683889468,Senior,-1,1,0
76793,0,0.9999999,29,0,1298.0,5400.0,2,0,1,0,0.0,0.240325865580448,519.79999994,Young,-1,1,0
76803,0,0.925095449,50,1,2354.0,5400.0,12,0,0,1,2.0,0.4358452138492871,942.1550572694,Mid,-1,1,0
76844,0,0.9999999,81,0,809.0,5400.0,1,0,1,0,0.0,0.1497870764673208,324.19999994,Senior,-1,1,0
76866,0,0.122591835,63,0,4408.0,5400.0,14,0,2,0,0.0,0.8161451583040178,1763.273555101,Senior,-1,1,0
76890,0,0.896986632,84,0,5140.0,5400.0,27,0,1,0,0.0,0.9516756156267356,2056.5381919792,Senior,-1,1,0
76940,0,0.123751942,49,0,5673.0,5400.0,11,0,1,0,0.0,1.0503610442510647,2269.2742511652004,Mid,-1,1,0
76976,0,0.933832344,75,0,1386.0,5400.0,9,0,0,1,0.0,0.2566191446028513,554.9602994063999,Senior,-1,1,0
77011,0,0.046557411,66,0,3249.0,5400.0,15,0,1,0,0.0,0.6015552675430476,1299.6279344466002,Senior,-1,1,0
77040,0,0.229121036,52,2,3251.0,5400.0,14,0,2,0,0.0,0.6019255693390113,1300.5374726216,Senior,-1,1,0
77041,0,0.076224405,58,0,7145.0,5400.0,11,0,1,0,2.0,1.3229031660803554,2858.045734643,Senior,-1,1,1
77043,0,0.9999999,65,0,3713.0,5400.0,3,0,1,0,0.0,0.6874652842066284,1485.79999994,Senior,-1,1,0
77045,0,0.535876169,61,0,5852.0,5400.0,16,0,2,0,0.0,1.0835030549898168,2341.1215257014,Senior,-1,1,0
77082,0,0.040547586,71,0,5446.0,5400.0,14,0,3,0,0.0,1.0083317904091835,2178.4243285516,Senior,-1,1,0
77090,0,0.104851559,63,0,4974.0,5400.0,11,0,3,0,0.0,0.9209405665617478,1989.6629109354,Senior,-1,1,0
77093,0,0.727893475,60,0,9185.0,5400.0,13,0,2,0,1.0,1.70061099796334,3674.436736085,Senior,-1,1,1
77128,0,0.56407219,73,3,3542.0,5400.0,13,0,1,1,0.0,0.6558044806517311,1417.138443314,Senior,-1,1,0
77139,1,0.095427984,39,0,2847.0,5400.0,17,0,2,0,2.0,0.5271246065543418,1138.8572567904,Mid,-1,1,0
77151,0,0.9999999,47,0,5676.0,5400.0,6,0,2,0,0.0,1.0509164969450102,2270.99999994,Mid,-1,1,0
77152,0,0.9999999,34,0,776.0,5400.0,2,2,0,0,0.0,0.1436770968339196,310.99999994,Mid,-1,1,0
77188,0,0.635218841,58,0,6665.0,5400.0,17,0,3,0,0.0,1.234030735049065,2666.3811313046,Senior,-1,1,1
77192,0,0.0,57,0,6163.0,5400.0,20,0,2,0,0.0,1.1410849842621738,2465.2000000000003,Senior,-1,1,0
77195,0,0.220051995,51,0,4116.0,5400.0,15,0,2,0,0.0,0.7620810960933161,1646.5320311970002,Senior,-1,1,0
77229,0,0.008988024,80,0,2302.0,5400.0,3,0,1,0,0.0,0.4262173671542307,920.8053928144,Senior,-1,1,0
77243,0,0.085798093,44,0,4408.0,5400.0,5,0,1,0,0.0,0.8161451583040178,1763.2514788558,Mid,-1,1,0
77248,0,0.9999999,62,0,2366.0,5400.0,3,0,1,0,0.0,0.4380670246250694,946.99999994,Senior,-1,1,0
77262,0,0.9999999,37,0,732.0,5400.0,8,0,0,0,0.0,0.135530457322718,293.39999994,Mid,-1,1,0
77300,0,0.336727117,77,0,2376.0,5400.0,10,0,2,0,0.0,0.439918533604888,950.6020362702,Senior,-1,1,0
77314,1,0.994424149,69,2,1895.0,5400.0,4,0,1,0,0.0,0.3508609516756156,758.5966544894,Senior,-1,1,0
77322,0,0.061443079,65,1,7840.0,5400.0,7,0,3,0,0.0,1.4515830401777448,3136.0368658474,Senior,-1,1,1
77369,0,0.550022979,49,0,6097.0,5400.0,14,0,3,0,0.0,1.1288650249953711,2439.1300137874,Mid,-1,1,0
77373,0,0.708676377,38,0,2471.0,5400.0,7,0,1,0,0.0,0.4575078689131642,988.8252058262,Mid,-1,1,0
77387,0,0.0,66,2,3273.0,5400.0,19,0,2,0,0.0,0.6059988890946121,1309.2,Senior,-1,1,0
77453,0,0.819970183,36,1,2658.0,5400.0,6,0,1,0,1.0,0.4921310868357711,1063.6919821098,Mid,-1,1,0
77492,0,0.098409011,48,0,6698.0,5400.0,11,0,7,0,1.0,1.240140714682466,2679.2590454066003,Mid,-1,1,1
77516,1,0.932788374,42,0,1531.0,5400.0,3,1,1,0,0.0,0.2834660248102203,612.9596730244,Mid,-1,1,0
77563,0,0.257224759,62,0,3333.0,5400.0,8,0,1,0,0.0,0.6171079429735234,1333.3543348554,Senior,-1,1,0
77602,0,0.105926919,34,0,5782.0,5400.0,5,0,3,0,0.0,1.0705424921310869,2312.8635561514,Mid,-1,1,0
77613,0,0.030720136,67,0,3937.0,5400.0,12,0,3,0,0.0,0.728939085354564,1574.8184320816,Senior,-1,1,0
77621,0,0.050685811,47,0,3644.0,5400.0,7,0,1,0,0.0,0.6746898722458804,1457.6304114866002,Mid,-1,1,0
77624,0,0.228153898,63,0,4262.0,5400.0,14,0,2,0,0.0,0.7891131271986669,1704.9368923388,Senior,-1,1,0
77626,0,0.974890749,32,1,282.5,1.0,4,0,0,0,3.0,141.25,113.5849344494,Mid,-1,1,0
77669,0,0.93560322,44,0,4116.0,5400.0,2,0,1,0,0.0,0.7620810960933161,1646.961361932,Mid,-1,1,0
77675,0,0.9999999,44,0,1793.0,5400.0,5,0,2,0,4.0,0.3319755600814664,717.79999994,Mid,-1,1,0
77677,0,0.307702917,41,0,4183.0,5400.0,9,0,2,0,2.0,0.7744862062581004,1673.3846217502,Mid,-1,1,0
77723,0,0.935232584,71,0,2785.0,5400.0,19,0,1,0,1.0,0.5156452508794668,1114.5611395504,Senior,-1,1,0
77726,0,0.179372393,59,1,3312.0,5400.0,15,0,1,0,0.0,0.6132197741159044,1324.9076234358,Senior,-1,1,0
77736,1,0.826458523,38,1,2439.0,5400.0,10,4,1,1,0.0,0.4515830401777448,976.0958751138,Mid,-1,1,0
77760,0,0.309133917,55,0,4830.0,5400.0,10,0,3,0,0.0,0.8942788372523607,1932.1854803502,Senior,-1,1,0
77773,0,0.463068941,71,0,7508.0,5400.0,12,0,3,0,0.0,1.390112942047769,3003.4778413646004,Senior,-1,1,1
77795,0,0.191480908,63,0,3819.0,5400.0,15,0,2,0,0.0,0.7070912793927051,1527.7148885448,Senior,-1,1,0
77808,0,0.045025999,46,0,4308.0,5400.0,10,0,2,0,0.0,0.7976300685058323,1723.2270155994,Mid,-1,1,0
77816,0,0.970397961,46,0,1970.0,5400.0,9,0,2,0,4.0,0.3647472690242547,788.5822387766,Mid,-1,1,0
77820,0,0.180227704,59,1,3452.0,5400.0,14,0,1,0,0.0,0.6391408998333642,1380.9081366224002,Senior,-1,1,0
77825,0,0.263802619,54,0,3684.0,5400.0,13,0,2,0,1.0,0.6820959081651546,1473.7582815714002,Senior,-1,1,0
77864,0,0.94022097,56,0,4166.0,5400.0,6,0,2,0,0.0,0.7713386409924088,1666.964132582,Senior,-1,1,0
77866,0,0.314713208,68,2,11479.0,5400.0,14,0,5,0,0.0,2.125347157933716,4591.7888279248,Senior,-1,1,1
77916,0,0.014196983,50,0,3634.0,5400.0,11,0,1,0,0.0,0.6728383632660618,1453.6085181898002,Mid,-1,1,0
77927,0,0.456664792,47,0,3231.0,5400.0,13,0,2,0,4.0,0.5982225513793742,1292.6739988752,Mid,-1,1,0
77931,0,0.280231929,36,0,2166.0,5400.0,18,0,3,0,3.0,0.4010368450286984,866.5681391574001,Mid,-1,1,0
77973,0,0.9999999,56,0,1815.0,5400.0,7,0,1,0,0.0,0.3360488798370672,726.59999994,Senior,-1,1,0
77980,0,0.99066408,62,0,2934.0,5400.0,17,0,0,0,0.0,0.5432327346787632,1174.194398448,Senior,-1,1,0
77983,0,0.055725598,52,1,6280.0,5400.0,10,0,3,0,2.0,1.1627476393260507,2512.0334353588,Senior,-1,1,0
78003,0,0.008652175,44,0,7065.5,1.0,13,0,3,0,3.0,3532.75,2826.2051913050004,Mid,-1,1,1
78049,1,0.501011089,57,1,10603.0,5400.0,15,0,3,0,2.0,1.9631549713016108,4241.5006066534,Senior,-1,1,1
78077,0,0.243141614,60,0,3486.0,5400.0,22,0,2,0,0.0,0.6454360303647473,1394.5458849684,Senior,-1,1,0
78082,0,0.0,63,1,3588.0,5400.0,12,0,2,0,0.0,0.6643214219588965,1435.2,Senior,-1,1,0
78101,0,0.442595674,64,2,4415.0,5400.0,7,0,1,2,1.0,0.8174412145898907,1766.2655574044,Senior,-1,1,0
78109,0,0.153876319,64,0,8495.0,5400.0,6,0,0,0,0.0,1.57285687835586,3398.0923257914,Senior,-1,1,1
78112,0,0.9999999,66,0,1994.0,5400.0,1,0,1,0,0.0,0.3691908905758193,798.19999994,Senior,-1,1,0
78113,0,0.942423031,54,2,3349.0,5400.0,5,0,1,0,1.0,0.6200703573412331,1340.1654538186,Senior,-1,1,0
78117,0,0.8441247,26,0,2355.0,5400.0,8,0,1,0,0.0,0.436030364747269,942.50647482,Young,-1,1,0
78184,0,0.110298255,44,0,4223.0,5400.0,9,0,1,0,0.0,0.7818922421773745,1689.266178953,Mid,-1,1,0
78200,0,0.35486843,45,0,3327.0,5400.0,10,0,2,0,0.0,0.6159970375856323,1331.012921058,Mid,-1,1,0
78214,0,0.197493218,58,0,3266.0,5400.0,10,0,2,0,0.0,0.6047028328087392,1306.5184959308,Senior,-1,1,0
78245,0,0.605194892,54,0,3948.0,5400.0,10,0,1,0,1.0,0.7309757452323644,1579.5631169352,Senior,-1,1,0
78265,0,0.094273689,43,0,3349.0,5400.0,16,0,1,0,3.0,0.6200703573412331,1339.6565642134,Mid,-1,1,0
78268,0,0.02784592,43,0,1635.5,1.0,10,0,1,0,1.0,817.75,654.216707552,Mid,-1,1,1
78301,0,0.05144391,56,0,5420.0,5400.0,13,0,2,0,0.0,1.0035178670616554,2168.030866346,Senior,-1,1,0
78302,0,0.012998951,48,0,349.0,1.0,14,0,0,0,2.0,174.5,139.6077993706,Mid,-1,1,0
78337,0,0.590492363,40,0,4953.0,5400.0,19,0,1,0,0.0,0.9170523977041288,1981.5542954178,Mid,-1,1,0
78375,0,0.00738321,79,0,52.71428571,27.0,7,0,1,0,1.0,1.8826530610714285,21.09014421,Senior,-1,1,0
78412,0,0.041839967,53,0,3479.0,5400.0,8,0,2,0,0.0,0.6441399740788742,1391.6251039802,Senior,-1,1,0
78425,0,0.089454595,62,0,3677.0,5400.0,4,0,1,0,0.0,0.6807998518792816,1470.853672757,Senior,-1,1,0
78426,0,0.9999999,49,0,2274.0,5400.0,4,0,1,1,0.0,0.4210331420107387,910.19999994,Mid,-1,1,0
78429,0,0.479918883,52,0,3616.0,5400.0,12,0,1,0,0.0,0.6695056471023885,1446.6879513298002,Senior,-1,1,0
78460,0,0.05489817,64,0,7490.0,5400.0,5,0,2,0,0.0,1.3867802258840956,2996.032938902,Senior,-1,1,1
78472,1,0.61471897,61,0,5617.0,5400.0,27,0,1,0,0.0,1.0399925939640808,2247.168831382,Senior,-1,1,0
78475,0,0.720219271,72,1,2100.0,5400.0,15,0,1,0,1.0,0.3888168857618959,840.4321315626,Senior,-1,1,0
78486,0,0.010483448,57,2,3425.0,5400.0,9,0,2,0,0.0,0.6341418255878541,1370.0062900688,Senior,-1,1,0
78503,0,0.498980378,58,1,3456.0,5400.0,13,0,2,0,0.0,0.6398815034252916,1382.6993882268,Senior,-1,1,0
78506,0,0.584302326,56,4,3145.0,5400.0,19,1,2,0,0.0,0.5822995741529347,1258.3505813956,Senior,-1,1,0
78513,0,0.078078179,64,0,3913.0,5400.0,8,0,2,0,0.0,0.7244954638029995,1565.2468469074,Senior,-1,1,0
78528,0,0.712514374,65,0,6606.0,5400.0,12,0,1,0,0.0,1.2231068320681355,2642.8275086244003,Senior,-1,1,1
78537,0,0.038815279,58,0,4017.0,5400.0,17,0,3,0,1.0,0.7437511571931124,1606.8232891674002,Senior,-1,1,0
78541,0,0.763242561,63,0,26668.0,5400.0,17,0,7,0,2.0,4.937604147380115,10667.6579455366,Senior,-1,1,1
78564,0,0.476602497,45,0,2489.0,5400.0,5,0,1,0,0.0,0.4608405850768376,995.8859614982,Mid,-1,1,0
78591,0,0.9999999,28,0,651.0,5400.0,5,2,0,0,0.0,0.1205332345861877,260.99999994,Young,-1,1,0
78627,0,0.742905774,57,0,2517.0,5400.0,8,0,2,0,0.0,0.4660248102203295,1007.2457434644,Senior,-1,1,0
78683,0,0.004268235,59,1,3897.0,5400.0,6,0,1,0,0.0,0.7215330494352897,1558.802560941,Senior,-1,1,0
78727,0,0.103807738,72,0,2837.0,5400.0,16,0,3,0,0.0,0.5252730975745232,1134.8622846428,Senior,-1,1,0
78775,0,0.464992712,63,1,4508.0,5400.0,15,0,2,0,0.0,0.8346602481022033,1803.4789956272,Senior,-1,1,0
78777,0,0.008114756,55,0,5693.0,5400.0,11,0,4,0,0.0,1.0540640622107018,2277.2048688536,Senior,-1,1,0
78778,1,0.132431735,34,0,3866.0,5400.0,10,0,2,0,1.0,0.7157933715978523,1546.4794590410002,Mid,-1,1,0
78783,0,0.185684858,42,0,3637.0,5400.0,16,0,2,0,0.0,0.6733938159600074,1454.9114109148002,Mid,-1,1,0
78850,0,0.63129568,55,1,5225.0,5400.0,8,2,2,0,0.0,0.9674134419551936,2090.378777408,Senior,-1,1,0
78855,0,0.0,30,0,3231.0,5400.0,3,0,1,0,0.0,0.5982225513793742,1292.4,Young,-1,1,0
78903,0,0.0,65,1,4666.0,5400.0,25,0,7,0,0.0,0.8639140899833364,1866.4,Senior,-1,1,0
78952,0,0.263341766,56,0,4710.0,5400.0,9,0,2,0,0.0,0.8720607294945381,1884.1580050596,Senior,-1,1,0
78954,0,0.142888859,69,0,4685.0,5400.0,6,0,3,0,0.0,0.8674319570449917,1874.0857333154,Senior,-1,1,0
78964,0,0.067146643,77,0,2537.0,5400.0,4,0,2,0,0.0,0.4697278281799666,1014.8402879858,Senior,-1,1,0
79010,0,0.581242416,63,0,2858.0,5400.0,24,0,0,0,0.0,0.5291612664321422,1143.5487454496,Senior,-1,1,0
79013,0,0.025864404,61,0,6352.0,5400.0,14,0,6,0,0.0,1.1760785039807442,2540.8155186424,Senior,-1,1,0
79025,0,0.398120539,51,0,2282.5,1.0,12,0,2,0,2.0,1141.25,913.2388723234,Senior,-1,1,1
79068,0,0.566750249,60,2,3263.0,5400.0,14,2,2,0,0.0,0.6041473801147935,1305.5400501494,Senior,-1,1,0
79097,0,0.005205169,72,0,73.5,1.0,4,0,0,0,0.0,36.75,29.4031231014,Senior,-1,1,0
79109,0,0.642419698,47,0,3526.0,5400.0,12,0,1,0,0.0,0.6528420662840215,1410.7854518188,Mid,-1,1,0
79161,0,0.533573321,45,0,4168.0,5400.0,4,0,2,0,0.0,0.7717089427883725,1667.5201439926,Mid,-1,1,0
79166,0,0.9999999,37,0,3075.0,5400.0,6,0,1,0,0.0,0.5693390112942047,1230.59999994,Mid,-1,1,0
79251,0,0.009214066,48,0,4216.0,5400.0,4,0,1,0,0.0,0.7805961858915016,1686.4055284396002,Mid,-1,1,0
79294,0,0.9999999,36,0,2203.0,5400.0,4,0,2,0,0.0,0.407887428254027,881.79999994,Mid,-1,1,0
79296,0,0.0,59,0,6186.0,5400.0,14,0,3,0,0.0,1.1453434549157564,2474.4,Senior,-1,1,0
79364,0,0.634175692,62,0,7019.0,5400.0,24,0,6,0,0.0,1.2995741529346416,2807.9805054152,Senior,-1,1,1
79403,0,0.91867751,40,3,1560.0,5400.0,5,0,0,0,0.0,0.2888354008516941,624.551206506,Mid,-1,1,0
79417,0,0.908940619,57,0,2110.0,5400.0,8,0,1,0,0.0,0.3906683947417145,844.5453643714,Senior,-1,1,0
79433,0,0.389453685,75,0,7715.0,5400.0,6,0,2,0,0.0,1.428439177930013,3086.233672211,Senior,-1,1,1
79434,1,0.692891766,47,1,5051.0,5400.0,13,0,4,1,0.0,0.9351971857063508,2020.8157350596,Mid,-1,1,0
79450,0,0.761149024,58,1,2217.0,5400.0,4,0,1,0,0.0,0.410479540825773,887.2566894144001,Senior,-1,1,0
79454,0,0.675606299,57,0,2696.0,5400.0,4,0,2,0,0.0,0.4991668209590816,1078.8053637794,Senior,-1,1,0
79464,0,0.487991848,62,0,4099.0,5400.0,20,0,3,0,0.0,0.7589335308276245,1639.8927951088,Senior,-1,1,0
79496,0,0.017479301,52,0,3060.5,1.0,15,0,1,0,2.0,1530.25,1224.2104875806,Senior,-1,1,1
79514,0,0.379331033,39,0,2296.0,5400.0,3,0,1,0,0.0,0.4251064617663396,918.6275986198,Mid,-1,1,0
79516,0,0.665192174,45,1,5275.0,5400.0,8,0,3,0,1.0,0.9766709868542862,2110.3991153044,Mid,-1,1,0
79575,0,0.855310639,47,0,6262.0,5400.0,5,0,1,0,1.0,1.1594149231623774,2505.3131863834,Mid,-1,1,0
79595,0,0.947787329,49,0,4574.0,5400.0,11,0,1,0,0.0,0.8468802073690057,1830.1686723974,Mid,-1,1,0
79604,0,0.9999999,28,0,540.0,5400.0,1,5,0,1,0.0,0.0999814849102018,216.59999994,Young,-1,1,0
79611,0,0.0,32,0,4255.0,5400.0,12,0,2,0,0.0,0.787817070912794,1702.0,Mid,-1,1,0
79627,0,0.012627781,47,1,5227.0,5400.0,18,0,4,0,0.0,0.9677837437511572,2090.8075766686,Mid,-1,1,0
79666,0,0.0,47,0,6875.0,5400.0,8,0,3,0,0.0,1.2729124236252545,2750.0,Mid,-1,1,1
79674,0,0.855350762,63,1,2532.0,5400.0,10,0,0,0,0.0,0.4688020736900574,1013.3132104572,Senior,-1,1,0
79738,0,0.8460044,40,0,4466.0,5400.0,8,0,3,0,3.0,0.8268839103869654,1786.90760264,Mid,-1,1,0
79742,0,0.006762776,55,0,3371.0,5400.0,10,0,2,0,0.0,0.6241436770968339,1348.4040576656,Senior,-1,1,0
79770,0,0.827249862,47,2,3375.0,5400.0,11,0,2,0,2.0,0.6248842806887613,1350.4963499172,Mid,-1,1,0
79785,0,0.968518092,49,0,2473.0,5400.0,6,0,1,0,0.0,0.4578781707091279,989.7811108552,Mid,-1,1,0
79808,0,0.770161492,48,0,3393.0,5400.0,4,0,1,0,0.0,0.6282169968524347,1357.6620968952,Mid,-1,1,0
79818,0,0.46704155,25,0,22.0,1.0,6,0,0,0,4.0,11.0,9.08022493,Young,-1,1,0
79823,0,0.9999999,70,0,2528.0,5400.0,4,0,1,0,1.0,0.46806147009813,1011.79999994,Senior,-1,1,0
79827,0,0.021608699,42,0,5359.0,5400.0,14,0,4,0,0.0,0.992223662284762,2143.6129652194,Mid,-1,1,0
79837,1,0.9999999,51,0,1498.0,5400.0,1,1,1,0,0.0,0.2773560451768191,599.79999994,Senior,-1,1,0
79853,0,0.134749473,33,0,3106.0,5400.0,8,0,2,0,0.0,0.5750786891316423,1242.4808496838,Mid,-1,1,0
79870,0,0.970227429,59,1,8241.0,5400.0,11,0,2,0,0.0,1.5258285502684688,3296.9821364574,Senior,-1,1,1
79925,0,0.9999999,58,2,2151.0,5400.0,8,0,2,2,0.0,0.3982595815589705,860.9999999400001,Senior,-1,1,0
79927,0,0.551073544,58,0,3567.0,5400.0,8,0,2,0,2.0,0.6604332531012775,1427.1306441264005,Senior,-1,1,0
79935,0,0.091764997,59,0,3969.0,5400.0,12,0,2,0,0.0,0.7348639140899833,1587.6550589982,Senior,-1,1,0
79939,0,0.206103478,64,0,3577.0,5400.0,5,0,2,0,0.0,0.6622847620810961,1430.9236620868005,Senior,-1,1,0
79947,0,0.442030851,36,0,2251.0,5400.0,7,0,1,0,2.0,0.416774671357156,900.6652185106001,Mid,-1,1,0
79963,0,0.06434394,62,0,3543.0,5400.0,13,0,1,0,0.0,0.655989631549713,1417.238606364,Senior,-1,1,0
79973,0,0.206661906,54,0,3526.0,5400.0,20,0,2,0,3.0,0.6528420662840215,1410.5239971436,Senior,-1,1,0
79992,0,0.768007084,49,0,3892.0,5400.0,7,0,3,0,0.0,0.7206072949453804,1557.2608042504005,Mid,-1,1,0
80021,0,0.0,43,1,3668.0,5400.0,4,0,2,1,0.0,0.6791334937974449,1467.2,Mid,-1,1,0
80026,1,0.957591081,39,3,1808.0,5400.0,8,1,1,0,0.0,0.3347528235511942,723.7745546486001,Mid,-1,1,0
80085,0,0.016657781,74,0,2296.0,5400.0,14,0,1,0,0.0,0.4251064617663396,918.4099946686,Senior,-1,1,0
80112,0,0.9999999,29,0,676.0,5400.0,4,0,0,0,0.0,0.1251620070357341,270.99999994,Young,-1,1,0
80168,0,0.589711245,35,0,2986.0,5400.0,11,0,2,0,0.0,0.5528605813738197,1194.7538267470002,Mid,-1,1,0
80185,0,0.049998765,63,0,3909.0,5400.0,11,0,2,0,1.0,0.723754860211072,1563.6299992590002,Senior,-1,1,0
80187,0,0.981316404,68,0,3462.0,5400.0,11,0,2,0,1.0,0.6409924088131828,1385.3887898424002,Senior,-1,1,0
80195,0,0.63617038,57,1,4130.0,5400.0,12,0,1,0,0.0,0.764673208665062,1652.381702228,Senior,-1,1,0
80203,0,0.9999999,53,0,1721.0,5400.0,2,2,1,0,0.0,0.3186446954267728,688.9999999400001,Senior,-1,1,0
80228,0,0.701047873,55,1,4101.0,5400.0,12,0,3,0,1.0,0.7593038326235882,1640.8206287238002,Senior,-1,1,0
80234,1,0.618845629,35,2,6197.0,5400.0,9,0,3,0,0.0,1.1473801147935567,2479.1713073774004,Mid,-1,1,0
80252,0,0.268827194,43,0,1297.5,1.0,10,0,2,0,0.0,648.75,519.1612963164,Mid,-1,1,1
80258,0,0.442278524,59,0,4214.0,5400.0,9,0,2,0,0.0,0.7802258840955378,1685.8653671144002,Senior,-1,1,0
80266,0,0.78056123,43,1,3810.0,5400.0,9,0,3,0,0.0,0.7054249213108683,1524.468336738,Mid,-1,1,0
80297,0,0.9999999,57,0,2293.0,5400.0,3,0,1,0,0.0,0.424551009072394,917.79999994,Senior,-1,1,0
80299,0,0.641522159,62,0,3754.0,5400.0,23,0,2,0,0.0,0.6950564710238845,1501.9849132954002,Senior,-1,1,0
80310,0,0.0,48,0,4195.0,5400.0,5,1,0,0,0.0,0.7767080170338826,1678.0,Mid,-1,1,0
80316,1,0.994000857,49,1,1970.0,5400.0,7,0,1,0,0.0,0.3647472690242547,788.5964005142,Mid,-1,1,0
80329,0,0.9999999,33,0,2037.0,5400.0,6,0,2,0,0.0,0.377152379189039,815.39999994,Mid,-1,1,0
80339,0,0.9999999,51,1,2261.0,5400.0,4,0,2,0,0.0,0.4186261803369746,904.99999994,Senior,-1,1,0
80348,0,0.951175536,52,0,2695.0,5400.0,24,0,0,0,1.0,0.4989816700610998,1078.5707053216,Senior,-1,1,0
80352,0,0.455060549,46,0,8842.0,5400.0,8,0,2,0,0.0,1.6371042399555638,3537.0730363294,Mid,-1,1,1
80353,0,0.0,78,0,7267.0,5400.0,16,0,3,0,0.0,1.345491575634142,2906.8,Senior,-1,1,1
80381,0,0.9999999,25,0,428.0,5400.0,2,0,0,0,2.0,0.079244584336234,171.79999994000002,Young,-1,1,0
80422,0,0.613251627,65,0,3038.0,5400.0,12,0,2,0,0.0,0.5624884280688761,1215.5679509762,Senior,-1,1,0
80462,0,0.472062365,35,0,5567.0,5400.0,9,0,2,0,0.0,1.030735049064988,2227.0832374190004,Mid,-1,1,0
80467,0,0.070430986,65,0,281.0,1.0,4,0,1,0,0.0,140.5,112.4422585916,Senior,-1,1,0
80472,0,0.843087588,64,0,2466.0,5400.0,4,1,1,0,0.0,0.4565821144232549,986.9058525528,Senior,-1,1,0
80477,0,0.61051498,37,2,3817.0,5400.0,13,0,3,0,1.0,0.7067209775967414,1527.166308988,Mid,-1,1,0
80481,0,0.9999999,43,1,2097.0,5400.0,7,0,1,0,0.0,0.3882614330679503,839.39999994,Mid,-1,1,0
80506,0,0.482126489,49,0,3417.0,5400.0,9,0,1,0,0.0,0.6326606184039992,1367.0892758934,Mid,-1,1,0
80516,0,0.073585283,26,0,20.0,1.0,1,0,0,0,0.0,10.0,8.0441511698,Young,-1,1,0
80529,0,0.08468561,46,0,2441.0,1.0,11,0,1,0,2.0,1220.5,976.450811366,Mid,-1,1,1
80532,0,0.70718739,53,0,3365.0,5400.0,11,0,2,0,0.0,0.6230327717089428,1346.424312434,Senior,-1,1,0
80540,0,0.36952501,53,0,3673.0,5400.0,11,0,1,0,1.0,0.6800592482873542,1469.421715006,Senior,-1,1,0
80552,0,0.278165675,43,0,3989.0,5400.0,11,0,2,0,0.0,0.7385669320496204,1595.7668994050002,Mid,-1,1,0
80563,0,0.813866006,63,0,2508.0,5400.0,4,0,2,0,0.0,0.4643584521384928,1003.6883196036,Senior,-1,1,0
80574,1,0.960151992,63,3,9237.0,5400.0,10,0,5,0,0.0,1.7102388446583965,3695.3760911952,Senior,-1,1,1
80593,0,0.60073244,59,1,3410.0,5400.0,7,0,2,0,3.0,0.6313645621181263,1364.360439464,Senior,-1,1,0
80650,0,0.001955469,47,0,5127.0,5400.0,4,0,2,0,1.0,0.9492686539529716,2050.8011732814,Mid,-1,1,0
80676,0,0.543524154,37,0,3538.0,5400.0,4,0,1,0,0.0,0.6550638770598037,1415.5261144924,Mid,-1,1,0
80677,0,0.911359055,46,0,4669.0,5400.0,10,0,1,1,0.0,0.8644695426772819,1868.146815433,Mid,-1,1,0
80682,0,0.38418164,63,0,2780.0,5400.0,10,1,2,0,1.0,0.5147194963895575,1112.230508984,Senior,-1,1,0
80696,0,0.068123581,86,0,4014.0,5400.0,13,0,2,0,0.0,0.7431957044991668,1605.6408741486002,Senior,-1,1,0
80715,0,0.528278026,65,0,2569.0,5400.0,8,0,1,0,0.0,0.475652656915386,1027.9169668156,Senior,-1,1,0
80731,0,0.434106374,56,0,5515.0,5400.0,5,0,1,0,0.0,1.0211072023699317,2206.2604638244,Senior,-1,1,0
80758,0,0.181672614,51,0,3924.0,5400.0,8,0,4,0,2.0,0.7265321236807999,1569.7090035684002,Senior,-1,1,0
80765,0,0.510375186,58,0,3973.0,5400.0,17,0,2,0,0.0,0.7356045176819107,1589.5062251116,Senior,-1,1,0
80766,0,0.9999999,46,1,1717.0,5400.0,3,0,2,0,1.0,0.3179040918348454,687.39999994,Mid,-1,1,0
80771,1,0.9999999,51,1,1557.0,5400.0,3,1,1,0,0.0,0.2882799481577485,623.39999994,Senior,-1,1,0
80786,0,0.025660979,41,0,6640.0,5400.0,13,0,4,0,3.0,1.2294019625995185,2656.0153965874,Mid,-1,1,1
80812,0,0.007916089,61,0,3699.0,5400.0,13,0,2,0,0.0,0.6848731716348825,1479.6047496534002,Senior,-1,1,0
80814,0,0.120288722,47,1,2072.5,1.0,18,0,2,0,3.0,1036.25,829.0721732332,Mid,-1,1,1
80859,0,0.92335888,30,1,726.0,5400.0,7,0,0,0,0.0,0.1344195519348268,290.954015328,Young,-1,1,0
80892,0,0.0,80,0,1955.0,5400.0,5,0,2,0,0.0,0.3619700055545269,782.0,Senior,-1,1,0
80941,0,0.043689245,63,0,7449.0,5400.0,11,0,5,0,1.0,1.3791890390668395,2979.6262135470006,Senior,-1,1,1
80965,0,0.9999999,95,0,460.0,5400.0,1,0,0,0,0.0,0.0851694130716533,184.59999994,Senior,-1,1,0
80971,0,0.22618252,55,0,3837.0,5400.0,11,0,3,0,0.0,0.7104239955563785,1534.935709512,Senior,-1,1,0
80994,0,0.721920991,57,0,2403.0,5400.0,4,0,1,0,0.0,0.4449176078503981,961.6331525946,Senior,-1,1,0
80996,0,0.56651242,71,0,3673.0,5400.0,10,0,2,0,0.0,0.6800592482873542,1469.539907452,Senior,-1,1,0
81046,0,0.027979093,58,1,3560.0,5400.0,10,0,1,0,0.0,0.6591371968154045,1424.0167874558,Senior,-1,1,0
81055,0,0.17279961,59,0,4686.0,5400.0,6,0,3,0,2.0,0.8676171079429735,1874.503679766,Senior,-1,1,0
81081,0,0.015626143,66,0,7131.0,5400.0,31,0,9,0,0.0,1.3203110535086096,2852.4093756858,Senior,-1,1,1
81138,1,0.354683531,43,1,2936.0,5400.0,8,0,3,0,1.0,0.5436030364747269,1174.6128101186,Mid,-1,1,0
81197,0,0.0,77,0,2006.0,5400.0,8,0,1,0,0.0,0.3714127013516015,802.4000000000001,Senior,-1,1,0
81206,0,0.462522008,79,0,1356.0,5400.0,7,0,1,0,0.0,0.2510646176633956,542.6775132048,Senior,-1,1,0
81214,0,0.242298837,54,0,3480.0,5400.0,12,0,2,0,0.0,0.6443251249768561,1392.1453793022,Senior,-1,1,0
81225,0,0.095675302,43,0,5837.0,5400.0,9,0,1,0,0.0,1.080725791520089,2334.8574051812,Mid,-1,1,0
81230,0,0.520271854,53,0,3317.0,5400.0,5,0,2,0,0.0,0.6141455286058137,1327.1121631124,Senior,-1,1,0
81236,0,0.0,33,0,2684.0,5400.0,5,0,2,0,0.0,0.4969450101832994,1073.6,Mid,-1,1,0
81282,0,0.966755761,63,0,4753.0,5400.0,10,0,2,0,3.0,0.8800222181077578,1901.7800534566,Senior,-1,1,0
81309,0,0.807349946,47,0,2857.0,5400.0,12,0,2,0,0.0,0.5289761155341604,1143.2844099676,Mid,-1,1,0
81323,0,0.001758484,53,0,3933.0,5400.0,10,0,2,0,0.0,0.7281984817626366,1573.2010550904,Senior,-1,1,0
81359,0,0.0,38,0,6426.0,5400.0,9,0,2,0,0.0,1.1897796704314016,2570.4,Mid,-1,1,0
81428,1,0.9999999,38,0,1950.0,5400.0,4,6,1,2,0.0,0.3610442510646177,780.59999994,Mid,-1,1,0
81429,0,0.056672218,43,0,4197.0,5400.0,6,0,2,0,0.0,0.7770783188298463,1678.8340033308002,Mid,-1,1,0
81438,0,0.13800119,57,0,3246.0,5400.0,9,0,1,0,0.0,0.600999814849102,1298.4828007140002,Senior,-1,1,0
81441,0,0.565543446,62,0,1269.0,1.0,4,0,1,0,0.0,634.5,507.9393260676,Senior,-1,1,1
81474,0,0.002322506,50,0,5278.0,5400.0,11,0,3,0,2.0,0.977226439548232,2111.2013935036,Mid,-1,1,0
81477,0,0.226717663,83,3,3466.0,5400.0,18,0,1,0,0.0,0.6417330124051102,1386.5360305978002,Senior,-1,1,0
81489,0,0.019356445,55,0,4914.0,5400.0,8,0,2,0,0.0,0.9098315126828364,1965.611613867,Senior,-1,1,0
81520,0,0.971495408,49,0,2705.0,5400.0,11,0,1,0,0.0,0.5008331790409184,1082.5828972448,Mid,-1,1,0
81555,0,0.95649323,39,0,7617.0,5400.0,13,0,1,0,0.0,1.410294389927791,3047.3738959380003,Mid,-1,1,1
81572,0,0.033750456,47,0,5898.0,5400.0,19,0,5,0,0.0,1.092019996296982,2359.2202502736004,Mid,-1,1,0
81575,0,0.0,32,1,2521.0,5400.0,6,0,1,0,0.0,0.466765413812257,1008.4,Mid,-1,1,0
81576,0,0.019548384,56,0,4717.0,5400.0,13,0,2,0,3.0,0.873356785780411,1886.8117290304,Senior,-1,1,0
81586,0,0.679788518,33,1,4498.0,5400.0,10,0,2,0,0.0,0.8328087391223847,1799.6078731108,Mid,-1,1,0
81605,0,0.984477769,27,1,944.0,5400.0,5,0,1,1,0.0,0.1747824476948713,378.1906866614,Young,-1,1,0
81612,0,0.147945253,65,0,3434.0,5400.0,11,0,3,0,1.0,0.6358081836696908,1373.6887671518002,Senior,-1,1,0
81613,0,0.532653822,65,0,3696.0,5400.0,11,0,2,0,0.0,0.6843177189409368,1478.7195922932,Senior,-1,1,0
81629,0,0.216489616,65,1,3291.0,5400.0,9,0,1,0,0.0,0.6093316052582856,1316.5298937696,Senior,-1,1,0
81630,0,0.088962728,46,0,4710.0,5400.0,9,0,2,0,2.0,0.8720607294945381,1884.0533776368,Mid,-1,1,0
81736,1,0.818181818,45,0,3348.0,5400.0,3,0,1,1,0.0,0.6198852064432513,1339.6909090908,Mid,-1,1,0
81755,0,0.175078618,58,0,987.0,1.0,24,0,1,0,0.0,493.5,394.9050471708,Senior,-1,1,1
81773,0,0.571872278,54,0,3609.0,5400.0,13,0,1,0,1.0,0.6682095908165154,1443.9431233668,Senior,-1,1,0
81791,0,0.9999999,52,0,2905.0,5400.0,13,0,4,0,0.0,0.5378633586372894,1162.59999994,Senior,-1,1,0
81794,0,0.221170511,52,0,4433.0,5400.0,8,0,2,0,0.0,0.8207739307535642,1773.3327023066,Senior,-1,1,0
81803,0,0.4955009,34,0,3411.0,5400.0,4,0,2,0,0.0,0.6315497130161082,1364.69730054,Mid,-1,1,0
81815,0,0.078520943,65,0,5984.0,5400.0,12,0,2,0,0.0,1.1079429735234216,2393.6471125658,Senior,-1,1,0
81833,0,0.074778219,66,1,3743.0,5400.0,21,0,3,0,0.0,0.693019811146084,1497.2448669314,Senior,-1,1,0
81841,0,0.886742172,27,2,702.0,5400.0,3,3,0,0,0.0,0.1299759303832623,281.3320453032,Young,-1,1,0
81848,0,0.714216867,61,0,4284.0,5400.0,23,0,2,0,0.0,0.7931864469542678,1714.0285301202002,Senior,-1,1,0
81879,1,0.889395888,53,5,18560.0,5400.0,16,0,4,1,1.0,3.436400666543233,7424.5336375328,Senior,-1,1,1
81889,0,0.139715754,48,0,1217.5,1.0,6,0,1,0,0.0,608.75,487.0838294524,Mid,-1,1,1
81892,0,0.933213357,60,0,3394.0,5400.0,7,0,2,0,0.0,0.6284021477504166,1358.1599280142002,Senior,-1,1,0
81920,0,0.133643318,63,0,3972.0,5400.0,3,0,1,0,0.0,0.7354193667839289,1588.8801859908,Senior,-1,1,0
81977,0,0.003999886,48,0,4371.0,5400.0,10,0,4,0,0.0,0.8092945750786892,1748.4023999316,Mid,-1,1,0
81978,0,0.025880831,53,0,4790.0,5400.0,4,0,3,0,0.0,0.8868728013330864,1916.0155284986,Senior,-1,1,0
82010,0,0.9999999,59,0,1723.0,5400.0,4,0,1,0,0.0,0.3190149972227365,689.79999994,Senior,-1,1,0
82011,0,0.162360047,75,0,3282.0,5400.0,5,0,2,0,0.0,0.6076652471764488,1312.8974160282005,Senior,-1,1,0
82018,0,0.526523674,57,1,3818.0,5400.0,3,0,1,0,0.0,0.7069061284947232,1527.5159142044,Senior,-1,1,0
82026,0,0.011573475,50,0,536.0,1.0,11,0,1,1,0.0,268.0,214.406944085,Mid,-1,1,0
82042,0,0.772713028,47,0,5386.0,5400.0,13,0,2,0,0.0,0.9972227365302722,2154.8636278168,Mid,-1,1,0
82048,0,0.029742342,54,0,5685.0,5400.0,14,0,3,0,0.0,1.0525828550268468,2274.0178454052,Senior,-1,1,0
82084,0,0.344384802,34,2,4282.0,5400.0,11,0,2,0,0.0,0.792816145158304,1713.0066308812002,Mid,-1,1,0
82095,0,0.9999999,83,0,2796.0,5400.0,2,0,1,0,0.0,0.5176819107572672,1118.9999999400002,Senior,-1,1,0
82182,0,0.75269022,23,0,823.0,5400.0,5,0,0,0,0.0,0.1523791890390668,329.651614132,Young,-1,1,0
82204,0,0.927565667,48,0,8278.0,5400.0,14,0,2,0,2.0,1.5326791334937977,3311.7565394002004,Mid,-1,1,1
82212,0,0.0174931,78,0,3123.0,5400.0,6,0,2,0,0.0,0.5782262543973338,1249.21049586,Senior,-1,1,0
82244,0,0.35450582,52,0,6215.0,5400.0,8,0,1,0,0.0,1.15071283095723,2486.212703492,Senior,-1,1,0
82247,0,0.0,61,0,6231.0,5400.0,11,0,4,0,0.0,1.15367524532494,2492.4,Senior,-1,1,0
82263,0,0.049008087,49,0,3788.0,5400.0,7,0,1,0,0.0,0.7013516015552675,1515.2294048522,Mid,-1,1,0
82270,0,0.979183711,40,4,2362.0,5400.0,7,0,1,0,3.0,0.437326421033142,945.3875102266,Mid,-1,1,0
82361,0,0.094314008,49,0,5126.0,5400.0,11,0,2,0,0.0,0.9490835030549898,2050.4565884048,Mid,-1,1,0
82384,0,0.887841144,46,0,6091.0,5400.0,10,0,2,0,3.0,1.12775411960748,2436.9327046864,Mid,-1,1,0
82385,0,0.471662598,73,0,2748.0,5400.0,7,0,2,0,0.0,0.5087946676541382,1099.4829975588,Senior,-1,1,0
82430,0,0.996657475,66,0,1354.0,5400.0,4,0,0,0,0.0,0.2506943158674319,542.197994485,Senior,-1,1,0
82448,0,0.0,49,0,3722.0,5400.0,9,0,2,0,0.0,0.6891316422884651,1488.8000000000002,Mid,-1,1,0
82457,0,0.006379237,49,0,4717.0,5400.0,14,0,2,0,0.0,0.873356785780411,1886.8038275422,Mid,-1,1,0
82459,1,0.310983679,43,0,3516.0,5400.0,9,0,2,0,0.0,0.650990557304203,1406.5865902074,Mid,-1,1,0
82474,1,0.801149959,74,1,4493.0,5400.0,14,0,1,0,0.0,0.8318829846324755,1797.6806899754,Senior,-1,1,0
82495,0,0.041371727,55,0,5170.0,5400.0,6,0,2,0,0.0,0.9572301425661914,2068.0248230362,Senior,-1,1,0
82499,0,0.048581049,62,0,196.0,1.0,6,0,1,0,0.0,98.0,78.4291486294,Senior,-1,1,0
82512,0,0.457436171,43,0,3006.0,5400.0,2,0,1,0,0.0,0.5565635993334568,1202.6744617026002,Mid,-1,1,0
82516,1,0.596827785,44,1,3972.0,5400.0,15,2,1,0,0.0,0.7354193667839289,1589.1580966710003,Mid,-1,1,0
82523,0,0.662133787,29,0,6791.0,5400.0,4,0,1,0,0.0,1.2573597481947787,2716.7972802722,Young,-1,1,1
82537,0,0.063294759,43,0,3472.0,5400.0,12,0,1,0,0.0,0.6428439177930013,1388.8379768554005,Mid,-1,1,0
82551,0,0.566694937,30,0,662.5,1.0,5,0,0,0,0.0,331.25,265.3400169622,Young,-1,1,1
82566,1,0.9999999,27,1,470.0,5400.0,2,0,0,2,0.0,0.0870209220514719,188.59999994,Young,-1,1,0
82582,0,0.051120156,64,0,3470.0,5400.0,11,0,1,0,0.0,0.6424736159970376,1388.0306720936,Senior,-1,1,0
82605,0,0.441769637,60,1,2851.0,5400.0,8,0,2,0,1.0,0.5278652101462692,1140.6650617822002,Senior,-1,1,0
82612,0,0.740615264,51,0,2949.0,5400.0,7,0,3,0,0.0,0.546009998148491,1180.0443691584,Senior,-1,1,0
82614,0,0.517800571,67,0,4221.0,5400.0,14,0,1,0,0.0,0.7815219403814109,1688.7106803426002,Senior,-1,1,0
82637,0,0.153329178,61,0,4133.0,5400.0,7,0,2,0,0.0,0.7652286613590076,1653.2919975068,Senior,-1,1,0
82650,0,0.428400942,57,0,3097.0,5400.0,13,0,2,0,0.0,0.5734123310498056,1239.0570405652002,Senior,-1,1,0
82667,0,0.573474438,47,0,5981.0,5400.0,13,0,2,0,0.0,1.107387520829476,2392.7440846628,Mid,-1,1,0
82702,0,0.9999999,56,0,4416.0,5400.0,3,0,1,0,0.0,0.8176263654878726,1766.9999999400002,Senior,-1,1,0
82729,0,0.625807768,55,0,4066.0,5400.0,5,0,2,0,0.0,0.7528235511942233,1626.7754846608002,Senior,-1,1,0
82755,0,0.0,84,0,2120.0,5400.0,4,0,1,0,0.0,0.392519903721533,848.0,Senior,-1,1,0
82782,0,0.117031116,93,0,0.021468041,47232.0,9,0,1,0,0.0,4.5451360277771897e-07,0.078805886,Senior,-1,1,1
82786,0,0.261911637,48,0,2415.0,1.0,14,0,2,0,0.0,1207.5,966.1571469822,Mid,-1,1,1
82790,0,0.286690995,41,2,2688.0,5400.0,10,0,2,0,0.0,0.4976856137752268,1075.372014597,Mid,-1,1,0
82806,0,0.227023424,62,0,3231.0,5400.0,8,0,1,0,0.0,0.5982225513793742,1292.5362140544,Senior,-1,1,0
82818,0,0.025995667,61,0,3471.0,5400.0,6,0,1,0,0.0,0.6426587668950194,1388.4155974002,Senior,-1,1,0
82839,0,0.0,72,0,2541.0,5400.0,15,0,1,0,0.0,0.470468431771894,1016.4,Senior,-1,1,0
82856,0,0.057762056,78,0,2208.0,5400.0,19,0,1,0,0.0,0.4088131827439363,883.2346572336,Senior,-1,1,0
82857,0,0.03710089,29,0,3185.0,5400.0,6,0,1,0,0.0,0.5897056100722089,1274.022260534,Young,-1,1,0
82863,0,0.038280252,56,0,3693.0,5400.0,11,0,2,0,0.0,0.6837622662469913,1477.2229681512,Senior,-1,1,0
82903,0,0.376303411,62,1,4191.0,5400.0,10,0,3,0,0.0,0.7759674134419552,1676.6257820466,Senior,-1,1,0
82912,0,0.66449342,32,0,561.0,1.0,10,0,0,0,2.0,280.5,224.798696052,Mid,-1,1,1
82913,1,0.459273622,52,1,3043.0,5400.0,11,0,2,0,1.0,0.5634141825587854,1217.4755641732002,Senior,-1,1,0
82948,1,0.924246588,44,1,3544.0,5400.0,11,0,1,0,1.0,0.6561747824476949,1418.1545479528002,Mid,-1,1,0
82958,0,0.695138241,61,0,2349.0,5400.0,14,0,1,0,0.0,0.4349194593593778,940.0170829446,Senior,-1,1,0
82966,0,0.0,61,0,9272.0,5400.0,7,0,2,0,0.0,1.7167191260877614,3708.8,Senior,-1,1,1
83019,0,0.3624004,61,0,3006.0,5400.0,14,0,1,0,0.0,0.5565635993334568,1202.6174402400002,Senior,-1,1,0
83021,1,0.884046381,55,0,3477.0,5400.0,7,0,3,0,4.0,0.6437696722829106,1391.3304278286002,Senior,-1,1,0
83023,0,0.721395766,68,0,3021.0,5400.0,10,0,1,0,0.0,0.5593408628031846,1208.8328374596,Senior,-1,1,0
83040,0,0.483101503,61,0,4034.0,5400.0,14,0,1,0,0.0,0.746898722458804,1613.8898609018,Senior,-1,1,0
83044,0,0.029268105,76,0,3622.0,5400.0,12,0,2,0,0.0,0.6706165524902796,1448.8175608630002,Senior,-1,1,0
83089,0,0.00921851,54,0,7846.0,5400.0,10,0,2,0,0.0,1.452693945565636,3138.405531106,Senior,-1,1,1
83116,0,0.701623357,30,0,2505.0,5400.0,5,0,1,0,1.0,0.4638029994445473,1002.4209740142,Young,-1,1,0
83141,0,0.06049879,41,0,3219.0,5400.0,6,0,1,0,0.0,0.5960007406035919,1287.636299274,Mid,-1,1,0
83147,0,0.973497871,70,0,3754.0,5400.0,19,0,1,0,0.0,0.6950564710238845,1502.1840987226,Senior,-1,1,0
83159,0,0.679813777,41,1,2075.0,5400.0,6,0,1,0,0.0,0.3841881133123496,830.4078882662,Mid,-1,1,0
83177,0,0.0,52,0,1092.0,1.0,12,0,1,0,0.0,546.0,436.8,Senior,-1,1,1
83180,0,0.403841285,46,0,2983.0,5400.0,10,0,2,0,4.0,0.5523051286798741,1193.442304771,Mid,-1,1,0
83191,0,0.882933235,58,0,2629.0,5400.0,19,0,1,0,0.0,0.4867617107942973,1052.1297599410002,Senior,-1,1,0
83194,0,0.125178558,33,0,3463.0,5400.0,6,0,2,0,0.0,0.6411775597111646,1385.2751071348,Mid,-1,1,0
83201,0,0.0,39,1,5169.0,5400.0,12,0,3,0,0.0,0.9570449916682096,2067.6,Mid,-1,1,0
83209,0,0.108317367,41,0,4060.0,5400.0,22,0,2,0,0.0,0.7517126458063321,1624.0649904202,Mid,-1,1,0
83237,0,0.744948678,62,0,3794.0,5400.0,15,0,2,0,1.0,0.7024625069431587,1518.0469692068002,Senior,-1,1,0
83283,0,0.542595752,60,0,4723.0,5400.0,26,0,1,0,0.0,0.8744676911683021,1889.5255574512,Senior,-1,1,0
83312,0,0.000824979,57,0,3567.0,5400.0,12,0,3,0,0.0,0.6604332531012775,1426.8004949874005,Senior,-1,1,0
83335,1,0.384795705,67,1,3834.0,5400.0,19,0,1,0,0.0,0.7098685428624328,1533.8308774230002,Senior,-1,1,0
83377,0,0.036210368,53,0,670.0,1.0,6,0,1,0,0.0,335.0,268.0217262208,Senior,-1,1,1
83394,1,0.516053609,48,6,3969.0,5400.0,10,3,4,1,0.0,0.7348639140899833,1587.9096321654,Mid,-1,1,0
83399,0,0.630636936,49,0,6391.0,5400.0,9,0,2,0,1.0,1.183299389002037,2556.7783821616,Mid,-1,1,0
83440,0,0.9999999,79,0,2886.0,5400.0,5,0,1,0,0.0,0.5343454915756342,1154.9999999400002,Senior,-1,1,0
83464,0,0.503069939,49,0,3164.0,5400.0,13,0,2,0,2.0,0.5858174412145899,1265.9018419634,Mid,-1,1,0
83474,0,0.958556066,35,0,928.0,5400.0,3,0,0,0,0.0,0.1718200333271616,371.7751336396,Mid,-1,1,0
83479,0,0.593253443,56,0,3757.0,5400.0,33,0,1,0,3.0,0.69561192371783,1503.1559520658002,Senior,-1,1,0
83498,0,0.176321019,36,0,4820.0,5400.0,15,0,2,0,0.0,0.8924273282725421,1928.1057926114,Mid,-1,1,0
83531,0,0.006543477,52,0,3265.0,5400.0,8,0,2,0,0.0,0.6045176819107573,1306.0039260862,Senior,-1,1,0
83577,0,0.156882202,58,1,7133.0,5400.0,21,0,2,0,0.0,1.320681355304573,2853.2941293212,Senior,-1,1,1
83597,0,0.057407508,53,0,4310.0,5400.0,14,0,1,0,0.0,0.7980003703017959,1724.0344445048,Senior,-1,1,0
83599,0,0.507818496,57,0,3496.0,5400.0,25,0,1,0,0.0,0.6472875393445658,1398.7046910976,Senior,-1,1,0
83657,1,0.9999999,29,1,534.0,5400.0,5,2,0,0,0.0,0.0988705795223106,214.19999994000003,Young,-1,1,0
83681,0,0.563505496,61,0,5267.0,5400.0,18,0,1,0,2.0,0.9751897796704314,2107.1381032976,Senior,-1,1,0
83700,0,0.0,30,0,3145.0,5400.0,13,0,2,0,0.0,0.5822995741529347,1258.0,Young,-1,1,0
83702,0,0.56741442,78,0,4335.0,5400.0,16,0,3,0,0.0,0.8026291427513423,1734.340448652,Senior,-1,1,0
83715,1,0.9999999,24,0,452.0,5400.0,3,0,0,2,0.0,0.0836882058877985,181.39999994,Young,-1,1,0
83765,0,0.023944001,38,0,3281.0,5400.0,9,0,3,0,0.0,0.607480096278467,1312.4143664006,Mid,-1,1,0
83780,0,0.342970148,36,0,3130.0,5400.0,4,0,1,0,0.0,0.5795223106832068,1252.2057820888,Mid,-1,1,0
83965,0,0.926965263,57,1,5465.0,5400.0,13,0,1,0,3.0,1.0118496574708389,2186.5561791578,Senior,-1,1,0
83983,0,0.9999999,60,1,4404.0,5400.0,4,0,2,0,0.0,0.8154045547120904,1762.1999999400002,Senior,-1,1,0
83988,0,0.576602994,37,0,2225.0,5400.0,8,0,0,0,0.0,0.4119607480096278,890.3459617964,Mid,-1,1,0
83993,0,0.540715007,32,0,6135.0,5400.0,17,0,7,0,1.0,1.1359007591186818,2454.3244290042,Mid,-1,1,0
83998,0,0.036737409,60,0,3867.0,5400.0,15,0,2,0,3.0,0.7159785224958342,1546.8220424454005,Senior,-1,1,0
84006,0,0.314735293,59,0,7384.0,5400.0,12,0,7,0,4.0,1.367154230698019,2953.7888411758004,Senior,-1,1,1
84010,1,0.945688651,51,1,4189.0,5400.0,6,0,1,1,4.0,0.7755971116459914,1676.1674131906002,Senior,-1,1,0
84048,0,0.749732162,33,0,2224.0,5400.0,10,0,2,0,0.0,0.411775597111646,890.0498392972,Mid,-1,1,0
84071,0,0.368449547,72,0,3072.0,5400.0,12,0,1,0,0.0,0.5687835586002592,1229.0210697282002,Senior,-1,1,0
84085,0,0.578193883,59,0,2745.0,5400.0,13,0,1,0,0.0,0.5082392149601925,1098.3469163298,Senior,-1,1,0
84101,0,0.9999999,70,0,1336.0,5400.0,4,0,1,0,0.0,0.2473615997037585,534.99999994,Senior,-1,1,0
84119,0,0.269761739,43,0,7254.0,5400.0,15,0,2,0,0.0,1.3430846139603778,2901.7618570434,Mid,-1,1,1
84125,0,0.007668052,48,0,4938.0,5400.0,11,0,2,0,0.0,0.914275134234401,1975.2046008312,Mid,-1,1,0
84136,0,0.9999999,50,2,2255.0,5400.0,3,1,1,0,0.0,0.4175152749490835,902.59999994,Mid,-1,1,0
84178,0,0.0,63,0,3365.0,5400.0,9,0,2,0,0.0,0.6230327717089428,1346.0,Senior,-1,1,0
84180,0,0.199312028,61,0,3276.0,5400.0,3,0,1,0,0.0,0.6065543417885577,1310.5195872168,Senior,-1,1,0
84198,1,0.790048826,30,1,3279.0,5400.0,6,2,1,0,0.0,0.6071097944825032,1312.0740292956002,Young,-1,1,0
84229,1,0.670240402,60,0,3653.0,5400.0,8,0,2,0,0.0,0.6763562303277171,1461.6021442412,Senior,-1,1,0
84252,0,0.040447978,52,0,4904.0,5400.0,7,0,2,0,0.0,0.907980003703018,1961.6242687868,Senior,-1,1,0
84262,0,0.9999999,30,0,1942.0,5400.0,4,0,1,0,1.0,0.3595630438807628,777.39999994,Young,-1,1,0
84264,0,0.037498125,42,0,467.5,1.0,7,0,1,0,2.0,233.75,187.022498875,Mid,-1,1,0
84269,1,0.835634339,33,0,3250.0,5400.0,10,0,1,0,0.0,0.6017404184410294,1300.5013806034,Mid,-1,1,0
84272,0,0.493744807,51,0,2632.0,5400.0,15,0,2,0,2.0,0.4873171634882429,1053.0962468842,Senior,-1,1,0
84273,0,0.008791163,61,0,3587.0,5400.0,20,0,3,0,0.0,0.6641362710609147,1434.8052746978,Senior,-1,1,0
84295,1,0.917297387,36,3,3452.0,5400.0,9,0,1,1,0.0,0.6391408998333642,1381.3503784322002,Mid,-1,1,0
84315,0,0.307017862,66,0,2671.0,5400.0,12,0,2,0,0.0,0.4945380485095352,1068.5842107172,Senior,-1,1,0
84340,0,0.120131421,36,1,2740.0,5400.0,17,0,1,0,1.0,0.5073134604702833,1096.0720788526,Mid,-1,1,0
84341,0,0.0280939,40,0,3660.0,5400.0,4,0,1,0,0.0,0.6776522866135901,1464.01685634,Mid,-1,1,0
84374,0,0.14507772,43,0,7560.0,5400.0,9,0,2,0,3.0,1.3997407887428257,3024.087046632,Mid,-1,1,1
84381,0,0.122832839,53,0,3351.0,5400.0,12,0,1,0,0.0,0.6204406591371968,1340.4736997034,Senior,-1,1,0
84392,0,0.002593397,47,1,3569.0,5400.0,9,0,2,0,0.0,0.6608035548972413,1427.6015560382002,Mid,-1,1,0
84405,0,0.0,49,0,4520.0,5400.0,4,0,3,0,0.0,0.8368820588779856,1808.0,Mid,-1,1,0
84407,0,0.0,42,0,3727.0,5400.0,9,0,2,0,0.0,0.6900573967783744,1490.8000000000002,Mid,-1,1,0
84417,0,0.155538028,46,0,3695.0,5400.0,15,0,3,0,3.0,0.684132568042955,1478.0933228168,Mid,-1,1,0
84433,0,0.07482574,58,0,3581.0,5400.0,8,0,1,0,0.0,0.6630253656730235,1432.4448954440002,Senior,-1,1,0
84434,0,0.109784128,55,0,5465.0,5400.0,9,0,2,0,0.0,1.0118496574708389,2186.0658704768,Senior,-1,1,0
84440,0,0.416989868,62,0,3232.0,5400.0,11,0,2,0,0.0,0.5984077022773561,1293.0501939208002,Senior,-1,1,0
84441,0,0.576986003,52,2,3164.0,5400.0,5,0,1,0,0.0,0.5858174412145899,1265.9461916018,Senior,-1,1,0
84446,0,0.055462969,80,0,134.5,1.0,7,0,0,0,0.0,67.25,53.83327778140001,Senior,-1,1,0
84450,0,0.503605279,69,0,3640.0,5400.0,9,0,2,0,0.0,0.673949268653953,1456.3021631674,Senior,-1,1,0
84486,0,0.462858362,54,0,3715.0,5400.0,14,0,2,0,5.0,0.6878355860025921,1486.2777150172,Senior,-1,1,0
84567,0,0.0,26,0,104.5,1.0,2,0,0,0,0.0,52.25,41.8,Young,-1,1,0
84580,0,0.632482525,48,0,4449.0,5400.0,6,0,1,0,2.0,0.8237363451212738,1779.979489515,Mid,-1,1,0
84611,0,0.968440121,59,0,7528.0,5400.0,11,0,2,0,0.0,1.393815960007406,3011.7810640726,Senior,-1,1,1
84629,0,0.888278101,33,1,2097.0,5400.0,8,0,1,0,2.0,0.3882614330679503,839.3329668606001,Mid,-1,1,0
84637,0,0.012347449,67,1,3373.0,5400.0,19,0,3,0,0.0,0.6245139788927976,1349.2074084694,Senior,-1,1,0
84669,0,0.449634253,53,1,5213.0,5400.0,11,0,2,0,2.0,0.9651916311794112,2085.4697805518003,Senior,-1,1,0
84736,1,0.0,28,1,3825.0,5400.0,8,0,4,0,0.0,0.7082021847805962,1530.0,Young,-1,1,0
84740,0,0.9999999,54,1,4396.5,1.0,5,0,2,0,2.0,2198.25,1759.1999999400002,Senior,-1,1,1
84748,0,0.153615399,51,0,4935.0,5400.0,7,0,2,0,3.0,0.9137196815404556,1974.0921692394,Senior,-1,1,0
84805,0,0.478229252,49,0,3412.0,5400.0,8,0,2,0,0.0,0.63173486391409,1365.0869375512002,Mid,-1,1,0
84809,0,0.284696837,44,0,3916.0,5400.0,11,0,1,0,3.0,0.725050916496945,1566.5708181022,Mid,-1,1,0
84816,0,0.368401003,38,0,1224.5,1.0,11,0,2,0,1.0,612.25,490.0210406018,Mid,-1,1,1
84850,0,0.988513346,56,3,3994.0,5400.0,18,0,1,0,0.0,0.7394926865395297,1598.1931080076,Senior,-1,1,0
84853,0,0.866863133,62,2,4229.0,5400.0,9,0,2,0,0.0,0.7830031475652657,1692.1201178798,Senior,-1,1,0
84880,1,0.917131321,43,5,2642.0,5400.0,5,2,1,0,0.0,0.4891686724680614,1057.3502787926,Mid,-1,1,0
84900,0,0.652394583,57,3,4656.0,5400.0,13,0,2,1,1.0,0.8620625810035178,1862.7914367498,Senior,-1,1,0
84922,0,0.418833272,60,0,8173.0,5400.0,8,0,3,0,1.0,1.5132382892057026,3269.4512999632,Senior,-1,1,1
84926,0,0.0,51,0,115.5,1.0,4,0,0,0,2.0,57.75,46.2,Senior,-1,1,0
84951,0,0.32630355,55,0,2864.0,5400.0,10,0,1,0,2.0,0.5302721718200333,1145.79578213,Senior,-1,1,0
84957,1,0.9999999,58,1,5210.0,5400.0,5,0,3,0,0.0,0.9646361784854656,2084.59999994,Senior,-1,1,0
84972,0,0.713821008,36,0,5201.0,5400.0,12,0,2,0,2.0,0.962969820403629,2080.8282926048,Mid,-1,1,0
84983,0,0.382355611,50,0,4360.0,5400.0,14,0,2,0,0.0,0.8072579152008887,1744.2294133666,Mid,-1,1,0
84989,0,0.130152928,39,0,2902.0,5400.0,3,0,1,0,0.0,0.5373079059433439,1160.8780917568,Mid,-1,1,0
85012,0,0.019666071,42,0,4067.0,5400.0,6,0,2,0,0.0,0.7530087020922052,1626.8117996426,Mid,-1,1,0
85023,0,0.224618912,63,0,4420.0,5400.0,14,0,2,0,0.0,0.8183669690798,1768.1347713472,Senior,-1,1,0
85026,0,0.956710288,58,0,3628.0,5400.0,10,0,0,0,0.0,0.6717274578781707,1451.7740261728,Senior,-1,1,0
85067,0,0.059040911,69,0,5381.0,5400.0,6,0,3,0,0.0,0.9962969820403628,2152.4354245466,Senior,-1,1,0
85093,0,0.348435431,75,0,2856.0,5400.0,12,0,1,0,0.0,0.5287909646361785,1142.6090612586,Senior,-1,1,0
85095,0,0.548651496,55,0,2767.0,5400.0,6,0,0,0,0.0,0.5123125347157934,1107.1291908976,Senior,-1,1,0
85099,0,0.057137519,67,0,5043.0,5400.0,10,0,3,0,0.0,0.933715978522496,2017.2342825114,Senior,-1,1,0
85111,0,0.9999999,61,0,1318.0,5400.0,4,0,1,0,0.0,0.2440288835400851,527.79999994,Senior,-1,1,0
85139,0,0.60887597,37,0,4881.0,5400.0,9,0,2,0,0.0,0.9037215330494353,1952.765325582,Mid,-1,1,0
85157,0,0.395654311,57,1,5074.0,5400.0,14,0,2,0,0.0,0.9394556563599332,2029.8373925866,Senior,-1,1,0
85178,0,0.439190974,40,0,2572.0,5400.0,4,1,1,0,2.0,0.4762081096093316,1029.0635145844,Mid,-1,1,0
85216,0,0.012708113,52,0,4438.0,5400.0,10,0,3,0,3.0,0.8216996852434735,1775.2076248678,Senior,-1,1,0
85247,0,0.9999999,48,2,2502.0,5400.0,2,0,1,0,0.0,0.4632475467506017,1001.39999994,Mid,-1,1,0
85282,0,0.3979607,63,0,3702.0,5400.0,12,0,2,0,0.0,0.685428624328828,1481.0387764200002,Senior,-1,1,0
85283,0,0.788487621,46,1,3114.0,5400.0,10,0,1,0,2.0,0.5765598963154971,1246.0730925726002,Mid,-1,1,0
85307,0,0.023518119,49,0,4393.0,5400.0,16,0,4,0,0.0,0.81336789483429,1757.2141108714,Mid,-1,1,0
85310,0,0.800066644,39,0,2125.0,5400.0,6,0,2,0,0.0,0.3934456582114423,850.4800399864,Mid,-1,1,0
85340,0,0.433724489,43,0,2398.0,5400.0,7,0,2,0,0.0,0.4439918533604888,959.4602346934,Mid,-1,1,0
85349,0,0.18229147,63,0,9929.0,5400.0,16,0,5,0,2.0,1.8383632660618403,3971.709374882,Senior,-1,1,1
85374,0,0.066060436,52,1,4815.0,5400.0,14,0,3,0,0.0,0.8915015737826328,1926.0396362616,Senior,-1,1,0
85376,0,0.9999999,36,0,986.0,5400.0,5,0,1,0,0.0,0.1825587854101092,394.99999994,Mid,-1,1,0
85407,0,0.9999999,52,0,1780.0,5400.0,2,2,1,0,0.0,0.3295685984077022,712.59999994,Senior,-1,1,0
85416,0,0.002189621,52,0,3530.0,5400.0,12,0,2,0,0.0,0.6535826698759489,1412.0013137726,Senior,-1,1,0
85484,0,0.9999999,67,0,892.0,5400.0,4,0,1,0,0.0,0.1651546009998148,357.39999994,Senior,-1,1,0
85492,0,0.668883962,58,0,2815.0,5400.0,7,0,1,0,0.0,0.5211997778189225,1126.4013303772,Senior,-1,1,0
85499,0,0.803576075,70,0,1305.0,5400.0,8,0,0,0,0.0,0.241621921866321,522.482145645,Senior,-1,1,0
85510,0,0.30298238,49,0,4897.0,5400.0,6,0,1,0,0.0,0.906683947417145,1958.981789428,Mid,-1,1,0
85541,0,0.377098146,79,0,4616.0,5400.0,15,0,4,0,0.0,0.8546565450842437,1846.6262588876,Senior,-1,1,0
85589,0,0.0,41,0,5888.0,5400.0,5,0,4,0,0.0,1.0901684873171635,2355.2000000000003,Mid,-1,1,0
85618,0,0.059375108,48,0,1329.5,1.0,4,0,2,0,1.0,664.75,531.8356250648001,Mid,-1,1,1
85622,0,0.041520349,59,0,980.0,1.0,16,0,2,0,0.0,490.0,392.0249122094,Senior,-1,1,1
85644,0,0.793600144,52,1,6623.0,5400.0,10,0,2,0,0.0,1.2262543973338271,2649.6761600864,Senior,-1,1,1
85654,0,0.938618926,68,0,3953.0,5400.0,8,0,3,0,0.0,0.7319014997222737,1581.7631713556,Senior,-1,1,0
85661,1,0.819966803,40,2,5656.0,5400.0,10,0,2,1,0.0,1.047213478985373,2262.8919800818003,Mid,-1,1,0
85671,1,0.9999999,85,1,784.0,5400.0,6,0,1,0,0.0,0.1451583040177745,314.19999994,Senior,-1,1,0
85682,0,0.129149902,52,0,4205.0,5400.0,8,0,1,0,3.0,0.7785595260137012,1682.0774899412,Senior,-1,1,0
85845,0,0.406572429,40,2,3325.0,5400.0,9,0,2,0,2.0,0.6156267357896685,1330.2439434574,Mid,-1,1,0
85864,0,0.801767543,67,0,2715.0,5400.0,11,0,2,0,0.0,0.5026846880207368,1086.4810605258,Senior,-1,1,0
85896,0,0.751761793,52,0,2335.0,5400.0,8,0,1,0,2.0,0.4323273467876319,934.4510570758,Senior,-1,1,0
85904,0,0.10619469,50,0,3916.0,5400.0,6,0,2,0,0.0,0.725050916496945,1566.463716814,Mid,-1,1,0
85916,0,0.914474511,75,0,4669.0,5400.0,7,0,1,0,0.0,0.8644695426772819,1868.1486847066,Senior,-1,1,0
85933,0,0.370976084,33,0,3648.0,5400.0,6,0,1,0,0.0,0.6754304758378078,1459.4225856504002,Mid,-1,1,0
85953,0,0.018335205,59,0,5533.0,5400.0,11,0,1,0,2.0,1.0244399185336048,2213.211001123,Senior,-1,1,0
85977,0,0.110775887,53,1,3381.0,5400.0,8,0,1,0,0.0,0.6259951860766525,1352.4664655322,Senior,-1,1,0
85986,0,0.134002395,78,0,3801.0,5400.0,23,0,4,0,0.0,0.7037585632290316,1520.4804014370002,Senior,-1,1,0
86004,0,0.084285879,41,0,5850.0,5400.0,9,0,2,0,2.0,1.083132753193853,2340.0505715274,Mid,-1,1,0
86021,0,0.848257926,43,0,2385.0,5400.0,5,0,1,0,2.0,0.4415848916867246,954.5089547556,Mid,-1,1,0
86063,0,0.168199097,61,0,3962.0,5400.0,7,0,2,0,2.0,0.7335678578041104,1584.9009194582002,Senior,-1,1,0
86080,0,0.111143148,71,0,3886.0,5400.0,24,0,3,0,0.0,0.7194963895574894,1554.4666858888002,Senior,-1,1,0
86100,0,0.0,60,0,12051.0,5400.0,18,0,6,0,0.0,2.231253471579337,4820.400000000001,Senior,-1,1,1
86113,1,0.9999999,44,0,1374.0,5400.0,1,1,1,0,4.0,0.2543973338270691,550.19999994,Mid,-1,1,0
86120,0,0.017393487,73,0,2706.0,5400.0,8,0,2,0,0.0,0.5010183299389002,1082.4104360922,Senior,-1,1,0
86131,0,0.005472089,50,0,4910.0,5400.0,7,0,2,0,0.0,0.9090909090909092,1964.0032832534,Mid,-1,1,0
86204,0,0.321483309,46,0,2888.0,5400.0,7,0,1,0,3.0,0.5347157933715978,1155.3928899854,Mid,-1,1,0
86211,0,0.97870213,72,0,1827.0,5400.0,8,0,1,0,0.0,0.3382706906128495,731.3872212780001,Senior,-1,1,0
86245,0,0.001714251,79,0,4128.0,5400.0,11,0,2,0,0.0,0.7643029068690983,1651.2010285506,Senior,-1,1,0
86283,0,0.546173125,55,0,4019.0,5400.0,14,0,2,0,0.0,0.7441214589890761,1607.927703875,Senior,-1,1,0
86288,0,0.041696391,69,1,5089.0,5400.0,11,0,3,0,0.0,0.9422329198296612,2035.6250178346,Senior,-1,1,0
86308,0,0.391419187,65,0,4464.0,5400.0,22,0,3,0,0.0,0.8265136085910016,1785.8348515122002,Senior,-1,1,0
86311,0,0.386454351,51,0,2914.0,5400.0,15,0,1,0,3.0,0.5395297167191261,1165.8318726106002,Senior,-1,1,0
86329,0,0.423443417,55,0,18062.0,5400.0,24,0,2,0,2.0,3.344195519348269,7225.0540660502,Senior,-1,1,1
86331,0,0.129644495,45,0,5564.0,5400.0,12,0,2,0,3.0,1.0301795963710425,2225.677786697,Mid,-1,1,0
86340,0,0.954021664,48,5,5399.0,5400.0,13,0,2,0,0.0,0.9996296982040362,2160.1724129984,Mid,-1,1,0
86343,0,0.285871413,40,0,160.5,1.0,8,0,0,0,4.0,80.25,64.37152284780001,Mid,-1,1,0
86373,0,0.047842101,73,0,5396.0,5400.0,8,0,2,0,0.0,0.9990742455100908,2158.4287052606,Senior,-1,1,0
86410,0,0.535362718,47,0,2614.0,5400.0,8,0,1,0,0.0,0.4839844473245695,1045.9212176308,Mid,-1,1,0
86412,0,0.9999999,49,0,3762.0,5400.0,3,0,3,0,0.0,0.6965376782077393,1505.3999999400005,Mid,-1,1,0
86414,0,0.234923462,45,1,4880.0,5400.0,14,0,2,0,0.0,0.9035363821514536,1952.1409540772,Mid,-1,1,0
86417,0,0.9999999,33,0,1457.0,5400.0,2,0,1,0,0.0,0.269764858359563,583.39999994,Mid,-1,1,0
86492,0,0.9999999,49,0,5370.0,5400.0,10,1,3,0,2.0,0.9942603221625624,2148.59999994,Mid,-1,1,0
86496,0,0.081451584,45,0,3753.0,5400.0,8,0,1,0,0.0,0.6948713201259026,1501.2488709504,Mid,-1,1,0
86505,0,0.043998483,73,0,2861.0,5400.0,10,0,3,0,0.0,0.5297167191260878,1144.4263990898,Senior,-1,1,0
86527,0,0.072545768,79,0,3549.0,5400.0,8,0,2,0,0.0,0.6571005369376042,1419.6435274608002,Senior,-1,1,0
86529,0,0.399390937,50,0,5954.0,5400.0,13,0,2,0,0.0,1.102388446583966,2381.8396345622,Mid,-1,1,0
86546,1,0.950512372,61,0,2574.0,5400.0,3,1,1,1,0.0,0.4765784114052953,1030.1703074232,Senior,-1,1,0
86568,0,0.350061059,56,1,6781.0,5400.0,12,0,4,0,0.0,1.25550823921496,2712.6100366354,Senior,-1,1,1
86602,1,0.822507663,57,3,3418.0,5400.0,14,0,2,0,0.0,0.6328457693019811,1367.6935045978,Senior,-1,1,0
86645,0,0.251780249,47,0,33409.0,5400.0,6,0,2,0,0.0,6.185706350675801,13363.7510681494,Mid,-1,1,1
86681,0,0.656697423,42,0,3068.0,5400.0,6,0,2,0,0.0,0.5680429550083318,1227.5940184538,Mid,-1,1,0
86711,0,0.207099973,54,0,645.0,1.0,23,0,0,0,0.0,322.5,258.1242599838,Senior,-1,1,1
86749,0,0.04486884,50,1,5429.0,5400.0,13,0,2,0,0.0,1.005184225143492,2171.626921304,Mid,-1,1,0
86775,0,0.185089647,45,0,4600.0,5400.0,12,0,1,0,0.0,0.851694130716534,1840.1110537882,Mid,-1,1,0
86806,0,0.792523952,37,0,1210.5,1.0,6,0,1,0,3.0,605.25,484.67551437120005,Mid,-1,1,1
86810,0,0.964456267,48,0,2756.0,5400.0,8,0,1,0,0.0,0.510275874837993,1102.9786737602,Mid,-1,1,0
86856,0,0.877336811,44,2,2428.0,5400.0,8,0,1,0,4.0,0.4495463802999445,971.7264020866,Mid,-1,1,0
86876,0,0.000615374,71,0,2797.0,5400.0,6,0,1,0,0.0,0.517867061655249,1118.8003692244,Senior,-1,1,0
86894,0,0.518888511,36,0,2992.0,5400.0,21,0,0,0,0.0,0.5539714867617108,1197.1113331066,Mid,-1,1,0
86896,0,0.143480849,49,0,3789.0,5400.0,18,0,4,0,0.0,0.7015367524532494,1515.6860885094002,Mid,-1,1,0
86931,0,0.555187517,66,1,3741.0,5400.0,17,0,3,0,1.0,0.6926495093501204,1496.7331125102,Senior,-1,1,0
86942,1,0.922155689,59,2,1967.0,5400.0,5,2,1,1,0.0,0.3641918163303092,787.3532934134,Senior,-1,1,0
86957,0,0.669296732,65,0,6942.0,5400.0,13,0,4,0,0.0,1.2853175337900389,2777.2015780392003,Senior,-1,1,1
86986,1,0.843332865,32,5,1618.0,5400.0,23,0,0,0,0.0,0.2995741529346417,647.705999719,Mid,-1,1,0
87039,0,0.707404986,64,1,2648.0,5400.0,12,0,2,0,0.0,0.4902795778559526,1059.6244429916,Senior,-1,1,0
87057,0,0.890748342,66,0,3239.0,5400.0,7,1,3,0,0.0,0.599703758563229,1296.1344490052002,Senior,-1,1,0
87182,0,0.420231682,50,0,3877.0,5400.0,14,0,3,0,0.0,0.7178300314756526,1551.0521390092,Mid,-1,1,0
87198,0,0.459261335,48,0,4640.0,5400.0,9,0,2,0,0.0,0.8591001666358082,1856.275556801,Mid,-1,1,0
87205,0,0.014468533,82,0,4388.0,5400.0,25,0,2,0,0.0,0.8124421403443807,1755.2086811198,Senior,-1,1,0
87221,0,0.682048916,62,1,2894.0,5400.0,9,0,2,0,0.0,0.535826698759489,1158.0092293496002,Senior,-1,1,0
87250,0,0.676832871,44,0,2731.0,5400.0,7,0,1,0,0.0,0.5056471023884466,1092.8060997226,Mid,-1,1,0
87254,0,0.811718375,62,1,3949.0,5400.0,21,0,1,0,0.0,0.7311608961303462,1580.0870310250002,Senior,-1,1,0
87266,0,0.931406622,67,0,1623.0,5400.0,7,0,1,0,0.0,0.300499907424551,649.7588439732001,Senior,-1,1,0
87281,0,0.069695648,30,0,2395.0,5400.0,7,0,1,0,0.0,0.4434364006665432,958.0418173888,Young,-1,1,0
87284,0,0.054142357,46,0,4407.0,5400.0,14,0,3,0,0.0,0.8159600074060359,1762.8324854142002,Mid,-1,1,0
87286,0,0.110291309,46,0,3875.0,5400.0,16,0,2,0,0.0,0.717459729679689,1550.0661747854,Mid,-1,1,0
87292,0,0.0,50,0,3742.0,5400.0,8,0,2,0,3.0,0.6928346602481023,1496.8000000000002,Mid,-1,1,0
87328,0,0.812574912,52,0,2483.0,5400.0,11,0,1,0,0.0,0.4597296796889465,993.6875449472,Senior,-1,1,0
87374,0,0.680149015,40,1,3949.0,5400.0,8,0,2,0,2.0,0.7311608961303462,1580.008089409,Mid,-1,1,0
87425,0,0.000165603,54,0,4158.0,5400.0,16,0,3,0,0.0,0.769857433808554,1663.2000993618,Senior,-1,1,0
87432,0,0.285104419,69,0,3434.0,5400.0,9,0,1,0,0.0,0.6358081836696908,1373.7710626514,Senior,-1,1,0
87441,1,0.9999999,31,0,645.0,5400.0,6,0,0,0,1.0,0.1194223291982966,258.59999994,Mid,-1,1,0
87447,0,0.16825804,56,0,4051.0,5400.0,7,0,4,0,0.0,0.7500462877244954,1620.500954824,Senior,-1,1,0
87453,0,0.16837375,33,0,2926.0,5400.0,6,0,1,0,0.0,0.5417515274949084,1170.50102425,Mid,-1,1,0
87457,0,0.066580175,78,1,3156.0,5400.0,17,0,3,0,0.0,0.5843362340307351,1262.439948105,Senior,-1,1,0
87489,0,0.9999999,73,0,887.0,5400.0,3,0,1,0,0.0,0.1642288465099055,355.39999994,Senior,-1,1,0
87544,0,0.289182506,46,0,3133.0,5400.0,6,0,2,0,0.0,0.5800777633771523,1253.3735095036,Mid,-1,1,0
87561,0,0.9999999,24,0,716.0,5400.0,3,0,0,0,1.0,0.1325680429550083,286.99999994,Young,-1,1,0
87574,0,0.279614354,69,0,3034.0,5400.0,14,0,1,0,0.0,0.5617478244769487,1213.7677686124002,Senior,-1,1,0
87593,0,0.876279734,42,1,8021.0,5400.0,5,0,2,0,0.0,1.4850953527124606,3208.9257678404,Mid,-1,1,1
87597,0,0.923803018,35,0,4577.0,5400.0,13,0,2,0,0.0,0.8474356600629513,1831.3542818108,Mid,-1,1,0
87616,0,0.22593736,35,0,3520.0,5400.0,10,0,2,0,0.0,0.6517311608961304,1408.135562416,Mid,-1,1,0
87623,0,0.9999999,57,0,1809.0,5400.0,3,0,2,0,0.0,0.334937974449176,724.19999994,Senior,-1,1,0
87633,0,0.002222099,39,0,3379.0,5400.0,7,0,2,0,0.0,0.6256248842806887,1351.6013332594002,Mid,-1,1,0
87677,0,0.141115245,63,0,3717.0,5400.0,9,0,2,0,0.0,0.6882058877985558,1486.8846691470003,Senior,-1,1,0
87719,0,0.529216848,64,0,4235.0,5400.0,21,0,1,0,1.0,0.7841140529531568,1694.3175301088,Senior,-1,1,0
87721,0,0.106813092,40,0,4122.0,5400.0,10,0,2,0,0.0,0.7631920014812071,1648.8640878552,Mid,-1,1,0
87765,0,0.004458457,40,0,3373.0,5400.0,6,0,3,0,0.0,0.6245139788927976,1349.2026750742,Mid,-1,1,0
87775,0,0.293765008,67,0,2682.0,5400.0,8,0,2,0,0.0,0.4965747083873357,1072.9762590048,Senior,-1,1,0
87788,0,0.645522075,47,0,4362.0,5400.0,25,1,3,0,0.0,0.8076282169968524,1745.1873132450005,Mid,-1,1,0
87849,0,0.955881462,46,0,5320.0,5400.0,8,1,2,0,0.0,0.9850027772634696,2128.5735288772,Mid,-1,1,0
87863,0,0.914214482,58,0,4126.0,5400.0,10,0,2,0,0.0,0.7639326050731347,1650.9485286892002,Senior,-1,1,0
87870,0,0.14507513,36,0,4962.0,5400.0,9,0,4,0,0.0,0.9187187557859656,1984.8870450780005,Mid,-1,1,0
87924,0,0.459985512,51,0,2620.0,5400.0,14,0,1,0,1.0,0.4850953527124607,1048.2759913072,Senior,-1,1,0
87925,0,0.943891013,65,0,612.5,1.0,10,0,0,0,0.0,306.25,245.5663346078,Senior,-1,1,1
87930,0,0.9999999,34,0,1742.0,5400.0,4,0,2,0,0.0,0.3225328642843917,697.39999994,Mid,-1,1,0
87948,0,0.529589104,53,0,3221.0,5400.0,18,0,1,0,0.0,0.5963710423995556,1288.7177534624002,Senior,-1,1,0
87952,1,0.017009959,48,0,9822.0,5400.0,16,0,7,0,0.0,1.818552119977782,3928.8102059754,Mid,-1,1,1
87971,1,0.964553511,30,1,753.0,5400.0,6,0,0,1,0.0,0.1394186261803369,301.7787321066,Young,-1,1,0
87977,0,0.039096506,42,2,3541.0,5400.0,11,0,2,0,0.0,0.6556193297537493,1416.4234579036,Mid,-1,1,0
87988,0,0.0,46,1,3249.0,5400.0,11,0,3,0,0.0,0.6015552675430476,1299.6,Mid,-1,1,0
88006,1,0.897001304,28,2,773.0,5400.0,4,2,0,0,0.0,0.143121644139974,309.73820078240004,Young,-1,1,0
88033,1,0.963394508,48,2,4519.0,5400.0,9,0,2,0,1.0,0.8366969079800037,1808.1780367048,Mid,-1,1,0
88046,0,0.914379204,88,0,332.0,5400.0,7,0,0,0,0.0,0.0614700981299759,133.34862752240002,Senior,-1,1,0
88058,0,0.380152128,61,0,8268.0,5400.0,25,0,7,0,0.0,1.530827624513979,3307.4280912768004,Senior,-1,1,1
88093,0,0.0,41,0,3372.0,5400.0,8,0,1,0,0.0,0.6243288279948158,1348.8000000000002,Mid,-1,1,0
88101,0,0.426692473,61,0,3542.0,5400.0,12,0,2,0,1.0,0.6558044806517311,1417.0560154838,Senior,-1,1,0
88111,0,0.037408743,57,1,3849.0,5400.0,9,0,2,0,0.0,0.7126458063321607,1539.6224452458002,Senior,-1,1,0
88132,0,0.804309448,51,0,3099.0,5400.0,10,0,1,0,3.0,0.5737826328457692,1240.0825856688002,Senior,-1,1,0
88166,0,0.14782554,65,0,3478.0,5400.0,11,0,3,0,0.0,0.6439548231808925,1391.288695324,Senior,-1,1,0
88196,0,0.021194378,74,0,2683.0,5400.0,15,0,1,0,0.0,0.4967598592853175,1073.2127166268,Senior,-1,1,0
88226,0,0.304455689,56,0,3487.0,5400.0,14,0,1,0,1.0,0.6456211812627292,1394.9826734134,Senior,-1,1,0
88292,1,0.944447874,72,1,2970.0,5400.0,8,0,2,0,1.0,0.5498981670061099,1188.5666687244,Senior,-1,1,0
88314,0,0.415354462,60,0,5647.0,5400.0,12,0,2,0,2.0,1.0455471209035363,2259.0492126772,Senior,-1,1,0
88340,0,0.0,33,0,2887.0,5400.0,5,0,1,0,0.0,0.534530642473616,1154.8,Mid,-1,1,0
88349,0,0.090818941,53,0,4507.0,5400.0,10,0,2,0,0.0,0.8344750972042214,1802.8544913646,Senior,-1,1,0
88354,0,0.206859652,45,0,6879.0,5400.0,9,0,3,0,0.0,1.273653027217182,2751.7241157912003,Mid,-1,1,1
88398,0,0.073844801,39,0,3503.0,5400.0,8,0,1,0,0.0,0.6485835956304388,1401.2443068806,Mid,-1,1,0
88408,0,0.636017333,54,0,3318.0,5400.0,15,0,2,0,0.0,0.6143306795037956,1327.5816103998,Senior,-1,1,0
88418,0,0.0,60,0,4463.0,5400.0,8,0,2,0,0.0,0.8263284576930198,1785.2,Senior,-1,1,0
88419,0,0.868832109,80,0,1791.0,5400.0,5,0,0,0,0.0,0.3316052582855027,716.9212992654001,Senior,-1,1,0
88440,0,0.269674206,39,0,2596.0,5400.0,8,0,1,0,0.0,0.4806517311608961,1038.5618045236,Mid,-1,1,0
88463,0,0.529387002,58,0,2661.0,5400.0,9,0,1,0,2.0,0.4926865395297167,1064.7176322012,Senior,-1,1,0
88475,0,0.027770635,35,0,3594.0,5400.0,3,0,1,0,0.0,0.6654323273467876,1437.6166623810002,Mid,-1,1,0
88481,0,0.504564959,39,0,2711.0,5400.0,9,0,2,0,0.0,0.5019440844288094,1084.7027389754,Mid,-1,1,0
88484,0,0.9999999,68,0,1681.0,5400.0,2,0,1,0,0.0,0.3112386595074986,672.9999999400001,Senior,-1,1,0
88531,0,0.0,49,0,3533.0,5400.0,8,0,2,0,2.0,0.6541381225698945,1413.2,Mid,-1,1,0
88534,0,0.918180988,71,0,2362.0,5400.0,16,0,1,0,0.0,0.437326421033142,945.3509085928,Senior,-1,1,0
88535,0,0.99349476,37,0,1771.0,5400.0,8,1,1,0,0.0,0.3279022403258655,708.9960968560001,Mid,-1,1,0
88536,0,0.068830827,59,0,152.5,1.0,11,0,0,0,0.0,76.25,61.0412984962,Senior,-1,1,0
88602,0,0.328233588,55,0,3223.0,5400.0,8,0,2,0,0.0,0.5967413441955194,1289.3969401528,Senior,-1,1,0
88604,0,0.434292932,40,0,5493.0,5400.0,10,0,2,0,3.0,1.0170338826143306,2197.4605757592003,Mid,-1,1,0
88614,0,0.539589861,63,1,5011.0,5400.0,30,0,2,0,1.0,0.9277911497870764,2004.7237539166,Senior,-1,1,0
88640,0,0.832137781,48,0,2337.0,5400.0,10,0,1,0,1.0,0.4326976485835956,935.2992826686,Mid,-1,1,0
88676,0,0.810152672,41,1,2380.0,5400.0,6,0,1,0,3.0,0.4406591371968154,952.4860916032,Mid,-1,1,0
88710,1,0.002307396,37,0,8956.0,5400.0,7,0,2,0,0.0,1.6582114423254952,3582.4013844376,Mid,-1,1,1
88759,0,0.028768346,63,0,4079.0,5400.0,9,0,1,0,0.0,0.7552305128679874,1631.6172610076,Senior,-1,1,0
88761,0,0.9999999,63,0,2234.0,5400.0,3,0,1,0,0.0,0.4136271060914645,894.19999994,Senior,-1,1,0
88774,0,0.428936678,41,0,4129.0,5400.0,10,0,2,0,0.0,0.7644880577670802,1651.8573620068,Mid,-1,1,0
88794,0,0.345526095,62,0,80.0,1.0,9,0,0,0,0.0,40.0,32.207315657,Senior,-1,1,0
88795,0,0.982551799,57,1,1424.0,5400.0,4,0,1,0,0.0,0.2636548787261618,570.1895310794,Senior,-1,1,0
88802,0,0.298527128,67,2,2726.0,5400.0,8,0,2,0,0.0,0.5047213478985373,1090.5791162768,Senior,-1,1,0
88813,0,0.056691872,40,0,3010.0,5400.0,6,0,2,0,0.0,0.5573042029253842,1204.0340151232,Mid,-1,1,0
88822,0,0.129788434,53,0,4822.0,5400.0,6,0,2,0,0.0,0.8927976300685059,1928.8778730604,Senior,-1,1,0
88836,0,0.9999999,65,0,2413.0,5400.0,7,0,1,0,0.0,0.4467691168302166,965.79999994,Senior,-1,1,0
88841,0,0.671001146,51,0,3779.0,5400.0,7,1,2,0,0.0,0.6996852434734309,1512.0026006876,Senior,-1,1,0
88850,0,0.68320576,46,0,2680.0,5400.0,14,0,1,0,2.0,0.496204406591372,1072.409923456,Mid,-1,1,0
88860,0,0.9999999,28,0,524.0,5400.0,2,0,0,0,0.0,0.0970190705424921,210.19999994000003,Young,-1,1,0
88862,0,0.790695704,46,0,3148.0,5400.0,13,0,2,0,2.0,0.5828550268468802,1259.6744174224,Mid,-1,1,0
88863,0,0.9999999,51,0,2394.0,5400.0,6,0,1,0,1.0,0.4432512497685614,958.19999994,Senior,-1,1,0
88865,0,0.606859829,42,2,3745.0,5400.0,9,0,1,0,2.0,0.6933901129420478,1498.3641158974,Mid,-1,1,0
88874,1,0.962732919,67,1,1245.0,5400.0,15,0,0,0,0.0,0.2305128679874097,498.5776397514,Senior,-1,1,0
88885,0,0.647970521,82,0,1746.0,5400.0,25,0,0,0,0.0,0.3232734678763192,698.7887823126001,Senior,-1,1,0
88889,0,0.001483338,63,0,4105.0,5400.0,11,0,3,0,0.0,0.7600444362155157,1642.0008900028,Senior,-1,1,0
88900,0,0.398967291,68,0,3536.0,5400.0,19,0,1,0,0.0,0.65469357526384,1414.6393803746,Senior,-1,1,0
88916,1,0.873189023,42,0,2644.0,5400.0,10,0,1,0,2.0,0.4895389742640252,1058.1239134138002,Mid,-1,1,0
88927,0,0.9999999,57,0,2616.0,5400.0,6,0,2,0,0.0,0.4843547491205332,1046.9999999400002,Senior,-1,1,0
88996,0,0.173760875,52,0,3948.0,5400.0,6,0,2,0,4.0,0.7309757452323644,1579.304256525,Senior,-1,1,0
89014,0,0.339819649,57,1,2984.0,5400.0,10,0,1,0,2.0,0.5524902795778559,1193.8038917894,Senior,-1,1,0
89045,0,0.129782284,43,0,3674.0,5400.0,10,0,2,0,0.0,0.6802443991853361,1469.6778693704002,Mid,-1,1,0
89099,0,0.456855763,39,0,2319.0,5400.0,8,0,2,0,0.0,0.4293649324199222,927.8741134578,Mid,-1,1,0
89131,0,0.9999999,33,0,5395.0,5400.0,4,0,1,0,0.0,0.9988890946121088,2158.59999994,Mid,-1,1,0
89148,0,0.173030429,72,1,2977.0,5400.0,14,0,2,0,0.0,0.551194223291983,1190.9038182574,Senior,-1,1,0
89178,0,0.9999999,43,1,2040.0,5400.0,3,0,1,0,0.0,0.3777078318829846,816.59999994,Mid,-1,1,0
89237,0,0.0,59,0,3378.0,5400.0,13,0,2,0,0.0,0.6254397333827069,1351.2,Senior,-1,1,0
89250,0,0.066883803,45,0,7567.0,5400.0,11,0,5,0,2.0,1.4010368450286983,3026.8401302818,Mid,-1,1,1
89255,0,0.139587357,37,0,5107.0,5400.0,11,0,1,0,5.0,0.9455656359933344,2042.8837524142,Mid,-1,1,0
89260,0,0.461482518,33,0,4926.0,5400.0,7,0,1,0,2.0,0.9120533234586188,1970.6768895108,Mid,-1,1,0
89264,1,0.921282799,22,0,1141.0,5400.0,14,0,0,0,0.0,0.2112571745972968,456.9527696794,Young,-1,1,0
89267,0,0.625307595,77,0,1952.0,5400.0,9,0,0,0,0.0,0.3614145528605814,781.1751845570001,Senior,-1,1,0
89294,0,0.523778855,39,0,2720.0,5400.0,6,0,2,0,0.0,0.5036104425106461,1088.314267313,Mid,-1,1,0
89300,0,0.003714073,55,0,3258.0,5400.0,5,0,2,0,0.0,0.6032216256248842,1303.2022284438,Senior,-1,1,0
89316,0,0.9999999,43,0,3483.0,5400.0,1,0,1,0,1.0,0.6448805776708018,1393.79999994,Mid,-1,1,0
89368,1,0.657352022,52,1,3566.0,5400.0,7,0,3,0,0.0,0.6602481022032957,1426.7944112132002,Senior,-1,1,0
89375,1,0.954048887,48,1,1549.0,5400.0,21,0,0,1,0.0,0.2867987409738937,620.1724293322001,Mid,-1,1,0
89455,0,0.237655247,65,0,4007.0,5400.0,6,0,2,0,0.0,0.7418996482132938,1602.9425931482,Senior,-1,1,0
89456,0,0.9999999,35,0,2262.0,5400.0,8,0,2,0,1.0,0.4188113312349565,905.39999994,Mid,-1,1,0
89460,0,0.9999999,61,0,2382.0,5400.0,7,0,3,0,0.0,0.4410294389927791,953.39999994,Senior,-1,1,0
89510,0,0.553055394,57,0,4144.0,5400.0,17,0,2,0,1.0,0.767265321236808,1657.9318332364,Senior,-1,1,0
89546,0,0.014345194,48,0,9256.0,5400.0,9,0,6,0,0.0,1.7137567117200518,3702.4086071164,Mid,-1,1,1
89552,0,0.231158308,34,0,3746.0,5400.0,10,0,3,0,2.0,0.6935752638400297,1498.5386949848,Mid,-1,1,0
89561,0,0.614795068,33,0,147.6666667,2.0,3,0,0,0,2.0,49.22222223333333,59.435543720800005,Mid,-1,1,0
89567,0,0.1918831,36,1,3383.0,5400.0,14,0,2,0,3.0,0.6263654878726161,1353.31512986,Mid,-1,1,0
89575,1,0.9999999,36,0,963.0,5400.0,2,0,0,0,0.0,0.1783003147565265,385.79999994,Mid,-1,1,0
89593,0,0.298922365,42,0,4861.0,5400.0,11,0,3,0,0.0,0.9000185150897981,1944.579353419,Mid,-1,1,0
89648,0,0.183007395,62,0,3534.0,5400.0,9,0,4,0,0.0,0.6543232734678763,1413.7098044370002,Senior,-1,1,0
89657,0,0.600340998,48,1,3146.0,5400.0,8,0,2,0,0.0,0.5824847250509165,1258.7602045988,Mid,-1,1,0
89665,0,0.598006645,53,1,3989.0,5400.0,4,0,1,0,0.0,0.7385669320496204,1595.9588039870002,Senior,-1,1,0
89685,0,0.002456468,66,0,4032.0,5400.0,9,0,1,0,0.0,0.7465284206628402,1612.8014738808,Senior,-1,1,0
89708,0,0.221141116,64,1,2973.0,5400.0,18,0,2,0,0.0,0.5504536197000556,1189.3326846696,Senior,-1,1,0
89715,1,0.9999999,57,1,4042.0,5400.0,4,0,2,0,0.0,0.7483799296426588,1617.3999999400005,Senior,-1,1,0
89724,0,0.00739319,63,0,6006.0,5400.0,11,0,3,0,0.0,1.1120162932790223,2402.4044359140003,Senior,-1,1,0
89726,0,0.039543657,64,0,4716.0,5400.0,16,0,2,0,0.0,0.8731716348824292,1886.4237261942,Senior,-1,1,0
89751,0,0.921683305,76,0,1017.0,5400.0,6,0,0,0,1.0,0.1882984632475467,407.353009983,Senior,-1,1,0
89795,0,0.22910397,36,1,2687.0,5400.0,11,0,2,0,0.0,0.497500462877245,1074.937462382,Mid,-1,1,0
89803,0,0.157911397,59,0,3476.0,5400.0,9,0,1,0,0.0,0.6435845213849287,1390.4947468382002,Senior,-1,1,0
89840,0,0.970233307,70,0,4144.0,5400.0,12,0,1,0,0.0,0.767265321236808,1658.1821399842,Senior,-1,1,0
89852,0,0.202990773,36,0,3593.0,5400.0,9,0,1,0,0.0,0.6652471764488058,1437.3217944638,Mid,-1,1,0
89881,0,0.9999999,51,0,4717.0,5400.0,13,0,3,0,2.0,0.873356785780411,1887.3999999400005,Senior,-1,1,0
89892,0,0.078880806,38,0,4028.0,5400.0,10,0,4,0,0.0,0.7457878170709128,1611.2473284836,Mid,-1,1,0
89932,0,0.067814831,45,0,5267.0,5400.0,13,0,3,0,0.0,0.9751897796704314,2106.8406888986,Mid,-1,1,0
89935,0,0.9999999,54,0,3377.0,5400.0,9,0,1,0,0.0,0.6252545824847251,1351.3999999400005,Senior,-1,1,0
89940,0,0.874334911,49,4,2146.0,5400.0,9,4,1,0,0.0,0.3973338270690613,858.9246009466001,Mid,-1,1,0
89972,0,0.008959581,36,0,6426.0,5400.0,20,0,2,0,3.0,1.1897796704314016,2570.4053757486,Mid,-1,1,0
89985,0,0.003628063,69,2,7037.0,5400.0,13,0,3,1,0.0,1.3029068690983152,2814.8021768378003,Senior,-1,1,1
89987,0,0.9999999,64,0,1992.0,5400.0,2,0,1,0,0.0,0.3688205887798556,797.39999994,Senior,-1,1,0
89999,0,0.524195511,71,0,5304.0,5400.0,20,0,3,0,0.0,0.98204036289576,2121.9145173066,Senior,-1,1,0
90031,0,0.032594176,77,2,3852.0,5400.0,17,0,12,0,0.0,0.7132012590261063,1540.8195565056,Senior,-1,1,0
90037,0,0.0,50,0,5732.0,5400.0,16,0,5,0,0.0,1.061284947231994,2292.8,Mid,-1,1,0
90054,0,0.9999999,69,0,851.0,5400.0,2,0,1,0,0.0,0.1575634141825588,340.99999994,Senior,-1,1,0
90059,0,0.0,61,0,4011.0,5400.0,13,0,1,0,0.0,0.7426402518052213,1604.4,Senior,-1,1,0
90067,1,0.022931297,48,0,4517.0,5400.0,6,0,2,0,2.0,0.83632660618404,1806.8137587782005,Mid,-1,1,0
90079,0,0.9999999,39,1,1388.0,5400.0,3,0,1,0,0.0,0.256989446398815,555.79999994,Mid,-1,1,0
90126,0,0.11295292,58,0,1875.0,1.0,8,0,2,0,0.0,937.5,750.067771752,Senior,-1,1,1
90146,0,0.035975131,44,0,3255.0,5400.0,7,0,3,0,0.0,0.6026661729309387,1302.0215850786,Mid,-1,1,0
90177,0,0.261580381,48,0,3680.0,5400.0,6,0,1,0,2.0,0.6813553045732271,1472.1569482286,Mid,-1,1,0
90200,1,0.0,35,0,3295.0,5400.0,9,0,3,0,2.0,0.610072208850213,1318.0,Mid,-1,1,0
90212,0,0.589271314,65,0,4423.0,5400.0,13,0,2,0,0.0,0.8189224217737456,1769.5535627884,Senior,-1,1,0
90259,0,0.9999999,51,0,1911.0,5400.0,5,0,1,0,3.0,0.3538233660433253,764.9999999400001,Senior,-1,1,0
90305,0,0.011027801,67,0,4487.0,5400.0,16,0,2,0,0.0,0.8307720792445843,1794.8066166806002,Senior,-1,1,0
90324,0,0.125476363,56,0,4125.0,5400.0,5,0,2,0,0.0,0.7637474541751528,1650.0752858178,Senior,-1,1,0
90331,0,0.0,69,0,3244.0,5400.0,12,0,3,0,0.0,0.6006295130531383,1297.6,Senior,-1,1,0
90355,0,0.9999999,23,0,285.0,5400.0,1,0,0,0,0.0,0.0527680059248287,114.59999994,Young,-1,1,0
90383,1,0.564434815,29,0,6303.0,5400.0,10,0,3,0,0.0,1.1670061099796334,2521.5386608890003,Young,-1,1,0
90439,0,0.869181477,57,2,8494.0,5400.0,18,0,4,0,0.0,1.572671727457878,3398.1215088862004,Senior,-1,1,1
90466,0,0.808957423,46,5,4113.0,5400.0,8,0,1,1,0.0,0.7615256433993705,1645.6853744538,Mid,-1,1,0
90476,0,0.920556131,72,0,3339.0,5400.0,7,0,2,0,0.0,0.6182188483614146,1336.1523336786,Senior,-1,1,0
90479,0,0.0,68,0,4639.0,5400.0,6,0,2,0,0.0,0.8589150157378264,1855.6,Senior,-1,1,0
90485,0,0.826275976,33,0,3998.0,5400.0,5,0,1,0,0.0,0.7402332901314571,1599.6957655856002,Mid,-1,1,0
90490,0,0.398303404,75,0,5891.0,5400.0,13,0,2,0,2.0,1.090723940011109,2356.6389820424,Senior,-1,1,0
90493,0,0.314407259,54,0,4769.0,5400.0,15,0,2,0,0.0,0.8829846324754675,1907.7886443554,Senior,-1,1,0
90503,0,0.241148394,61,1,4555.0,5400.0,9,0,1,0,0.0,0.8433623403073505,1822.1446890364,Senior,-1,1,0
90505,0,0.045058592,43,0,3364.0,5400.0,10,0,2,0,0.0,0.6228476208109609,1345.6270351552002,Mid,-1,1,0
90535,0,0.263229605,43,0,3723.0,5400.0,13,0,2,0,2.0,0.689316793186447,1489.357937763,Mid,-1,1,0
90544,0,0.031737382,47,0,6063.0,5400.0,12,0,3,0,2.0,1.122569894463988,2425.2190424292003,Mid,-1,1,0
90568,1,0.9999999,28,2,3146.0,5400.0,6,0,1,4,0.0,0.5824847250509165,1258.9999999400002,Young,-1,1,0
90573,0,0.048216865,50,0,4485.0,5400.0,9,0,3,0,0.0,0.8304017774486206,1794.028930119,Mid,-1,1,0
90617,0,0.020690365,47,1,7928.0,5400.0,14,0,5,0,0.0,1.467876319200148,3171.2124142190005,Mid,-1,1,1
90626,0,0.013368696,52,0,4106.0,5400.0,6,0,1,0,0.0,0.7602295871134975,1642.4080212176,Senior,-1,1,0
90641,0,0.841395009,35,0,2457.0,5400.0,7,0,1,0,0.0,0.4549157563414182,983.3048370054,Mid,-1,1,0
90661,0,0.585429315,58,3,5478.0,5400.0,15,0,2,0,1.0,1.0142566191446027,2191.551257589,Senior,-1,1,0
90682,0,0.371208149,56,0,3931.0,5400.0,9,0,2,0,0.0,0.7278281799666728,1572.6227248894002,Senior,-1,1,0
90703,0,0.130357563,63,1,5819.0,5400.0,19,0,4,0,0.0,1.0773930753564154,2327.6782145377997,Senior,-1,1,0
90704,0,0.9999999,63,1,3068.0,5400.0,1,0,1,0,0.0,0.5680429550083318,1227.79999994,Senior,-1,1,0
90721,0,0.426580996,50,0,4849.0,5400.0,18,0,3,0,0.0,0.8977967043140159,1939.8559485976,Mid,-1,1,0
90722,1,0.935804054,49,0,4767.0,5400.0,21,0,3,0,0.0,0.8826143306795038,1907.3614824324,Mid,-1,1,0
90749,0,0.051509018,57,0,4638.0,5400.0,7,0,2,0,0.0,0.8587298648398445,1855.2309054108,Senior,-1,1,0
90768,0,0.66438052,42,0,2726.0,5400.0,9,0,1,0,2.0,0.5047213478985373,1090.798628312,Mid,-1,1,0
90802,0,0.486625256,47,0,5645.0,5400.0,11,0,3,0,2.0,1.0451768191075728,2258.2919751536,Mid,-1,1,0
90804,0,0.182369301,64,0,3519.0,5400.0,8,0,3,0,0.0,0.6515460099981485,1407.7094215806,Senior,-1,1,0
90812,0,0.36533217,61,1,3831.0,5400.0,8,0,1,0,0.0,0.7093130901684873,1532.6191993020002,Senior,-1,1,0
90820,0,0.628837116,36,0,2405.0,5400.0,3,0,1,0,0.0,0.4452879096463618,962.3773022696,Mid,-1,1,0
90821,0,0.195081439,55,2,4310.0,5400.0,19,0,4,0,0.0,0.7980003703017959,1724.1170488634,Senior,-1,1,0
90835,0,0.48019431,50,1,2674.0,5400.0,10,0,1,0,0.0,0.4950935012034808,1069.888116586,Mid,-1,1,0
90864,0,0.24863211,73,1,5436.0,5400.0,15,0,2,0,0.0,1.006480281429365,2174.549179266,Senior,-1,1,0
90915,0,0.656884849,55,0,6541.0,5400.0,13,0,2,0,0.0,1.2110720236993149,2616.7941309094,Senior,-1,1,1
91001,0,0.473670527,45,0,3964.0,5400.0,8,0,4,0,4.0,0.733938159600074,1585.8842023162,Mid,-1,1,0
91029,0,0.058577193,71,0,5663.0,5400.0,7,0,2,0,1.0,1.048509535271246,2265.2351463158,Senior,-1,1,0
91035,0,0.998668442,50,1,2543.0,5400.0,4,1,1,1,0.0,0.4708387335678578,1017.7992010652,Mid,-1,1,0
91036,0,0.534249852,69,0,4827.0,5400.0,20,0,1,0,2.0,0.8937233845584152,1931.1205499112,Senior,-1,1,0
91039,0,0.250713091,45,0,4830.0,5400.0,8,0,2,0,0.0,0.8942788372523607,1932.1504278546,Mid,-1,1,0
91043,0,0.07641689,75,0,2268.0,5400.0,4,0,1,0,0.0,0.4199222366228476,907.245850134,Senior,-1,1,0
91099,0,0.068044379,31,0,2357.0,5400.0,12,0,2,0,0.0,0.4364006665432327,942.8408266274,Mid,-1,1,0
91107,0,0.275227064,58,0,3426.0,5400.0,9,0,1,0,0.0,0.6343269764858359,1370.5651362384,Senior,-1,1,0
91110,0,0.558090577,46,0,3719.0,5400.0,14,0,2,0,0.0,0.6885761895945195,1487.9348543462002,Mid,-1,1,0
91179,0,0.118344794,36,0,3031.0,5400.0,6,0,2,0,0.0,0.5611923717830032,1212.4710068764,Mid,-1,1,0
91216,0,0.099457713,37,0,2987.5,1.0,6,0,1,0,2.0,1493.75,1195.0596746278,Mid,-1,1,1
91239,0,0.394501991,62,0,4973.0,5400.0,5,0,1,0,2.0,0.920755415663766,1989.4367011946,Senior,-1,1,0
91246,0,0.007238814,43,0,4007.0,5400.0,6,0,1,0,0.0,0.7418996482132938,1602.8043432884,Mid,-1,1,0
91261,0,0.529593025,45,0,3158.0,5400.0,8,0,2,0,0.0,0.5847065358266987,1263.517755815,Mid,-1,1,0
91266,0,0.9999999,35,0,2824.0,5400.0,3,0,1,0,0.0,0.5228661359007591,1130.1999999400002,Mid,-1,1,0
91308,0,0.115186736,75,1,12817.0,5400.0,9,0,4,0,0.0,2.3730790594334383,5126.869112041601,Senior,-1,1,1
91343,0,0.092635683,47,0,1430.5,1.0,7,0,3,0,2.0,715.25,572.2555814098,Mid,-1,1,1
91373,0,0.034151219,28,0,2338.0,5400.0,7,0,1,0,0.0,0.4328827994815775,935.2204907314,Young,-1,1,0
91397,0,0.904323175,72,0,4303.0,5400.0,13,0,2,0,0.0,0.796704314015923,1721.742593905,Senior,-1,1,0
91410,0,0.850896714,48,4,6101.0,5400.0,14,0,2,1,0.0,1.1296056285872986,2440.9105380284,Mid,-1,1,0
91480,0,0.976891827,80,0,4391.0,5400.0,20,0,1,0,0.0,0.8129975930383262,1756.9861350962,Senior,-1,1,0
91486,0,0.006319225,50,0,1004.0,1.0,8,0,1,0,0.0,502.0,401.603791535,Mid,-1,1,1
91495,0,0.9999999,68,0,1643.0,5400.0,8,0,1,0,0.0,0.3042029253841881,657.79999994,Senior,-1,1,0
91502,0,0.812788945,56,0,5694.0,5400.0,20,0,2,0,4.0,1.0542492131086836,2278.087673367,Senior,-1,1,0
91505,0,0.979380863,49,1,4051.0,5400.0,18,0,2,0,0.0,0.7500462877244954,1620.9876285178002,Mid,-1,1,0
91528,0,0.389046624,49,0,4058.0,5400.0,11,0,1,1,0.0,0.7513423440103685,1623.4334279744,Mid,-1,1,0
91567,0,0.9999999,32,0,1571.0,5400.0,2,0,2,0,0.0,0.2908720607294945,628.9999999400001,Mid,-1,1,0
91577,0,0.473956869,54,0,2990.0,5400.0,9,0,2,0,0.0,0.5536011849657471,1196.2843741214,Senior,-1,1,0
91578,0,0.45347539,63,0,7229.0,5400.0,24,0,2,0,0.0,1.3384558415108314,2891.872085234,Senior,-1,1,1
91584,0,0.013487446,34,1,2374.0,5400.0,12,0,2,0,0.0,0.4395482318089243,949.6080924676,Mid,-1,1,0
91625,0,0.676946097,38,0,4692.0,5400.0,10,0,2,0,0.0,0.8687280133308647,1877.2061676582,Mid,-1,1,0
91631,0,0.0,56,1,4660.0,5400.0,12,0,3,0,0.0,0.8628031845954452,1864.0,Senior,-1,1,0
91634,0,0.19317803,30,0,78.0,1.0,2,0,0,0,2.0,39.0,31.315906818,Young,-1,1,0
91635,0,0.9999999,66,0,1818.0,5400.0,5,0,2,0,0.0,0.3366043325310128,727.79999994,Senior,-1,1,0
91643,0,0.61930063,54,0,3812.0,5400.0,17,0,4,0,0.0,0.7057952231068321,1525.1715803780005,Senior,-1,1,0
91644,1,0.9999999,43,2,4779.0,5400.0,8,0,1,0,0.0,0.8848361414552861,1912.19999994,Mid,-1,1,0
91657,1,0.352001399,63,0,3985.0,5400.0,9,0,2,0,0.0,0.737826328457693,1594.2112008394,Senior,-1,1,0
91676,0,0.9999999,51,0,2428.0,5400.0,3,0,1,0,1.0,0.4495463802999445,971.79999994,Senior,-1,1,0
91688,0,0.630140572,42,0,4983.0,5400.0,14,0,4,0,0.0,0.9226069246435844,1993.5780843432,Mid,-1,1,0
91719,0,0.060418735,33,0,2709.0,5400.0,15,0,2,0,1.0,0.5015737826328458,1083.636251241,Mid,-1,1,0
91726,0,0.30677579,57,0,3274.0,5400.0,13,0,2,0,2.0,0.606184039992594,1309.784065474,Senior,-1,1,0
91743,0,0.9999999,34,0,3285.0,5400.0,8,0,1,0,0.0,0.6082206998703944,1314.59999994,Mid,-1,1,0
91770,0,0.289731892,38,1,2229.0,5400.0,11,0,2,0,0.0,0.4127013516015552,891.7738391352,Mid,-1,1,0
91775,0,0.632611604,59,4,8230.0,5400.0,16,0,4,0,0.0,1.5237918903906684,3292.3795669624,Senior,-1,1,1
91876,0,0.416544329,61,0,6811.0,5400.0,12,0,2,1,0.0,1.2610627661544158,2724.6499265974003,Senior,-1,1,1
91889,0,0.067595764,34,0,2619.0,5400.0,8,0,1,0,0.0,0.4849102018144788,1047.6405574584,Mid,-1,1,0
91897,0,0.9999999,47,0,8603.0,5400.0,6,0,2,0,2.0,1.5928531753379005,3441.7999999400004,Mid,-1,1,1
91919,0,0.9999999,45,0,1635.0,5400.0,2,0,1,0,0.0,0.3027217182003333,654.59999994,Mid,-1,1,0
91922,0,0.091981604,30,0,2216.0,5400.0,3,0,1,0,0.0,0.4102943899277911,886.4551889624001,Young,-1,1,0
91946,0,0.44557513,41,1,2339.0,5400.0,10,0,1,0,1.0,0.4330679503795593,935.867345078,Mid,-1,1,0
91947,0,0.472018135,53,0,2755.0,5400.0,10,0,2,0,3.0,0.5100907239400111,1102.283210881,Senior,-1,1,0
91967,0,0.289944419,55,0,4044.0,5400.0,11,0,3,0,1.0,0.7487502314386225,1617.7739666514,Senior,-1,1,0
92001,0,0.50163345,66,0,3820.0,5400.0,7,0,2,0,0.0,0.7072764302906869,1528.30098007,Senior,-1,1,0
92008,1,0.730395334,27,0,2551.0,5400.0,9,0,1,0,0.0,0.4723199407517126,1020.8382372004,Young,-1,1,0
92032,0,0.335306742,58,0,5240.0,5400.0,17,0,2,0,0.0,0.9701907054249214,2096.2011840452,Senior,-1,1,0
92033,0,0.394707165,59,0,3034.0,5400.0,11,0,2,0,0.0,0.5617478244769487,1213.8368242990002,Senior,-1,1,0
92040,0,0.038280836,28,0,2857.0,5400.0,10,0,1,0,0.0,0.5289761155341604,1142.8229685016,Young,-1,1,0
92043,0,0.496846639,50,0,2605.0,5400.0,12,0,2,0,2.0,0.4823180892427328,1042.2981079834,Mid,-1,1,0
92067,0,0.142665932,41,0,3201.0,5400.0,8,0,1,0,0.0,0.5926680244399185,1280.4855995592002,Mid,-1,1,0
92099,0,0.286030382,43,0,2912.0,5400.0,12,0,1,0,0.0,0.5391594149231623,1164.9716182292,Mid,-1,1,0
92100,0,0.398128779,54,0,3008.0,5400.0,7,0,2,0,2.0,0.5569339011294204,1203.4388772674,Senior,-1,1,0
92104,0,0.141482981,63,0,3445.0,5400.0,7,0,3,0,0.0,0.6378448435474912,1378.0848897886,Senior,-1,1,0
92125,0,0.9999999,52,0,1442.0,5400.0,3,0,1,0,0.0,0.2669875948898352,577.39999994,Senior,-1,1,0
92164,0,0.9999999,39,2,2002.0,5400.0,2,0,1,1,0.0,0.3706720977596741,801.39999994,Mid,-1,1,0
92181,0,0.040700326,47,0,3453.0,5400.0,11,0,2,0,0.0,0.6393260507313461,1381.2244201956,Mid,-1,1,0
92192,0,0.013606816,83,0,2162.0,5400.0,12,1,2,0,0.0,0.4002962414367709,864.8081640896,Senior,-1,1,0
92220,0,0.0,68,0,6840.0,5400.0,10,0,3,0,0.0,1.2664321421958895,2736.0,Senior,-1,1,1
92227,0,0.210026332,76,1,4699.0,5400.0,11,0,3,0,0.0,0.8700240696167376,1879.7260157992,Senior,-1,1,0
92238,1,0.991806694,41,2,2995.0,5400.0,13,0,2,0,0.0,0.5545269394556563,1198.5950840164,Mid,-1,1,0
92248,0,0.746571178,50,0,3447.0,5400.0,9,0,1,0,2.0,0.6382151453434549,1379.2479427068,Mid,-1,1,0
92269,0,0.918622011,64,0,4881.0,5400.0,12,0,2,0,2.0,0.9037215330494353,1952.9511732066,Senior,-1,1,0
92274,0,0.302281519,52,0,4059.0,5400.0,10,0,4,0,0.0,0.7515274949083504,1623.7813689114002,Senior,-1,1,0
92295,0,0.9999999,39,0,2290.0,5400.0,7,0,1,0,0.0,0.4239955563784484,916.59999994,Mid,-1,1,0
92334,0,0.023344842,67,0,3680.0,5400.0,7,0,1,0,0.0,0.6813553045732271,1472.0140069052,Senior,-1,1,0
92377,0,0.171930234,65,0,8734.0,5400.0,27,0,3,0,0.0,1.6171079429735231,3493.7031581404003,Senior,-1,1,1
92403,1,0.9999999,62,0,1460.0,5400.0,1,0,1,1,0.0,0.2703203110535086,584.59999994,Senior,-1,1,0
92421,0,0.100823838,69,0,6276.0,5400.0,11,0,5,0,0.0,1.1620070357341232,2510.4604943028003,Senior,-1,1,0
92434,0,0.9999999,39,0,1574.0,5400.0,3,0,2,0,0.0,0.2914275134234401,630.19999994,Mid,-1,1,0
92440,0,0.123915176,43,0,4317.0,5400.0,6,0,2,0,1.0,0.799296426587669,1726.8743491056002,Mid,-1,1,0
92468,0,0.080237445,65,0,4198.0,5400.0,7,0,3,0,3.0,0.7772634697278282,1679.248142467,Senior,-1,1,0
92469,0,0.9999999,34,2,1771.0,5400.0,2,0,0,0,0.0,0.3279022403258655,708.9999999400001,Mid,-1,1,0
92506,0,0.9999999,78,0,418.0,5400.0,3,0,0,0,1.0,0.0773930753564154,167.79999994000002,Senior,-1,1,0
92528,0,0.006784181,67,0,4808.0,5400.0,15,0,2,0,0.0,0.8902055174967599,1923.2040705086,Senior,-1,1,0
92530,0,0.025481552,64,0,3516.0,5400.0,26,0,2,0,0.0,0.650990557304203,1406.4152889312002,Senior,-1,1,0
92546,0,0.108005897,39,0,1361.5,1.0,6,0,2,0,5.0,680.75,544.6648035382,Mid,-1,1,1
92598,0,0.9999999,65,0,1555.0,5400.0,5,0,1,0,0.0,0.2879096463617848,622.59999994,Senior,-1,1,0
92629,0,0.245838889,39,0,622.0,1.0,5,0,2,0,2.0,311.0,248.9475033334,Mid,-1,1,1
92636,0,0.155333622,69,0,4224.0,5400.0,13,0,4,0,0.0,0.7820773930753564,1689.6932001732002,Senior,-1,1,0
92645,0,0.053012374,55,0,4062.0,5400.0,20,0,3,0,0.0,0.7520829476022959,1624.8318074244005,Senior,-1,1,0
92651,0,0.030611961,51,0,4654.0,5400.0,7,0,2,0,0.0,0.8616922792075542,1861.6183671766,Senior,-1,1,0
92652,0,0.764887517,37,2,244.5,1.0,8,0,0,0,0.0,122.25,98.2589325102,Mid,-1,1,0
92661,0,0.884010086,57,4,2404.0,5400.0,15,0,1,0,0.0,0.4451027587483799,962.1304060516,Senior,-1,1,0
92738,0,0.418958104,57,0,4007.0,5400.0,4,0,2,0,0.0,0.7418996482132938,1603.0513748624005,Senior,-1,1,0
92755,0,0.572824358,70,0,2150.0,5400.0,11,0,1,0,0.0,0.3980744306609887,860.3436946148,Senior,-1,1,0
92766,0,0.61392499,77,0,6183.0,5400.0,13,0,2,0,0.0,1.1447880022218109,2473.5683549940004,Senior,-1,1,0
92775,0,0.163941909,57,1,4106.0,5400.0,12,0,3,0,0.0,0.7602295871134975,1642.4983651454002,Senior,-1,1,0
92797,0,0.396000116,43,0,2979.0,5400.0,9,0,2,0,4.0,0.5515645250879466,1191.8376000696,Mid,-1,1,0
92801,0,0.0,29,0,393.0,1.0,5,0,0,0,1.0,196.5,157.20000000000002,Young,-1,1,0
92822,1,0.9999999,64,1,2227.0,5400.0,10,1,1,1,0.0,0.4123310498055915,891.39999994,Senior,-1,1,0
92883,0,0.690739403,61,0,3407.0,5400.0,7,0,1,0,0.0,0.6308091094241807,1363.2144436418002,Senior,-1,1,0
92902,0,0.0,35,0,8199.0,5400.0,7,0,1,1,0.0,1.518052212553231,3279.6000000000004,Mid,-1,1,1
92907,0,0.00462704,42,0,2926.0,5400.0,12,0,1,0,0.0,0.5417515274949084,1170.402776224,Mid,-1,1,0
92908,0,0.550099978,44,0,3236.0,5400.0,5,0,4,0,0.0,0.5991483058692835,1294.7300599868,Mid,-1,1,0
92936,0,0.0,45,0,4145.0,5400.0,5,0,2,0,0.0,0.7674504721347899,1658.0,Mid,-1,1,0
92949,0,0.064090336,57,0,3754.0,5400.0,8,0,1,0,0.0,0.6950564710238845,1501.6384542016,Senior,-1,1,0
92951,0,0.003788741,55,0,3271.0,5400.0,9,0,2,0,0.0,0.6056285872986484,1308.4022732446,Senior,-1,1,0
92996,0,0.158221705,47,1,3938.0,5400.0,7,2,2,0,0.0,0.7291242362525459,1575.294933023,Mid,-1,1,0
93057,1,0.180070478,59,1,11231.0,5400.0,14,0,8,0,0.0,2.079429735234216,4492.5080422868,Senior,-1,1,1
93097,0,0.927850299,61,2,4177.0,5400.0,12,0,2,0,1.0,0.7733753008702092,1671.3567101794,Senior,-1,1,0
93100,0,0.130407101,68,0,3733.0,5400.0,7,0,3,0,0.0,0.6911683021662655,1493.2782442606,Senior,-1,1,0
93153,0,0.9999999,65,0,1393.0,5400.0,2,0,2,0,0.0,0.2579152008887243,557.79999994,Senior,-1,1,0
93162,0,0.02603236,58,0,3809.0,5400.0,13,0,1,0,0.0,0.7052397704128865,1523.615619416,Senior,-1,1,0
93186,0,0.9999999,39,0,5249.0,5400.0,9,0,2,0,0.0,0.971857063506758,2100.19999994,Mid,-1,1,0
93192,0,0.9999999,61,0,1943.0,5400.0,5,0,1,1,0.0,0.3597481947787447,777.79999994,Senior,-1,1,0
93232,0,0.9999999,46,0,1519.0,5400.0,1,2,1,0,0.0,0.281244214034438,608.19999994,Mid,-1,1,0
93267,0,0.434233886,54,2,2936.0,5400.0,15,0,2,0,0.0,0.5436030364747269,1174.6605403316,Senior,-1,1,0
93298,0,0.684713885,63,1,3461.0,5400.0,9,0,3,0,0.0,0.6408072579152009,1384.810828331,Senior,-1,1,0
93304,0,0.102322064,55,0,3706.0,5400.0,13,0,3,0,0.0,0.6861692279207554,1482.4613932384,Senior,-1,1,0
93312,0,0.021640714,37,0,6576.0,5400.0,10,0,1,0,0.0,1.2175523051286798,2630.4129844284003,Mid,-1,1,1
93343,0,0.868206368,62,0,2932.0,5400.0,26,0,0,0,1.0,0.5428624328827995,1173.3209238208,Senior,-1,1,0
93344,0,0.943411318,47,0,13291.0,5400.0,14,0,11,0,2.0,2.460840585076838,5316.966046790801,Mid,-1,1,1
93350,0,0.297763846,38,0,2485.0,5400.0,9,0,2,0,0.0,0.4600999814849102,994.1786583076,Mid,-1,1,0
93384,0,0.149623583,55,2,6749.0,5400.0,7,0,2,0,0.0,1.249583410479541,2699.6897741498005,Senior,-1,1,1
93410,0,0.214918353,62,0,3174.0,5400.0,12,0,2,0,2.0,0.5876689501944085,1269.7289510118,Senior,-1,1,0
93439,0,0.322778403,69,0,2754.0,5400.0,17,0,1,0,1.0,0.5099055730420292,1101.7936670418,Senior,-1,1,0
93483,0,0.203962362,58,1,4531.0,5400.0,20,0,1,0,2.0,0.8389187187557859,1812.5223774172,Senior,-1,1,0
93487,0,0.186873125,56,0,5393.0,5400.0,6,0,1,0,3.0,0.9985187928161452,2157.3121238750005,Senior,-1,1,0
93491,0,0.02968864,54,0,6287.0,5400.0,12,0,2,0,0.0,1.1640436956119238,2514.817813184,Senior,-1,1,0
93493,0,0.030367883,54,0,3520.0,5400.0,7,0,4,0,0.0,0.6517311608961304,1408.0182207298,Senior,-1,1,0
93503,0,0.049955915,62,0,4102.0,5400.0,9,0,1,0,0.0,0.7594889835215701,1640.8299735490002,Senior,-1,1,0
93505,0,0.799347725,68,1,1988.0,5400.0,9,0,0,0,0.0,0.3680799851879281,795.679608635,Senior,-1,1,0
93523,0,0.004444332,34,0,1161.0,1.0,10,0,2,0,0.0,580.5,464.4026665992,Mid,-1,1,1
93532,0,0.068132629,45,0,3270.0,5400.0,7,0,2,0,0.0,0.6054434364006666,1308.0408795774,Mid,-1,1,0
93538,0,0.712521809,51,3,2851.0,5400.0,9,2,1,4,0.0,0.5278652101462692,1140.8275130854,Senior,-1,1,0
93562,0,0.9999999,71,0,869.0,5400.0,1,4,0,0,0.0,0.1608961303462321,348.19999994,Senior,-1,1,0
93577,0,0.9999999,67,0,1681.0,5400.0,3,0,1,0,0.0,0.3112386595074986,672.9999999400001,Senior,-1,1,0
93605,1,0.941176471,32,1,3461.0,5400.0,8,1,1,2,0.0,0.6408072579152009,1384.9647058826,Mid,-1,1,0
93642,0,0.32358656,46,0,3158.0,5400.0,7,0,1,0,3.0,0.5847065358266987,1263.394151936,Mid,-1,1,0
93685,0,0.917569414,36,0,2124.0,5400.0,6,0,0,0,0.0,0.3932605073134604,850.1505416484,Mid,-1,1,0
93733,0,0.0,35,0,4810.0,5400.0,5,0,2,0,0.0,0.8905758192927236,1924.0,Mid,-1,1,0
93743,0,0.637727045,35,0,5201.0,5400.0,11,0,5,0,0.0,0.962969820403629,2080.782636227,Mid,-1,1,0
93750,0,0.651365272,63,0,4333.0,5400.0,18,0,2,0,0.0,0.8022588409553786,1733.5908191632,Senior,-1,1,0
93766,1,0.766344345,46,0,2554.0,5400.0,9,0,3,0,2.0,0.4728753934456582,1022.059806607,Mid,-1,1,0
93793,0,0.96151737,56,0,2531.0,5400.0,7,0,0,0,1.0,0.4686169227920755,1012.976910422,Senior,-1,1,0
93801,0,0.640868462,37,0,3083.0,5400.0,10,0,2,0,0.0,0.5708202184780596,1233.5845210772,Mid,-1,1,0
93817,0,0.337244676,68,1,2690.0,5400.0,5,0,1,0,1.0,0.4980559155711905,1076.2023468056,Senior,-1,1,0
93839,0,0.0,96,3,1374.0,5400.0,5,0,1,0,0.0,0.2543973338270691,549.6,Senior,-1,1,0
93846,0,0.018682293,56,0,3706.0,5400.0,5,0,1,0,0.0,0.6861692279207554,1482.4112093758,Senior,-1,1,0
93864,0,0.9999999,28,0,503.0,5400.0,3,1,0,0,0.0,0.0931309016848731,201.79999994,Young,-1,1,0
93865,0,0.024989619,43,0,1161.5,1.0,9,0,2,0,3.0,580.75,464.6149937714,Mid,-1,1,1
93948,0,0.19053199,66,0,3329.0,5400.0,10,0,2,0,0.0,0.616367339381596,1331.7143191940002,Senior,-1,1,0
93954,1,0.938503416,64,0,1725.0,5400.0,4,1,0,0,0.0,0.3193852990187002,690.5631020496,Senior,-1,1,0
93961,0,0.297852814,31,0,3173.0,5400.0,16,0,2,0,0.0,0.5874837992964266,1269.3787116884,Mid,-1,1,0
93993,0,0.218598814,51,0,3521.0,5400.0,11,0,2,0,0.0,0.6519163117941122,1408.5311592884002,Senior,-1,1,0
93994,1,0.447370175,46,0,3284.0,5400.0,8,0,2,0,0.0,0.6080355489724125,1313.868422105,Mid,-1,1,0
94037,0,0.9999999,84,0,0.025633588,27580.0,1,0,0,0,0.0,9.293929879264712e-07,0.6102533752,Senior,-1,1,0
94046,1,0.747833815,33,0,1528.0,5400.0,6,0,1,0,1.0,0.2829105721162747,611.6487002890001,Mid,-1,1,0
94089,0,0.602349902,57,0,2737.0,5400.0,8,0,1,0,0.0,0.5067580077763377,1095.1614099412,Senior,-1,1,0
94104,0,0.352326425,53,0,4979.0,5400.0,11,0,2,0,5.0,0.9218663210516572,1991.811395855,Senior,-1,1,0
94120,0,0.196153185,46,0,6641.0,5400.0,16,0,4,0,0.0,1.2295871134975005,2656.517691911,Mid,-1,1,1
94122,0,0.273134186,40,0,2887.0,5400.0,12,0,2,0,0.0,0.534530642473616,1154.9638805116,Mid,-1,1,0
94138,0,0.0,41,0,3150.0,5400.0,7,0,2,0,2.0,0.5832253286428439,1260.0,Mid,-1,1,0
94160,0,0.09134034,38,0,3821.0,5400.0,7,0,1,0,2.0,0.7074615811886688,1528.454804204,Mid,-1,1,0
94174,0,0.9999999,29,1,781.0,5400.0,2,1,0,0,0.0,0.1446028513238289,312.99999994,Young,-1,1,0
94192,0,0.74248142,52,2,5650.0,5400.0,14,0,1,0,2.0,1.046102573597482,2260.445488852,Senior,-1,1,0
94234,0,0.987734151,55,1,2341.0,5400.0,6,0,1,0,0.0,0.433438252175523,936.9926404906,Senior,-1,1,0
94251,0,0.200660586,34,0,2830.0,5400.0,8,0,2,0,0.0,0.5239770412886503,1132.1203963516,Mid,-1,1,0
94286,0,0.028130225,93,0,2852.0,5400.0,11,0,1,0,0.0,0.5280503610442511,1140.816878135,Senior,-1,1,0
94291,0,0.408234049,50,0,2861.0,5400.0,14,0,1,0,0.0,0.5297167191260878,1144.6449404294,Mid,-1,1,0
94297,0,0.185600406,58,1,4367.0,5400.0,9,0,2,0,0.0,0.8085539714867617,1746.9113602436005,Senior,-1,1,0
94298,0,0.440473944,41,1,2954.0,5400.0,10,0,2,0,0.0,0.5469357526384003,1181.8642843664002,Mid,-1,1,0
94307,0,0.749616692,60,0,1397.5,1.0,19,0,1,0,0.0,698.75,559.4497700152,Senior,-1,1,1
94312,0,0.778611038,61,1,8854.0,5400.0,29,0,5,0,0.0,1.639326050731346,3542.0671666228004,Senior,-1,1,1
94353,0,0.99377301,37,1,3219.0,5400.0,9,0,1,0,0.0,0.5960007406035919,1288.1962638060002,Mid,-1,1,0
94356,0,0.1709534,60,0,3724.0,5400.0,12,0,1,0,0.0,0.6895019440844288,1489.7025720400002,Senior,-1,1,0
94366,0,0.595913734,39,0,3088.0,5400.0,7,0,1,0,0.0,0.5717459729679689,1235.5575482404,Mid,-1,1,0
94386,0,0.150365099,65,0,3293.0,5400.0,6,0,2,0,0.0,0.6097019070542492,1317.2902190594,Senior,-1,1,0
94392,0,0.019917706,77,0,8964.0,5400.0,18,0,11,0,0.0,1.65969264950935,3585.6119506236005,Senior,-1,1,1
94404,0,0.001399824,75,0,9112.0,5400.0,10,0,1,0,0.0,1.6870949824106647,3644.8008398944,Senior,-1,1,1
94427,1,0.884662277,44,1,2745.0,5400.0,13,0,1,0,0.0,0.5082392149601925,1098.5307973662,Mid,-1,1,0
94485,0,0.034018496,31,0,5102.0,5400.0,11,0,2,0,0.0,0.9446398815034251,2040.8204110976,Mid,-1,1,0
94515,0,0.085970368,56,0,6031.0,5400.0,12,1,2,0,0.0,1.1166450657285687,2412.4515822208,Senior,-1,1,0
94534,0,0.249872758,38,0,5380.0,5400.0,7,0,2,0,0.0,0.996111831142381,2152.1499236548,Mid,-1,1,0
94561,0,0.730211947,81,1,1733.0,5400.0,9,0,1,1,0.0,0.3208665062025551,693.6381271682001,Senior,-1,1,0
94564,0,0.902403496,49,1,3032.0,5400.0,7,0,2,0,0.0,0.561377522680985,1213.3414420976,Mid,-1,1,0
94567,0,0.204262932,61,0,3979.0,5400.0,18,0,2,0,0.0,0.7367154230698019,1591.7225577592,Senior,-1,1,0
94602,0,0.887817849,70,0,2527.0,5400.0,5,0,1,0,0.0,0.4678763192001481,1011.3326907094,Senior,-1,1,0
94660,0,0.034464369,40,0,779.5,1.0,6,0,1,0,2.0,389.75,311.8206786214,Mid,-1,1,1
94703,0,0.585263047,60,0,8407.0,5400.0,9,0,3,0,0.0,1.5565635993334568,3363.1511578282,Senior,-1,1,1
94704,1,0.9999999,25,0,508.0,5400.0,1,0,0,1,0.0,0.0940566561747824,203.79999994,Young,-1,1,0
94713,0,0.642357721,31,0,1330.0,1.0,13,0,2,0,3.0,665.0,532.3854146326,Mid,-1,1,1
94754,0,0.502681868,32,1,1984.0,5400.0,16,0,2,0,3.0,0.3673393815960007,793.9016091208,Mid,-1,1,0
94813,0,0.022890378,32,0,2975.0,5400.0,9,0,1,0,0.0,0.5508239214960192,1190.0137342268,Mid,-1,1,0
94839,0,0.004930864,29,0,2900.0,5400.0,8,0,2,0,0.0,0.5369376041473801,1160.0029585184,Young,-1,1,0
94842,0,0.133039221,79,0,3631.0,5400.0,12,0,2,0,0.0,0.6722829105721163,1452.4798235326,Senior,-1,1,0
94868,0,0.072062192,50,0,3590.0,5400.0,11,0,3,0,0.0,0.6646917237548602,1436.0432373152,Mid,-1,1,0
94894,0,0.021985606,75,0,2346.0,5400.0,12,0,1,0,0.0,0.4343640066654323,938.4131913636,Senior,-1,1,0
94934,1,0.741597121,45,0,5257.0,5400.0,13,1,4,0,0.0,0.9733382706906129,2103.2449582726003,Mid,-1,1,0
94938,0,0.347341167,49,0,8656.0,5400.0,24,0,4,0,0.0,1.6026661729309388,3462.6084047002,Mid,-1,1,1
94942,0,0.093367953,65,0,3550.0,5400.0,22,0,3,0,0.0,0.657285687835586,1420.0560207718,Senior,-1,1,0
94948,0,0.169468121,36,0,3949.0,1.0,4,0,2,0,0.0,1974.5,1579.7016808726,Mid,-1,1,1
94953,0,0.149093925,53,0,3724.0,5400.0,4,0,1,0,0.0,0.6895019440844288,1489.6894563550002,Senior,-1,1,0
94991,0,0.460824227,29,0,304.5,1.0,10,0,0,0,0.0,152.25,122.07649453620002,Young,-1,1,0
95004,1,0.862316107,64,3,2474.0,5400.0,6,0,2,0,0.0,0.4580633216071098,990.1173896642,Senior,-1,1,0
95017,0,0.058396107,74,0,5216.0,5400.0,8,0,1,0,0.0,0.9657470838733568,2086.4350376642,Senior,-1,1,0
95056,0,0.489552283,68,0,1465.0,1.0,14,0,2,0,0.0,732.5,586.2937313698,Senior,-1,1,1
95100,1,0.974681222,39,1,4340.0,5400.0,12,0,3,0,0.0,0.8035548972412516,1736.5848087332,Mid,-1,1,0
95142,0,0.9999999,36,0,1236.0,1.0,8,0,1,0,2.0,618.0,494.99999994,Mid,-1,1,1
95202,0,0.9999999,66,2,1586.0,5400.0,4,2,0,0,0.0,0.2936493241992223,634.9999999400001,Senior,-1,1,0
95251,0,0.9999999,70,0,1402.0,5400.0,5,0,2,0,0.0,0.259581558970561,561.39999994,Senior,-1,1,0
95281,0,0.197760172,51,0,4926.0,5400.0,12,0,2,0,0.0,0.9120533234586188,1970.5186561032,Senior,-1,1,0
95289,0,0.002682497,52,1,4940.0,5400.0,16,0,1,0,0.0,0.9146454360303647,1976.0016094982,Senior,-1,1,0
95296,0,0.216495264,50,0,2291.5,1.0,9,0,2,0,2.0,1145.75,916.7298971584,Mid,-1,1,1
95326,0,0.229843917,62,0,5796.0,5400.0,14,0,5,0,0.0,1.0731346047028327,2318.5379063502,Senior,-1,1,0
95347,0,0.702957772,44,0,4937.0,5400.0,16,0,1,0,3.0,0.9140899833364192,1975.2217746632,Mid,-1,1,0
95362,0,0.714043389,44,0,3649.0,5400.0,9,0,2,0,0.0,0.6756156267357897,1460.0284260334,Mid,-1,1,0
95396,1,0.9999999,25,0,1055.0,5400.0,1,5,1,1,0.0,0.1953341973708572,422.59999994,Young,-1,1,0
95407,0,0.035171631,45,0,906.0,1.0,14,0,1,0,2.0,453.0,362.42110297860006,Mid,-1,1,1
95502,0,0.193999122,52,0,8459.0,5400.0,25,0,5,0,2.0,1.5661914460285131,3383.7163994732005,Senior,-1,1,1
95509,0,0.929762809,62,1,5850.0,5400.0,6,0,3,1,0.0,1.083132753193853,2340.5578576854,Senior,-1,1,0
95554,0,0.07248693,52,0,4249.0,5400.0,7,0,1,0,4.0,0.7867061655249028,1699.643492158,Senior,-1,1,0
95600,1,0.24079894,56,1,8516.0,5400.0,12,0,3,0,0.0,1.576745047213479,3406.544479364,Senior,-1,1,1
95633,0,0.9999999,70,0,1179.0,5400.0,3,0,1,0,0.0,0.2182929087206073,472.19999994,Senior,-1,1,0
95636,0,0.313647658,59,0,5637.0,5400.0,22,0,2,0,0.0,1.0436956119237175,2254.9881885948,Senior,-1,1,0
95667,0,0.552293578,45,0,2545.0,5400.0,7,0,2,0,0.0,0.4712090353638215,1018.3313761468,Mid,-1,1,0
95682,0,0.9999999,56,0,2165.0,5400.0,8,0,2,0,0.0,0.4008516941307165,866.59999994,Senior,-1,1,0
95702,0,0.0,61,0,5030.0,5400.0,8,0,1,0,0.0,0.9313090168487316,2012.0,Senior,-1,1,0
95710,0,0.619744411,76,0,1776.0,5400.0,4,0,0,0,0.0,0.3288279948157748,710.7718466466001,Senior,-1,1,0
95757,1,0.9999999,39,0,1270.0,5400.0,2,0,0,0,1.0,0.2351416404369561,508.59999994,Mid,-1,1,0
95789,0,0.9999999,70,0,804.0,5400.0,3,0,1,0,0.0,0.1488613219774116,322.19999994,Senior,-1,1,0
95841,0,0.00409516,40,0,4419.0,5400.0,8,0,2,0,0.0,0.8181818181818182,1767.602457096,Mid,-1,1,0
95871,0,0.615618911,55,2,2746.0,5400.0,11,0,1,0,1.0,0.5084243658581744,1098.7693713466,Senior,-1,1,0
95876,0,0.422390042,43,0,2710.0,5400.0,10,0,1,0,0.0,0.5017589335308277,1084.2534340252,Mid,-1,1,0
95908,0,0.388790852,61,0,778.0,1.0,6,0,0,0,1.0,389.0,311.43327451120007,Senior,-1,1,1
95992,1,0.976747667,71,2,1155.0,5400.0,15,1,0,0,0.0,0.2138492871690427,462.5860486002,Senior,-1,1,0
96006,0,0.265008894,55,0,3256.0,5400.0,15,0,1,0,0.0,0.6028513238289206,1302.5590053364,Senior,-1,1,0
96013,0,0.178019383,34,0,2704.0,5400.0,14,0,1,0,3.0,0.5006480281429365,1081.7068116298,Mid,-1,1,0
96040,0,0.365596561,43,0,4213.0,5400.0,10,0,1,0,0.0,0.780040733197556,1685.4193579366,Mid,-1,1,0
96044,0,0.0,43,0,3004.0,5400.0,7,0,1,0,0.0,0.556193297537493,1201.6,Mid,-1,1,0
96065,0,0.119707959,55,1,5833.0,5400.0,16,0,1,0,0.0,1.0799851879281614,2333.2718247754,Senior,-1,1,0
96069,0,0.678338753,63,0,5388.0,5400.0,13,0,2,0,0.0,0.997593038326236,2155.6070032518,Senior,-1,1,0
96075,1,0.827968923,33,2,3956.0,5400.0,11,1,2,2,0.0,0.7324569524162192,1582.8967813538002,Mid,-1,1,0
96132,0,0.054678643,44,0,5390.0,5400.0,7,0,3,0,1.0,0.9979633401221996,2156.0328071858,Mid,-1,1,0
96137,0,0.057207515,44,0,3492.0,5400.0,6,0,1,0,0.0,0.6465469357526384,1396.8343245090002,Mid,-1,1,0
96161,0,0.9999999,24,0,413.0,5400.0,1,1,0,0,0.0,0.0764673208665062,165.79999994000002,Young,-1,1,0
96178,0,0.502994012,41,1,4628.0,5400.0,6,0,2,0,0.0,0.8568783558600259,1851.5017964072,Mid,-1,1,0
96220,0,0.841802876,50,0,3819.0,5400.0,10,0,2,0,0.0,0.7070912793927051,1528.1050817256,Mid,-1,1,0
96221,0,0.9999999,41,0,3343.0,5400.0,3,0,2,0,0.0,0.618959451953342,1337.79999994,Mid,-1,1,0
96228,0,0.411704661,33,0,3600.0,5400.0,9,0,1,0,0.0,0.6665432327346787,1440.2470227966,Mid,-1,1,0
96232,0,0.0,59,0,4103.0,5400.0,6,0,1,0,0.0,0.7596741344195519,1641.2,Senior,-1,1,0
96275,0,0.02090215,63,0,3655.0,5400.0,10,0,2,0,0.0,0.6767265321236808,1462.01254129,Senior,-1,1,0
96318,0,0.9999999,72,0,2061.0,5400.0,5,0,1,0,0.0,0.3815960007406035,824.9999999400001,Senior,-1,1,0
96335,0,0.089732035,51,0,3954.0,5400.0,14,0,2,0,0.0,0.7320866506202555,1581.6538392210002,Senior,-1,1,0
96350,0,0.9999999,53,1,2479.0,5400.0,5,0,3,0,0.0,0.458989076097019,992.19999994,Senior,-1,1,0
96424,0,0.11819606,39,0,929.0,1.0,3,0,1,0,1.0,464.5,371.670917636,Mid,-1,1,1
96448,0,0.11099971,75,0,2514.0,5400.0,8,0,1,0,0.0,0.465469357526384,1005.666599826,Senior,-1,1,0
96452,0,0.006571258,46,0,8957.0,5400.0,7,0,1,0,3.0,1.6583965932234772,3582.8039427548,Mid,-1,1,1
96453,0,0.019620579,83,0,4149.0,5400.0,10,0,2,0,0.0,0.7681910757267173,1659.6117723474,Senior,-1,1,0
96460,0,0.9999999,63,0,1499.0,5400.0,5,0,1,0,0.0,0.277541196074801,600.19999994,Senior,-1,1,0
96487,0,0.079803672,48,0,3878.0,5400.0,3,2,1,0,0.0,0.7180151823736345,1551.2478822032,Mid,-1,1,0
96532,0,0.976935877,55,0,1493.0,5400.0,12,0,0,0,0.0,0.2764302906869098,597.7861615262001,Senior,-1,1,0
96533,0,0.936054989,42,0,2197.0,5400.0,9,0,1,1,0.0,0.4067765228661359,879.3616329934001,Mid,-1,1,0
96560,0,0.534878678,68,0,8043.0,5400.0,11,0,3,0,0.0,1.4891686724680615,3217.5209272068005,Senior,-1,1,1
96567,0,0.9999999,54,1,3438.0,5400.0,6,0,2,0,0.0,0.6365487872616182,1375.79999994,Senior,-1,1,0
96575,0,0.013498313,30,2,1066.0,1.0,12,0,2,0,2.0,533.0,426.4080989878,Young,-1,1,1
96584,0,0.064535798,63,0,4832.0,5400.0,11,0,2,0,1.0,0.8946491390483244,1932.8387214788,Senior,-1,1,0
96602,0,0.007337061,39,0,6540.0,5400.0,11,0,2,0,0.0,1.2108868728013331,2616.0044022366,Mid,-1,1,1
96627,0,0.891108891,27,0,836.0,5400.0,9,0,0,0,0.0,0.1547861507128309,334.9346653346,Young,-1,1,0
96641,0,0.8878515,40,0,2864.0,5400.0,11,0,2,0,0.0,0.5302721718200333,1146.1327109,Mid,-1,1,0
96683,0,0.313384113,52,0,647.5,1.0,16,0,0,0,0.0,323.75,259.1880304678,Senior,-1,1,1
96724,0,0.593322621,57,0,3292.0,5400.0,14,0,2,0,2.0,0.6095167561562673,1317.1559935726002,Senior,-1,1,0
96755,0,0.183118883,47,0,3383.0,5400.0,10,0,2,0,0.0,0.6263654878726161,1353.3098713298,Mid,-1,1,0
96759,0,0.06314382,53,0,6431.0,5400.0,15,0,2,0,0.0,1.190705424921311,2572.4378862920003,Senior,-1,1,0
96778,1,0.716570857,53,4,3811.0,5400.0,6,1,1,2,0.0,0.7056100722088502,1524.8299425142002,Senior,-1,1,0
96800,0,0.400041999,39,0,1363.5,1.0,14,0,0,0,3.0,681.75,545.6400251993999,Mid,-1,1,1
96807,0,0.018074746,44,0,2994.0,5400.0,10,0,1,0,0.0,0.5543417885576745,1197.6108448476002,Mid,-1,1,0
96824,0,0.07224742,51,0,3738.0,5400.0,8,0,2,0,2.0,0.6920940566561747,1495.243348452,Senior,-1,1,0
96830,0,0.91769356,83,0,858.0,5400.0,2,0,1,0,0.0,0.1588594704684317,343.750616136,Senior,-1,1,0
96840,0,0.683053882,54,0,3959.0,5400.0,8,0,1,0,0.0,0.7330124051101647,1584.0098323292002,Senior,-1,1,0
96856,0,0.115244997,76,0,10687.0,5400.0,13,0,6,0,0.0,1.9787076467320863,4274.8691469982,Senior,-1,1,1
96885,0,0.019690316,70,0,5125.0,5400.0,7,0,2,0,0.0,0.948898352157008,2050.0118141896,Senior,-1,1,0
96891,0,0.917418961,51,0,2598.0,5400.0,5,0,2,0,0.0,0.4810220329568598,1039.7504513766,Senior,-1,1,0
96910,0,0.732267855,54,0,4750.0,5400.0,5,0,1,0,0.0,0.8794667654138123,1900.439360713,Senior,-1,1,0
96911,0,0.10663376,56,0,661.5,1.0,6,0,1,0,0.0,330.75,264.663980256,Senior,-1,1,1
96921,0,0.141493932,74,0,2790.0,5400.0,7,0,1,0,0.0,0.5165710053693761,1116.0848963592,Senior,-1,1,0
96947,0,0.598180901,53,0,4541.0,5400.0,14,0,2,0,2.0,0.8407702277356045,1816.7589085406,Senior,-1,1,0
97015,0,0.835354548,65,0,3231.0,5400.0,10,0,1,0,0.0,0.5982225513793742,1292.9012127288,Senior,-1,1,0
97035,0,0.040040495,47,0,3750.0,5400.0,12,0,3,0,2.0,0.6943158674319571,1500.024024297,Mid,-1,1,0
97040,0,0.251495164,43,0,4025.0,5400.0,10,0,2,0,3.0,0.7452323643769673,1610.1508970984,Mid,-1,1,0
97053,0,0.39881336,40,0,2657.0,5400.0,6,0,1,0,0.0,0.4919459359377893,1063.039288016,Mid,-1,1,0
97066,0,0.9999999,48,3,3819.0,5400.0,8,0,1,0,0.0,0.7070912793927051,1528.1999999400002,Mid,-1,1,0
97127,0,0.410500655,48,5,3404.0,5400.0,17,0,2,1,1.0,0.6302536567302351,1361.846300393,Mid,-1,1,0
97168,1,0.596972432,53,0,2620.0,5400.0,13,0,1,0,0.0,0.4850953527124607,1048.3581834592,Senior,-1,1,0
97169,0,0.350183064,31,0,2372.0,5400.0,11,0,2,0,0.0,0.4391779300129605,949.0101098384,Mid,-1,1,0
97170,0,0.216925083,40,0,2708.0,5400.0,6,0,1,0,0.0,0.5013886317348639,1083.3301550498,Mid,-1,1,0
97212,0,0.750064372,41,0,4107.0,5400.0,7,0,2,0,0.0,0.7604147380114794,1643.2500386232002,Mid,-1,1,0
97214,0,0.018686916,60,0,5342.0,5400.0,6,0,3,0,1.0,0.9890760970190704,2136.8112121496,Senior,-1,1,0
97233,0,0.31772012,50,0,3010.0,5400.0,4,0,2,0,2.0,0.5573042029253842,1204.190632072,Mid,-1,1,0
97253,0,0.465913105,47,0,2905.0,5400.0,5,0,1,0,0.0,0.5378633586372894,1162.279547863,Mid,-1,1,0
97254,0,0.532360492,42,0,2724.0,5400.0,3,0,1,0,0.0,0.5043510461025736,1089.9194162952,Mid,-1,1,0
97268,0,0.37220568,43,0,2793.0,5400.0,10,0,1,0,0.0,0.5171264580633216,1117.423323408,Mid,-1,1,0
97339,0,0.872514966,47,0,2817.0,5400.0,8,0,1,0,2.0,0.5215700796148861,1127.3235089796,Mid,-1,1,0
97370,1,0.960968558,45,2,4824.0,5400.0,9,5,3,1,0.0,0.8931679318644695,1930.1765811348,Mid,-1,1,0
97373,0,0.012094461,58,0,7529.0,5400.0,14,0,4,0,0.0,1.3940011109053878,3011.6072566766,Senior,-1,1,1
97411,0,0.380573084,65,0,5568.0,5400.0,8,0,3,0,0.0,1.0309201999629698,2227.4283438504003,Senior,-1,1,0
97431,0,0.221705237,61,0,3333.0,5400.0,8,0,3,0,0.0,0.6171079429735234,1333.3330231422,Senior,-1,1,0
97455,0,0.396738138,57,0,7057.0,5400.0,20,0,2,0,0.0,1.3066098870579523,2823.0380428828003,Senior,-1,1,1
97459,0,0.9999999,41,0,1633.0,5400.0,5,0,1,0,0.0,0.3023514164043696,653.79999994,Mid,-1,1,0
97464,0,0.972572735,41,0,3599.0,5400.0,12,0,1,0,3.0,0.6663580818366969,1440.183543641,Mid,-1,1,0
97471,0,0.271058948,46,0,3376.0,5400.0,9,0,2,0,0.0,0.6250694315867432,1350.5626353688,Mid,-1,1,0
97479,0,0.087686631,63,0,47.5,1.0,10,0,0,0,0.0,23.75,19.0526119786,Senior,-1,1,0
97487,0,0.9999999,54,0,4251.0,5400.0,6,0,1,0,0.0,0.7870764673208666,1700.9999999400002,Senior,-1,1,0
97512,0,0.138247425,60,0,5665.0,5400.0,32,0,2,0,0.0,1.04887983706721,2266.082948455,Senior,-1,1,0
97517,0,0.240394313,68,0,3638.0,5400.0,13,0,2,0,0.0,0.6735789668579892,1455.3442365878,Senior,-1,1,0
97521,0,0.629847976,73,0,2630.0,5400.0,15,0,2,0,0.0,0.4869468616922792,1052.3779087856,Senior,-1,1,0
97530,0,0.996710526,26,0,729.0,5400.0,6,5,0,1,0.0,0.1349750046287724,292.19802631560003,Young,-1,1,0
97599,0,0.451278422,47,1,1288.0,1.0,9,0,1,0,0.0,644.0,515.4707670532,Mid,-1,1,1
97621,0,0.852621053,28,0,665.0,5400.0,1,0,0,0,0.0,0.1231253471579337,266.5115726318,Young,-1,1,0
97622,0,0.0,55,0,5179.0,5400.0,9,0,3,0,0.0,0.958896500648028,2071.6,Senior,-1,1,0
97629,0,0.012831628,64,0,10047.0,5400.0,17,0,4,0,1.0,1.8602110720236993,4018.8076989768,Senior,-1,1,1
97669,0,0.10830436,75,0,2627.0,5400.0,11,0,3,0,0.0,0.4863914089983336,1050.864982616,Senior,-1,1,0
97684,0,0.55561429,37,0,3158.0,5400.0,11,0,1,0,0.0,0.5847065358266987,1263.533368574,Mid,-1,1,0
97715,0,0.029292682,39,0,3315.0,5400.0,6,0,3,0,0.0,0.6137752268098501,1326.0175756092,Mid,-1,1,0
97717,0,0.204495679,79,0,2486.0,5400.0,7,0,3,0,0.0,0.460285132382892,994.5226974074,Senior,-1,1,0
97742,0,0.586283931,56,0,2495.0,5400.0,4,0,1,0,1.0,0.4619514904647288,998.3517703586,Senior,-1,1,0
97749,0,0.078997531,88,0,2449.0,5400.0,8,0,2,0,0.0,0.4534345491575634,979.6473985186,Senior,-1,1,0
97791,0,0.352891066,39,0,6287.0,5400.0,12,0,2,0,0.0,1.1640436956119238,2515.0117346396,Mid,-1,1,0
97816,0,0.382862809,55,0,5905.0,5400.0,17,0,2,0,1.0,1.0933160525828551,2362.2297176854,Senior,-1,1,0
97820,0,0.351587215,51,0,3059.0,5400.0,10,0,2,0,0.0,0.5663765969264951,1223.8109523290002,Senior,-1,1,0
97823,0,0.01696817,66,0,3409.0,5400.0,10,0,4,0,0.0,0.6311794112201444,1363.610180902,Senior,-1,1,0
97832,0,0.887140857,24,0,918.0,5400.0,3,0,0,0,0.0,0.169968524347343,367.7322845142001,Young,-1,1,0
97849,0,0.179329873,38,0,3949.0,5400.0,9,0,1,0,0.0,0.7311608961303462,1579.7075979238002,Mid,-1,1,0
97860,0,0.004304493,58,0,4563.0,5400.0,6,0,2,0,0.0,0.8448435474912054,1825.2025826958,Senior,-1,1,0
97878,0,0.024510566,78,0,2372.0,5400.0,7,0,1,0,0.0,0.4391779300129605,948.8147063396,Senior,-1,1,0
97903,1,0.81759609,32,0,2841.0,5400.0,7,0,2,0,1.0,0.5260137011664506,1136.890557654,Mid,-1,1,0
97905,0,0.067237028,43,0,4193.0,5400.0,10,0,3,0,0.0,0.776337715237919,1677.2403422168,Mid,-1,1,0
97922,0,0.447863691,48,0,4495.0,5400.0,10,0,1,0,3.0,0.8322532864284392,1798.2687182146,Mid,-1,1,0
97957,0,0.626516351,46,0,4549.0,5400.0,7,0,1,0,2.0,0.8422514349194593,1819.9759098106,Mid,-1,1,0
97969,0,0.04711149,34,0,4219.0,5400.0,9,0,2,0,0.0,0.7811516385854471,1687.628266894,Mid,-1,1,0
97973,0,0.225745654,48,0,7946.0,5400.0,27,0,6,0,0.0,1.4712090353638214,3178.5354473924,Mid,-1,1,1
98002,0,0.460843157,41,0,2134.0,5400.0,10,0,1,0,2.0,0.395112016293279,853.8765058942,Mid,-1,1,0
98008,0,0.0,40,0,3359.0,5400.0,9,0,3,0,0.0,0.6219218663210516,1343.6,Mid,-1,1,0
98038,0,0.063947185,56,0,5009.0,5400.0,8,0,3,0,0.0,0.9274208479911128,2003.638368311,Senior,-1,1,0
98068,0,0.938939431,47,0,6464.0,5400.0,14,0,2,0,0.0,1.196815404554712,2586.1633636586,Mid,-1,1,0
98133,0,0.504161642,51,0,4725.0,5400.0,9,0,2,0,5.0,0.8748379929642659,1890.3024969852,Senior,-1,1,0
98154,0,0.429877534,51,2,10046.0,5400.0,11,0,3,0,1.0,1.8600259211257175,4018.6579265204,Senior,-1,1,1
98174,0,0.091345433,47,0,3544.0,5400.0,6,0,2,0,0.0,0.6561747824476949,1417.6548072598002,Mid,-1,1,0
98222,0,0.109283317,66,0,8860.0,5400.0,17,0,5,0,0.0,1.6404369561192371,3544.0655699902,Senior,-1,1,1
98240,0,0.9999999,24,0,1219.0,5400.0,5,0,1,0,0.0,0.2256989446398815,488.19999994,Young,-1,1,0
98241,1,0.353583268,55,0,3483.0,5400.0,9,0,2,0,0.0,0.6448805776708018,1393.4121499608,Senior,-1,1,0
98269,0,0.0,75,0,6550.0,5400.0,9,0,4,0,0.0,1.2127383817811517,2620.0,Senior,-1,1,1
98315,0,0.077478507,43,0,3337.0,5400.0,3,0,1,0,0.0,0.6178485465654509,1334.8464871042002,Mid,-1,1,0
98318,0,0.598361675,64,1,2489.0,5400.0,20,0,2,0,0.0,0.4608405850768376,995.959017005,Senior,-1,1,0
98324,0,0.006148233,62,0,4991.0,5400.0,8,0,4,0,0.0,0.9240881318274392,1996.4036889398,Senior,-1,1,0
98338,0,0.0,31,0,3318.0,5400.0,8,1,1,0,0.0,0.6143306795037956,1327.2,Mid,-1,1,0
98348,0,0.148351845,69,0,4026.0,5400.0,6,0,2,0,0.0,0.745417515274949,1610.489011107,Senior,-1,1,0
98356,1,0.257638463,54,0,7955.0,5400.0,10,0,1,0,2.0,1.4728753934456582,3182.1545830778,Senior,-1,1,1
98384,1,0.93510337,46,0,4014.0,5400.0,12,0,1,1,1.0,0.7431957044991668,1606.161062022,Mid,-1,1,0
98394,0,0.112156709,50,0,3381.0,5400.0,21,0,1,0,2.0,0.6259951860766525,1352.4672940254002,Mid,-1,1,0
98398,0,0.403432527,69,0,2400.0,5400.0,12,0,1,0,0.0,0.4443621551564525,960.2420595162,Senior,-1,1,0
98418,0,0.059324202,41,0,3332.0,5400.0,6,0,1,0,0.0,0.6169227920755416,1332.8355945212002,Mid,-1,1,0
98453,0,0.310073096,43,0,385.5,1.0,6,0,0,0,3.0,192.75,154.3860438576,Mid,-1,1,0
98457,0,0.641183487,73,1,1708.0,5400.0,5,0,1,1,0.0,0.3162377337530087,683.5847100922,Senior,-1,1,0
98468,0,0.211736685,48,0,9877.0,5400.0,21,0,3,0,4.0,1.828735419366784,3950.927042011,Mid,-1,1,1
98472,0,0.403181291,70,2,5755.0,5400.0,6,0,1,0,0.0,1.0655434178855767,2302.2419087746,Senior,-1,1,0
98475,0,0.261410477,55,0,3741.0,5400.0,6,0,1,0,0.0,0.6926495093501204,1496.5568462862002,Senior,-1,1,0
98517,0,0.9999999,94,0,2.243512974,500.0,4,0,1,0,0.0,0.0044780698083832,1.4974051296000002,Senior,-1,1,0
98519,0,0.920995994,60,0,3265.0,5400.0,7,0,1,0,0.0,0.6045176819107573,1306.5525975964,Senior,-1,1,0
98524,0,0.9999999,60,0,1664.0,5400.0,3,0,1,0,0.0,0.3080910942418071,666.19999994,Senior,-1,1,0
98529,0,0.058134405,37,0,3213.0,5400.0,11,0,2,0,2.0,0.5948898352157008,1285.234880643,Mid,-1,1,0
98539,0,0.101345426,69,0,3267.0,5400.0,13,0,2,0,2.0,0.604887983706721,1306.8608072556,Senior,-1,1,0
98560,0,0.9999999,48,0,2162.0,5400.0,6,0,1,0,0.0,0.4002962414367709,865.39999994,Mid,-1,1,0
98589,1,0.724413268,32,0,2857.0,5400.0,9,0,1,0,2.0,0.5289761155341604,1143.2346479608,Mid,-1,1,0
98594,0,0.426102956,37,0,2784.0,5400.0,2,0,1,0,0.0,0.5154600999814849,1113.8556617736,Mid,-1,1,0
98598,0,0.115175294,51,0,5024.0,5400.0,3,0,2,0,0.0,0.9301981114608406,2009.6691051764,Senior,-1,1,0
98607,1,0.054198053,45,0,3199.0,5400.0,18,0,2,0,1.0,0.5922977226439549,1279.6325188318,Mid,-1,1,0
98611,0,0.9999999,32,0,4640.0,5400.0,8,0,1,0,0.0,0.8591001666358082,1856.59999994,Mid,-1,1,0
98620,0,0.9999999,54,0,1757.0,5400.0,5,0,2,0,0.0,0.3253101277541196,703.39999994,Senior,-1,1,0
98676,0,0.404343543,63,1,3636.0,5400.0,14,0,2,0,0.0,0.6732086650620256,1454.6426061258,Senior,-1,1,0
98770,0,0.111084968,65,0,56.5,1.0,3,0,0,0,0.0,28.25,22.6666509808,Senior,-1,1,0
98777,1,0.416342838,47,4,5245.0,5400.0,18,0,2,0,2.0,0.9711164599148304,2098.2498057028,Mid,-1,1,0
98816,0,0.943711563,31,0,733.0,5400.0,5,0,0,0,0.0,0.1357156082206998,293.7662269378,Mid,-1,1,0
98842,0,0.13342023,66,0,4926.0,5400.0,23,0,2,0,1.0,0.9120533234586188,1970.480052138,Senior,-1,1,0
98848,0,0.866345575,44,0,2801.0,5400.0,10,0,0,0,0.0,0.5186076652471765,1120.919807345,Mid,-1,1,0
98868,0,0.212602996,57,1,4273.0,5400.0,31,0,2,0,0.0,0.7911497870764673,1709.3275617976,Senior,-1,1,0
98890,0,0.453672606,49,1,2908.0,5400.0,10,0,1,0,0.0,0.5384188113312349,1163.4722035636,Mid,-1,1,0
98937,0,0.0,45,0,3191.0,5400.0,7,0,1,0,0.0,0.5908165154601,1276.4,Mid,-1,1,0
98950,0,0.368285794,47,0,5551.0,5400.0,6,0,3,0,0.0,1.0277726346972782,2220.6209714764,Mid,-1,1,0
98971,0,0.009003979,39,0,3782.0,5400.0,8,0,2,0,0.0,0.7002406961673764,1512.8054023874,Mid,-1,1,0
98974,0,0.325858374,33,0,2477.0,5400.0,17,0,2,0,0.0,0.4586187743010553,990.9955150244,Mid,-1,1,0
98979,0,0.020595526,50,0,3846.0,5400.0,12,0,1,0,0.0,0.7120903536382152,1538.4123573156,Mid,-1,1,0
99011,0,0.726374198,59,0,3810.0,5400.0,5,0,1,0,0.0,0.7054249213108683,1524.4358245188,Senior,-1,1,0
99013,0,0.021498656,32,0,2893.0,5400.0,5,0,1,0,0.0,0.5356415478615071,1157.2128991936002,Mid,-1,1,0
99021,0,0.043380197,39,0,700.0,1.0,4,0,1,0,2.0,350.0,280.0260281182,Mid,-1,1,1
99045,0,0.098193244,47,0,1953.5,1.0,9,0,2,0,3.0,976.75,781.4589159464001,Mid,-1,1,1
99053,1,0.272048377,54,1,6635.0,5400.0,10,0,6,0,0.0,1.2284762081096092,2654.1632290262,Senior,-1,1,1
99072,0,0.087661653,75,0,2989.0,5400.0,12,0,2,0,1.0,0.5534160340677652,1195.6525969918002,Senior,-1,1,0
99089,0,0.337443644,69,0,1465.5,1.0,7,0,1,0,0.0,732.75,586.4024661864,Senior,-1,1,1
99100,0,0.002707345,57,1,3949.0,5400.0,13,0,5,0,0.0,0.7311608961303462,1579.601624407,Senior,-1,1,0
99124,0,0.295461898,78,0,3522.0,5400.0,8,0,1,0,0.0,0.652101462692094,1408.9772771388002,Senior,-1,1,0
99129,0,0.863423049,65,0,4697.0,5400.0,17,0,0,0,2.0,0.869653767820774,1879.3180538294,Senior,-1,1,0
99136,0,0.002079713,39,0,3077.0,5400.0,11,0,1,0,1.0,0.5697093130901685,1230.8012478278,Mid,-1,1,0
99173,0,0.109527945,47,0,4670.0,5400.0,5,0,1,0,0.0,0.8646546935752638,1868.065716767,Mid,-1,1,0
99178,0,0.9999999,58,0,752.0,1.0,2,0,1,0,0.0,376.0,301.39999994,Senior,-1,1,1
99202,0,0.044795587,54,0,7482.0,5400.0,15,0,4,1,0.0,1.3852990187002407,2992.8268773522,Senior,-1,1,1
99253,0,0.011691858,62,0,7704.0,5400.0,18,0,3,0,0.0,1.4264025180522126,3081.607015114801,Senior,-1,1,1
99281,0,0.712609844,31,0,3487.0,5400.0,6,0,1,0,0.0,0.6456211812627292,1395.2275659064003,Mid,-1,1,0
99283,0,0.008783969,76,0,2159.0,5400.0,9,0,2,0,0.0,0.3997407887428254,863.6052703814,Senior,-1,1,0
99302,0,0.00720612,67,0,11279.0,5400.0,10,0,4,0,0.0,2.0883169783373448,4511.604323672001,Senior,-1,1,1
99335,0,0.9999999,32,0,1193.0,5400.0,4,1,0,0,0.0,0.2208850212923532,477.79999994,Mid,-1,1,0
99336,0,0.000813859,50,0,3834.0,5400.0,5,0,2,0,0.0,0.7098685428624328,1533.6004883154,Mid,-1,1,0
99340,0,0.263930878,89,0,2166.0,5400.0,4,0,1,0,0.0,0.4010368450286984,866.5583585268001,Senior,-1,1,0
99408,0,0.25908558,72,0,3724.0,5400.0,6,0,4,0,0.0,0.6895019440844288,1489.7554513480002,Senior,-1,1,0
99514,1,0.576986595,44,0,4160.0,5400.0,14,0,2,0,2.0,0.7702277356045176,1664.346191957,Mid,-1,1,0
99526,0,0.058183013,71,0,3083.0,5400.0,8,0,1,0,0.0,0.5708202184780596,1233.2349098078,Senior,-1,1,0
99527,0,0.085054331,56,3,7708.0,5400.0,20,0,10,0,0.0,1.42714312164414,3083.2510325986004,Senior,-1,1,1
99552,0,0.963822257,62,1,2808.0,5400.0,11,0,1,0,0.0,0.5199037215330494,1123.7782933542,Senior,-1,1,0
99559,0,0.003626688,49,0,4124.0,5400.0,12,0,3,0,1.0,0.7635623032771709,1649.6021760128,Mid,-1,1,0
99571,0,0.0,45,0,6636.0,5400.0,7,0,4,0,0.0,1.2286613590075912,2654.4,Mid,-1,1,1
99577,0,0.491500274,48,0,4359.0,5400.0,7,0,2,0,2.0,0.8070727643029069,1743.8949001644,Mid,-1,1,0
99583,0,0.89309337,51,0,2905.0,5400.0,12,0,1,0,0.0,0.5378633586372894,1162.535856022,Senior,-1,1,0
99599,0,0.587134048,51,1,683.0,1.0,5,0,1,0,3.0,341.5,273.5522804288,Senior,-1,1,1
99644,0,0.179706513,67,0,3191.0,5400.0,12,0,0,0,0.0,0.5908165154601,1276.5078239078,Senior,-1,1,0
99667,0,0.395285343,52,0,2791.0,5400.0,13,0,1,0,3.0,0.5167561562673579,1116.6371712058,Senior,-1,1,0
99671,0,0.9999999,50,0,1893.0,5400.0,5,0,2,0,2.0,0.3504906498796519,757.79999994,Mid,-1,1,0
99674,0,0.07630106,66,0,5331.0,5400.0,15,0,2,0,0.0,0.9870394371412702,2132.445780636,Senior,-1,1,0
99699,0,0.932337844,48,0,2228.0,5400.0,5,0,1,0,0.0,0.4125162007035734,891.7594027064,Mid,-1,1,0
99744,0,0.023560101,75,0,2597.0,5400.0,9,0,1,0,0.0,0.480836882058878,1038.8141360606,Senior,-1,1,0
99789,0,0.398111899,64,0,2580.0,5400.0,7,0,2,0,0.0,0.4776893167931864,1032.2388671394,Senior,-1,1,0
99858,0,0.124721954,45,0,8893.0,5400.0,14,0,7,0,2.0,1.6465469357526383,3557.2748331724,Mid,-1,1,1
99900,0,0.263286836,57,0,3158.0,5400.0,7,0,2,0,3.0,0.5847065358266987,1263.3579721016,Senior,-1,1,0
99947,0,0.838720077,49,1,2706.0,5400.0,13,0,2,0,0.0,0.5010183299389002,1082.9032320462002,Mid,-1,1,0
99970,0,0.151324585,64,0,6040.0,5400.0,16,0,2,0,0.0,1.1183114238104055,2416.090794751,Senior,-1,1,0
99996,0,0.558444392,40,0,3034.0,5400.0,8,0,2,0,0.0,0.5617478244769487,1213.9350666352002,Mid,-1,1,0
100005,0,0.9999999,42,0,1816.0,5400.0,3,0,1,0,0.0,0.336234030735049,726.9999999400001,Mid,-1,1,0
100015,0,0.988167653,27,0,3934.0,5400.0,7,0,2,0,3.0,0.7283836326606185,1574.1929005918,Young,-1,1,0
100035,0,0.040162721,54,0,3827.0,5400.0,12,0,2,0,0.0,0.7085724865765599,1530.8240976326,Senior,-1,1,0
100046,0,0.727777778,38,0,2524.0,5400.0,10,0,2,0,0.0,0.4673208665062026,1010.0366666668,Mid,-1,1,0
100077,0,0.13486367,40,0,6555.0,5400.0,9,0,2,0,0.0,1.213664136271061,2622.080918202,Mid,-1,1,1
100111,0,0.825143083,58,0,2397.0,5400.0,8,0,1,0,1.0,0.4438067024625069,959.2950858498,Senior,-1,1,0
100138,1,0.015025403,56,0,3359.0,5400.0,12,0,2,0,1.0,0.6219218663210516,1343.6090152418,Senior,-1,1,0
100149,0,0.199895661,57,0,138.0,1.0,5,0,1,0,0.0,69.0,55.3199373966,Senior,-1,1,0
100158,0,0.9999999,64,1,3536.0,5400.0,9,0,4,0,0.0,0.65469357526384,1414.9999999400002,Senior,-1,1,0
100167,0,0.014542126,48,0,5201.0,5400.0,9,0,4,0,3.0,0.962969820403629,2080.4087252756003,Mid,-1,1,0
100169,0,0.066841763,45,0,4123.0,5400.0,7,0,1,0,0.0,0.763377152379189,1649.2401050578,Mid,-1,1,0
100181,0,0.551979236,49,1,6592.0,5400.0,15,0,3,0,0.0,1.2205147194963897,2637.1311875416,Mid,-1,1,1
100198,0,0.447051764,77,0,2225.0,5400.0,17,0,1,0,0.0,0.4119607480096278,890.2682310584,Senior,-1,1,0
100199,0,0.005738881,37,0,4568.0,5400.0,6,0,2,0,0.0,0.8457693019811147,1827.2034433286,Mid,-1,1,0
100227,0,0.973144136,42,0,3643.0,5400.0,9,0,1,0,1.0,0.6745047213478985,1457.7838864816,Mid,-1,1,0
100245,0,0.122193034,35,0,2793.0,5400.0,7,0,2,0,0.0,0.5171264580633216,1117.2733158204,Mid,-1,1,0
100253,0,0.49300056,51,1,11852.0,5400.0,13,0,5,0,2.0,2.194408442880948,4741.095800336,Senior,-1,1,1
100274,0,0.452714612,50,0,6073.0,5400.0,8,0,3,0,0.0,1.1244214034438067,2429.4716287672004,Mid,-1,1,0
100277,1,0.684075221,55,0,3825.0,5400.0,17,0,2,0,2.0,0.7082021847805962,1530.4104451326,Senior,-1,1,0
100296,0,0.038199045,81,0,2295.0,5400.0,8,0,1,0,0.0,0.4249213108683577,918.022919427,Senior,-1,1,0
100309,0,0.9999999,54,0,2613.0,5400.0,5,0,2,0,0.0,0.4837992964265876,1045.79999994,Senior,-1,1,0
100324,0,0.062133129,58,0,4652.0,5400.0,10,0,5,0,0.0,0.8613219774115904,1860.8372798774,Senior,-1,1,0
100385,0,0.310472886,56,0,6161.0,5400.0,17,0,2,0,0.0,1.14071468246621,2464.5862837316,Senior,-1,1,0
100392,0,0.018398773,56,0,6814.0,5400.0,8,0,2,0,0.0,1.2616182188483611,2725.6110392638,Senior,-1,1,1
100405,0,0.00807114,61,0,3498.0,5400.0,12,0,3,0,0.0,0.6476578411405295,1399.204842684,Senior,-1,1,0
100419,0,0.737815546,37,2,168.0,1.0,3,1,0,0,0.0,84.0,67.6426893276,Mid,-1,1,0
100421,1,0.999750062,41,1,1287.0,5400.0,2,1,1,1,0.0,0.2382892057026476,515.3998500372,Mid,-1,1,0
100427,0,0.985074627,41,0,9354.0,5400.0,11,0,0,0,0.0,1.7319014997222737,3742.1910447762,Mid,-1,1,1
100445,1,0.906541044,38,1,2560.0,5400.0,15,0,2,0,0.0,0.4739862988335493,1024.5439246264,Mid,-1,1,0
100446,0,0.839267972,62,1,2623.0,5400.0,8,0,1,0,0.0,0.4856508054064062,1049.7035607832,Senior,-1,1,0
100449,0,0.068827854,37,0,4124.0,5400.0,11,0,3,0,6.0,0.7635623032771709,1649.6412967124002,Mid,-1,1,0
100462,0,0.23406351,52,0,7213.0,5400.0,16,0,3,0,0.0,1.3354934271431216,2885.3404381060004,Senior,-1,1,1
100467,0,0.424041172,91,1,1855.0,5400.0,6,0,0,0,0.0,0.3434549157563414,742.2544247032,Senior,-1,1,0
100469,0,0.685129407,57,0,6085.0,5400.0,10,0,1,0,0.0,1.126643214219589,2434.4110776442,Senior,-1,1,0
100477,0,0.100920489,55,0,5503.0,5400.0,5,0,2,0,2.0,1.0188853915941491,2201.2605522934005,Senior,-1,1,0
100496,0,0.293511106,53,1,4386.0,5400.0,9,0,1,0,0.0,0.8120718385484169,1754.5761066636,Senior,-1,1,0
100666,0,0.913547632,60,0,4948.0,5400.0,12,0,2,0,3.0,0.9161266432142195,1979.7481285792,Senior,-1,1,0
100674,0,0.272462408,64,0,3450.0,5400.0,13,0,2,0,1.0,0.6387705980374004,1380.1634774448,Senior,-1,1,0
100709,0,0.120032287,45,0,5228.0,5400.0,4,0,1,0,0.0,0.967968894649139,2091.2720193722,Mid,-1,1,0
100721,0,0.9999999,87,0,754.0,5400.0,1,0,1,0,0.0,0.1396037770783188,302.19999994,Senior,-1,1,0
100749,0,0.571362412,78,0,2288.0,5400.0,11,0,1,0,0.0,0.4236252545824847,915.5428174472,Senior,-1,1,0
100805,0,0.063077188,36,0,3662.0,5400.0,10,0,1,0,1.0,0.6780225884095538,1464.8378463128,Mid,-1,1,0
100842,0,0.012878398,67,0,4173.0,5400.0,6,0,3,0,0.0,0.7726346972782818,1669.2077270388002,Senior,-1,1,0
100905,0,0.029381636,53,0,490.5,1.0,8,0,2,0,2.0,245.25,196.21762898160003,Senior,-1,1,0
100956,0,0.9999999,33,0,199.0,1.0,1,0,0,0,0.0,99.5,80.19999994000001,Mid,-1,1,0
101042,0,0.481752301,44,0,3878.0,5400.0,11,0,2,0,0.0,0.7180151823736345,1551.4890513806,Mid,-1,1,0
101056,0,0.035169241,42,1,4064.0,5400.0,8,0,3,0,0.0,0.7524532493982595,1625.6211015446002,Mid,-1,1,0
101074,0,0.412834597,61,0,4523.0,5400.0,7,0,2,0,0.0,0.8374375115719311,1809.4477007582,Senior,-1,1,0
101115,1,0.351737741,63,0,928.0,1.0,17,0,2,0,0.0,464.0,371.41104264460006,Senior,-1,1,1
101122,0,0.080522597,48,0,3471.0,5400.0,6,0,2,0,0.0,0.6426587668950194,1388.4483135582002,Mid,-1,1,0
101141,0,0.997600033,53,1,12932.0,5400.0,13,0,2,0,0.0,2.394371412701352,5173.3985600198,Senior,-1,1,1
101149,0,0.0,29,1,2665.0,5400.0,9,0,1,0,0.0,0.4934271431216441,1066.0,Young,-1,1,0
101174,0,0.125357938,34,0,3369.0,5400.0,6,0,2,0,0.0,0.6237733753008702,1347.6752147628,Mid,-1,1,0
101179,0,0.292184439,52,0,5980.0,5400.0,20,0,1,0,4.0,1.107202369931494,2392.1753106634,Senior,-1,1,0
101249,0,0.204173477,63,0,2986.0,5400.0,12,0,1,0,0.0,0.5528605813738197,1194.5225040862,Senior,-1,1,0
101269,0,0.316504618,65,0,3713.0,5400.0,27,0,2,0,1.0,0.6874652842066284,1485.3899027708,Senior,-1,1,0
101276,0,0.516176898,37,0,2491.0,5400.0,11,0,0,0,0.0,0.4612108868728013,996.7097061388,Mid,-1,1,0
101306,1,0.786172507,38,0,5227.0,5400.0,19,0,2,0,3.0,0.9677837437511572,2091.2717035042,Mid,-1,1,0
101331,0,0.100980827,55,0,3484.0,5400.0,11,0,1,0,2.0,0.6450657285687835,1393.6605884962,Senior,-1,1,0
101407,0,0.9999999,41,0,2963.0,5400.0,5,0,1,0,0.0,0.548602110720237,1185.79999994,Mid,-1,1,0
101417,0,0.003492909,36,0,2779.0,5400.0,9,0,2,0,0.0,0.5145343454915756,1111.6020957454002,Mid,-1,1,0
101424,1,0.828268046,42,4,9638.0,5400.0,14,0,4,1,1.0,1.7844843547491205,3855.6969608276,Mid,-1,1,1
101427,0,0.339227849,69,5,5732.0,5400.0,8,2,3,1,0.0,1.061284947231994,2293.0035367094,Senior,-1,1,0
101449,0,0.376566801,40,0,4212.0,5400.0,9,0,1,0,3.0,0.7798555822995742,1685.0259400806,Mid,-1,1,0
101495,1,0.9999999,53,6,2462.0,5400.0,4,2,1,1,0.0,0.4558415108313275,985.39999994,Senior,-1,1,0
101517,0,0.9999999,57,0,3114.0,5400.0,4,0,1,0,0.0,0.5765598963154971,1246.1999999400002,Senior,-1,1,0
101532,1,0.881808231,80,1,2618.0,5400.0,10,0,1,1,0.0,0.4847250509164969,1047.7290849386,Senior,-1,1,0
101543,0,0.510078633,57,1,4215.0,5400.0,9,0,2,0,2.0,0.7804110349935197,1686.3060471798,Senior,-1,1,0
101589,0,0.076349288,45,0,3431.0,5400.0,9,0,2,0,0.0,0.6352527309757452,1372.4458095728,Mid,-1,1,0
101592,0,0.467670901,45,0,3768.0,5400.0,17,0,2,0,0.0,0.6976485835956304,1507.4806025406,Mid,-1,1,0
101608,0,0.173952084,44,0,4647.0,5400.0,4,0,1,0,0.0,0.8603962229216812,1858.9043712504,Mid,-1,1,0
101615,0,0.052804012,56,0,5388.0,5400.0,21,0,2,0,0.0,0.997593038326236,2155.2316824072004,Senior,-1,1,0
101635,0,0.961321547,43,0,2387.0,5400.0,2,0,1,0,2.0,0.4419551934826884,955.3767929282,Mid,-1,1,0
101651,0,0.051630498,33,0,3300.0,5400.0,13,0,1,0,1.0,0.6109979633401222,1320.0309782988,Mid,-1,1,0
101670,0,0.988821828,46,0,4329.0,5400.0,8,0,3,0,3.0,0.8015182373634512,1732.1932930968,Mid,-1,1,0
101690,0,0.006463218,61,0,313.0,1.0,6,0,1,0,0.0,156.5,125.2038779308,Senior,-1,1,0
101702,0,0.964138064,45,0,1989.0,5400.0,5,1,1,0,2.0,0.36826513608591,796.1784828384,Mid,-1,1,0
101744,0,0.705458908,58,0,3976.0,5400.0,11,0,2,0,2.0,0.7361599703758563,1590.8232753448,Senior,-1,1,0
101746,0,0.924878606,42,0,2299.0,5400.0,7,0,1,0,0.0,0.4256619144602851,920.1549271636,Mid,-1,1,0
101758,0,0.107933609,62,0,5362.0,5400.0,14,0,5,0,0.0,0.9927791149787076,2144.8647601654,Senior,-1,1,0
101807,0,0.031761803,28,1,262.5,1.0,12,0,0,0,2.0,131.25,105.0190570818,Young,-1,1,0
101863,0,0.732818032,46,0,5580.0,5400.0,6,0,2,0,0.0,1.033142010738752,2232.4396908192,Mid,-1,1,0
101877,0,0.9999999,36,0,2054.0,5400.0,3,0,1,0,0.0,0.3802999444547306,822.19999994,Mid,-1,1,0
101910,0,0.389805097,30,0,588.5,1.0,4,0,1,0,0.0,294.25,235.6338830582,Young,-1,1,1
101921,0,0.300777196,61,0,2794.0,5400.0,4,0,2,0,0.0,0.5173116089613035,1117.7804663176,Senior,-1,1,0
101932,0,0.058250541,48,0,4025.0,5400.0,19,0,2,0,0.0,0.7452323643769673,1610.0349503246,Mid,-1,1,0
101942,0,0.536734587,62,1,3121.0,5400.0,11,0,1,0,0.0,0.5778559526013701,1248.7220407522002,Senior,-1,1,0
101964,0,0.02105215,41,0,3583.0,5400.0,11,0,2,0,0.0,0.6633956674689873,1433.21263129,Mid,-1,1,0
102109,0,0.098959611,42,0,4893.0,5400.0,21,0,2,0,3.0,0.9059433438252176,1957.2593757666,Mid,-1,1,0
102139,0,0.938252682,65,0,2221.0,5400.0,6,0,1,0,0.0,0.4112201444177004,888.9629516092001,Senior,-1,1,0
102140,0,0.768111594,65,0,3671.0,5400.0,5,0,2,0,0.0,0.6796889464913904,1468.8608669564,Senior,-1,1,0
102160,0,0.153733155,68,0,4023.0,5400.0,26,0,4,0,1.0,0.7448620625810035,1609.292239893,Senior,-1,1,0
102175,0,0.9999999,27,0,3084.0,5400.0,2,0,2,0,0.0,0.5710053693760415,1234.1999999400002,Young,-1,1,0
102188,0,0.210848974,46,0,3932.0,5400.0,10,0,1,0,0.0,0.7280133308646547,1572.9265093844,Mid,-1,1,0
102192,0,0.298962839,41,0,9768.0,5400.0,10,0,3,0,0.0,1.8085539714867616,3907.3793777034,Mid,-1,1,1
102198,0,0.475196724,65,0,4293.0,5400.0,11,0,1,0,0.0,0.7948528050361044,1717.4851180344,Senior,-1,1,0
102259,0,0.097785282,59,0,4573.0,5400.0,12,0,2,0,0.0,0.8466950564710238,1829.2586711692,Senior,-1,1,0
102274,0,0.399682481,41,0,7079.0,5400.0,12,0,3,0,1.0,1.310683206813553,2831.8398094886,Mid,-1,1,1
102282,0,0.287647404,75,0,2250.0,5400.0,12,0,3,0,0.0,0.4165895204591742,900.1725884424,Senior,-1,1,0
102345,0,0.707191235,58,0,2900.0,5400.0,11,0,3,0,2.0,0.5369376041473801,1160.424314741,Senior,-1,1,0
102346,0,0.441167264,65,3,5487.0,5400.0,15,1,2,0,0.0,1.0159229772264395,2195.0647003584004,Senior,-1,1,0
102353,0,0.151224581,42,0,384.0,1.0,7,0,0,0,3.0,192.0,153.69073474860002,Mid,-1,1,0
102386,0,0.100252465,54,0,4345.0,5400.0,8,0,2,0,3.0,0.8044806517311609,1738.060151479,Senior,-1,1,0
102411,0,0.031034589,66,0,3705.0,5400.0,10,0,3,0,0.0,0.6859840770227735,1482.0186207534,Senior,-1,1,0
102433,0,0.134438935,37,0,1232.5,1.0,13,0,1,0,2.0,616.25,493.080663361,Mid,-1,1,1
102493,0,0.017583499,51,0,3733.0,5400.0,9,0,1,0,0.0,0.6911683021662655,1493.2105500994,Senior,-1,1,0
102497,1,0.401349073,40,5,5646.0,5400.0,8,1,2,1,2.0,1.0453619700055543,2258.6408094438,Mid,-1,1,0
102535,0,0.85276407,52,0,4515.0,5400.0,5,0,2,0,0.0,0.8359563043880763,1806.511658442,Senior,-1,1,0
102558,0,0.677629386,41,0,489.0,1.0,3,0,0,0,0.0,244.5,196.0065776316,Mid,-1,1,0
102577,0,0.155923954,53,0,4566.0,5400.0,9,0,2,0,0.0,0.8453990001851509,1826.4935543724,Senior,-1,1,0
102633,0,0.386182511,66,0,3661.0,5400.0,15,0,3,0,3.0,0.6778374375115719,1464.6317095066,Senior,-1,1,0
102646,0,0.9999999,68,0,1981.0,5400.0,1,0,1,0,0.0,0.3667839289020552,792.9999999400001,Senior,-1,1,0
102671,0,0.702286105,54,0,3173.0,5400.0,8,0,1,0,0.0,0.5874837992964266,1269.621371663,Senior,-1,1,0
102687,0,0.084423462,37,0,3944.0,5400.0,6,0,1,0,0.0,0.7302351416404369,1577.6506540772002,Mid,-1,1,0
102703,0,0.918003489,29,0,474.5,1.0,7,0,0,0,0.0,237.25,190.3508020934,Young,-1,1,0
102727,0,0.31140061,49,0,1933.0,1.0,12,0,2,0,2.0,966.5,773.386840366,Mid,-1,1,1
102766,0,0.246707289,62,0,3279.0,5400.0,14,0,1,0,1.0,0.6071097944825032,1311.7480243734,Senior,-1,1,0
102774,1,0.718658668,46,0,5932.0,5400.0,6,0,2,0,2.0,1.098315126828365,2373.2311952008004,Mid,-1,1,0
102777,0,0.053682386,75,0,2577.0,5400.0,43,0,1,0,0.0,0.4771338640992408,1030.8322094316,Senior,-1,1,0
102797,0,0.0,81,0,1959.0,5400.0,8,0,1,0,0.0,0.3627106091464543,783.6,Senior,-1,1,0
102808,0,0.998046693,56,0,2304.0,5400.0,11,0,0,1,0.0,0.4265876689501944,922.1988280158,Senior,-1,1,0
102844,0,0.465357095,52,0,2632.0,5400.0,3,0,1,0,1.0,0.4873171634882429,1053.079214257,Senior,-1,1,0
102857,0,0.022594542,68,0,3499.0,5400.0,19,0,1,0,0.0,0.6478429920385114,1399.6135567252002,Senior,-1,1,0
102885,0,0.734639457,45,0,5533.0,5400.0,11,0,2,0,0.0,1.0244399185336048,2213.6407836742,Mid,-1,1,0
102891,0,0.009094805,79,0,2027.0,5400.0,3,0,1,0,0.0,0.3753008702092205,810.805456883,Senior,-1,1,0
102895,0,0.241564223,71,0,2451.0,5400.0,11,0,1,0,0.0,0.4538048509535271,980.5449385338,Senior,-1,1,0
102939,1,0.466994057,40,0,4329.0,5400.0,26,0,2,0,2.0,0.8015182373634512,1731.8801964342,Mid,-1,1,0
103042,0,0.364845144,65,0,106885.0,5400.0,8,0,4,0,0.0,19.789853730790593,42754.2189070864,Senior,-1,1,1
103107,0,0.098434221,64,0,1371.0,1.0,22,0,1,0,0.0,685.5,548.4590605326,Senior,-1,1,1
103154,0,0.214356134,59,0,4278.0,5400.0,16,0,3,0,0.0,0.7920755415663766,1711.3286136804,Senior,-1,1,0
103195,0,0.647424464,49,0,3014.0,5400.0,7,0,2,0,4.0,0.5580448065173116,1205.9884546784,Mid,-1,1,0
103201,0,0.87470254,53,3,3361.0,5400.0,12,0,1,1,0.0,0.6222921681170154,1344.924821524,Senior,-1,1,0
103213,0,0.0,43,0,3800.0,5400.0,8,0,2,0,2.0,0.7035734123310498,1520.0,Mid,-1,1,0
103260,0,0.512450521,52,0,6103.0,5400.0,9,0,2,0,3.0,1.1299759303832624,2441.5074703126,Senior,-1,1,0
103263,1,0.209796653,42,0,6104.0,5400.0,22,0,8,0,1.0,1.1301610812812442,2441.7258779917997,Mid,-1,1,0
103304,0,0.209697111,31,1,3162.0,5400.0,5,0,1,0,0.0,0.5854471394186261,1264.9258182666,Mid,-1,1,0
103322,0,0.998271109,26,0,1493.0,5400.0,5,0,0,0,0.0,0.2764302906869098,597.7989626654,Young,-1,1,0
103332,0,0.9999999,44,0,1993.0,5400.0,2,0,1,0,0.0,0.3690057396778374,797.79999994,Mid,-1,1,0
103354,1,0.9999999,33,0,2330.0,5400.0,8,0,2,0,4.0,0.4314015922977226,932.59999994,Mid,-1,1,0
103383,0,0.876362473,53,0,3564.0,5400.0,7,0,1,0,0.0,0.659877800407332,1426.1258174838,Senior,-1,1,0
103389,0,0.9999999,55,1,3727.0,5400.0,4,1,1,1,0.0,0.6900573967783744,1491.3999999400005,Senior,-1,1,0
103409,0,0.930783864,48,1,2485.0,5400.0,15,0,2,0,0.0,0.4600999814849102,994.5584703184,Mid,-1,1,0
103410,0,0.362358131,64,0,3112.0,5400.0,24,0,1,0,0.0,0.5761895945195334,1245.0174148786002,Senior,-1,1,0
103426,0,0.019419855,65,0,6672.0,5400.0,15,0,3,0,2.0,1.235326791334938,2668.8116519130003,Senior,-1,1,1
103479,0,0.069707951,57,0,3444.0,5400.0,14,0,3,0,0.0,0.6376596926495094,1377.6418247706,Senior,-1,1,0
103537,0,0.005458106,43,0,3116.0,5400.0,6,0,1,0,0.0,0.5769301981114608,1246.4032748636,Mid,-1,1,0
103540,0,0.0,46,0,4188.0,5400.0,6,0,3,0,0.0,0.7754119607480097,1675.2,Mid,-1,1,0
103554,0,0.706133836,47,1,2943.0,5400.0,10,0,1,0,0.0,0.5448990927605999,1177.6236803016,Mid,-1,1,0
103560,0,0.343760416,60,0,3132.0,5400.0,9,0,2,0,0.0,0.5798926124791706,1253.0062562496005,Senior,-1,1,0
103565,0,0.284392967,69,0,4230.0,5400.0,6,0,3,0,0.0,0.7831882984632476,1692.1706357802,Senior,-1,1,0
103593,0,0.30046617,66,0,5666.0,5400.0,15,0,3,0,0.0,1.0490649879651917,2266.580279702,Senior,-1,1,0
103610,0,0.073347131,54,0,4581.0,5400.0,7,0,2,0,2.0,0.8481762636548787,1832.4440082786,Senior,-1,1,0
103620,0,0.0,45,0,3194.0,5400.0,7,0,2,0,0.0,0.5913719681540456,1277.6,Mid,-1,1,0
103635,0,0.45892338,52,1,3032.0,5400.0,10,0,1,0,1.0,0.561377522680985,1213.075354028,Senior,-1,1,0
103643,0,0.746138775,36,0,2782.0,5400.0,6,0,1,0,0.0,0.5150897981855213,1113.247683265,Mid,-1,1,0
103647,0,0.564578968,54,0,2970.0,5400.0,16,0,1,0,1.0,0.5498981670061099,1188.3387473808,Senior,-1,1,0
103663,0,0.010066331,39,0,3284.0,5400.0,9,0,1,0,0.0,0.6080355489724125,1313.6060397986002,Mid,-1,1,0
103683,0,0.212929764,62,0,4645.0,5400.0,15,0,1,0,0.0,0.8600259211257174,1858.1277578584,Senior,-1,1,0
103702,0,0.002422802,56,0,3496.0,5400.0,15,0,1,0,0.0,0.6472875393445658,1398.4014536812,Senior,-1,1,0
103714,0,0.242525249,47,0,4160.0,5400.0,5,0,2,0,0.0,0.7702277356045176,1664.1455151494,Mid,-1,1,0
103775,0,0.486231072,65,0,3063.0,5400.0,11,0,1,0,1.0,0.5671172005184225,1225.4917386432,Senior,-1,1,0
103785,0,0.247030908,54,0,3397.0,5400.0,13,0,1,0,0.0,0.6289576004443621,1358.9482185448005,Senior,-1,1,0
103837,0,0.001403386,92,0,4311.0,5400.0,7,0,4,0,0.0,0.7981855211997778,1724.4008420316002,Senior,-1,1,0
103883,0,0.0,61,0,4229.0,5400.0,6,0,2,0,0.0,0.7830031475652657,1691.6,Senior,-1,1,0
103885,0,0.509142132,39,0,3200.0,5400.0,20,0,2,0,4.0,0.5924828735419366,1280.3054852792,Mid,-1,1,0
103912,0,0.008886834,56,0,4354.0,5400.0,12,0,2,0,0.0,0.8061470098129976,1741.6053321004,Senior,-1,1,0
103921,0,0.0,38,0,3732.0,5400.0,4,0,1,0,0.0,0.6909831512682837,1492.8000000000002,Mid,-1,1,0
103930,0,0.0,50,0,3601.0,5400.0,6,0,1,0,0.0,0.6667283836326606,1440.4,Mid,-1,1,0
103936,0,0.47290235,44,0,4573.0,5400.0,8,0,2,0,1.0,0.8466950564710238,1829.48374141,Mid,-1,1,0
103938,0,0.05907841,75,0,3168.0,5400.0,5,0,1,0,0.0,0.5865580448065173,1267.235447046,Senior,-1,1,0
103956,0,0.9999999,51,1,1734.0,5400.0,2,1,1,1,3.0,0.3210516571005369,694.19999994,Senior,-1,1,0
103999,0,0.9999999,25,0,495.0,5400.0,3,0,0,0,0.0,0.0916496945010183,198.59999994,Young,-1,1,0
104001,1,0.941515206,65,1,5251.0,5400.0,11,5,2,4,0.0,0.9722273653027216,2100.9649091236,Senior,-1,1,0
104003,0,0.865803576,68,3,2473.0,5400.0,14,0,0,0,0.0,0.4578781707091279,989.7194821456,Senior,-1,1,0
104028,0,0.217323227,42,0,3800.0,5400.0,5,0,1,0,0.0,0.7035734123310498,1520.1303939362,Mid,-1,1,0
104055,0,0.9999999,73,0,1805.0,5400.0,4,0,1,0,0.0,0.3341973708572486,722.59999994,Senior,-1,1,0
104072,0,0.9999999,69,0,1737.0,5400.0,2,0,1,0,0.0,0.3216071097944825,695.39999994,Senior,-1,1,0
104098,0,0.532402417,61,0,21386.0,5400.0,23,0,5,0,0.0,3.959637104239955,8554.7194414502,Senior,-1,1,1
104099,1,0.975304278,44,0,2597.0,5400.0,10,1,0,0,0.0,0.480836882058878,1039.3851825668,Mid,-1,1,0
104104,0,0.950638031,54,0,3905.0,5400.0,15,0,1,0,0.0,0.7230142566191446,1562.5703828186,Senior,-1,1,0
104133,1,0.9999999,35,3,3982.0,5400.0,5,0,1,3,2.0,0.7372708757637475,1593.3999999400005,Mid,-1,1,0
104156,0,0.774663443,65,1,3326.0,5400.0,8,1,1,0,0.0,0.6158118866876504,1330.8647980658002,Senior,-1,1,0
104186,0,0.591964393,68,0,5328.0,5400.0,11,0,1,0,0.0,0.9864839844473244,2131.5551786358,Senior,-1,1,0
104237,0,0.620754079,52,0,3366.0,5400.0,9,0,1,0,0.0,0.6232179226069247,1346.7724524474002,Senior,-1,1,0
104252,0,0.06873443,33,0,3166.0,5400.0,5,0,3,0,0.0,0.5861877430105537,1266.4412406580002,Mid,-1,1,0
104271,0,0.939248945,52,0,4594.0,5400.0,17,0,2,0,3.0,0.8505832253286428,1838.163549367,Senior,-1,1,0
104296,0,0.590126292,63,0,49.74509804,50.0,4,0,1,0,0.0,0.9753940792156864,20.2521149912,Senior,-1,1,0
104303,1,0.9999999,52,3,1773.0,5400.0,1,0,1,0,0.0,0.3282725421218292,709.79999994,Senior,-1,1,0
104304,0,0.366572453,57,0,3155.0,5400.0,8,0,2,0,0.0,0.5841510831327532,1262.2199434718,Senior,-1,1,0
104355,0,0.464881886,47,0,4015.0,5400.0,16,0,1,0,0.0,0.7433808553971487,1606.2789291316,Mid,-1,1,0
104469,0,0.099932968,64,0,3592.0,5400.0,17,0,2,0,0.0,0.6650620255508239,1436.8599597808002,Senior,-1,1,0
104493,0,0.658601166,75,0,3549.0,5400.0,10,0,2,0,0.0,0.6571005369376042,1419.9951606996,Senior,-1,1,0
104501,0,0.664525317,78,2,2783.0,5400.0,10,0,1,0,0.0,0.515274949083503,1113.5987151902,Senior,-1,1,0
104518,0,0.980226616,38,0,2008.0,5400.0,4,0,2,0,0.0,0.3717830031475652,803.7881359696,Mid,-1,1,0
104559,1,0.225789202,69,6,32843.0,5400.0,26,0,5,0,0.0,6.080910942418071,13137.3354735212,Senior,-1,1,1
104586,0,0.410794525,58,0,4617.0,5400.0,6,0,3,0,0.0,0.8548416959822255,1847.046476715,Senior,-1,1,0
104626,0,0.044295959,65,1,3502.0,5400.0,10,0,2,0,0.0,0.648398444732457,1400.8265775754005,Senior,-1,1,0
104661,0,0.0,75,0,2857.0,5400.0,9,0,1,0,0.0,0.5289761155341604,1142.8,Senior,-1,1,0
104679,0,0.048833891,66,0,3211.0,5400.0,10,0,1,0,0.0,0.5945195334197371,1284.4293003346002,Senior,-1,1,0
104683,0,0.014803977,37,0,3308.0,5400.0,13,0,2,0,0.0,0.612479170523977,1323.2088823862,Mid,-1,1,0
104745,0,0.265958493,38,0,2970.0,5400.0,8,0,1,0,0.0,0.5498981670061099,1188.1595750958,Mid,-1,1,0
104771,0,0.487158975,79,1,3560.0,5400.0,20,0,3,0,0.0,0.6591371968154045,1424.292295385,Senior,-1,1,0
104814,0,0.320413658,63,0,3388.0,5400.0,12,0,2,0,0.0,0.6272912423625254,1355.3922481948,Senior,-1,1,0
104818,1,0.0,59,1,4019.0,5400.0,10,0,3,0,2.0,0.7441214589890761,1607.6,Senior,-1,1,0
104826,0,0.829288427,50,4,4375.0,5400.0,17,0,1,0,0.0,0.8100351786706166,1750.4975730562,Mid,-1,1,0
104951,0,0.060741142,34,0,3335.0,5400.0,13,0,2,0,4.0,0.6174782447694871,1334.0364446852,Mid,-1,1,0
104966,0,0.384249697,65,1,4534.0,5400.0,11,0,2,1,0.0,0.8394741714497316,1813.8305498182,Senior,-1,1,0
104973,0,0.936695202,67,0,1337.0,5400.0,14,0,1,0,0.0,0.2475467506017404,535.3620171212001,Senior,-1,1,0
104986,0,0.107039238,41,0,2918.0,5400.0,9,0,2,0,0.0,0.5402703203110535,1167.2642235428,Mid,-1,1,0
105011,0,0.108945924,33,0,3839.0,5400.0,12,0,1,0,0.0,0.7107942973523421,1535.6653675544,Mid,-1,1,0
105019,0,0.1589723,31,0,1371.5,1.0,9,0,1,0,0.0,685.75,548.6953833800001,Mid,-1,1,1
105037,0,0.126674933,48,0,3986.0,5400.0,8,0,1,0,3.0,0.7380114793556749,1594.4760049598,Mid,-1,1,0
105082,0,0.029433503,69,1,4037.0,5400.0,7,0,2,0,0.0,0.7474541751527495,1614.8176601018,Senior,-1,1,0
105120,0,0.86633227,46,1,9741.0,5400.0,16,0,6,0,0.0,1.8035548972412516,3896.919799362,Mid,-1,1,1
105139,0,0.586299279,57,0,3550.0,5400.0,21,0,2,0,0.0,0.657285687835586,1420.3517795674,Senior,-1,1,0
105140,0,0.071457528,67,1,3273.0,5400.0,11,0,2,0,0.0,0.6059988890946121,1309.2428745168002,Senior,-1,1,0
105149,0,0.9999999,41,1,1565.0,5400.0,1,2,0,1,0.0,0.2897611553416034,626.59999994,Mid,-1,1,0
105195,0,0.067875417,50,0,5496.0,5400.0,9,0,2,0,2.0,1.0175893353082763,2198.4407252502,Mid,-1,1,0
105198,0,0.378981051,63,0,3892.0,5400.0,6,0,1,0,0.0,0.7206072949453804,1557.0273886306002,Senior,-1,1,0
105205,0,0.163937384,54,1,3229.0,5400.0,17,0,2,0,3.0,0.5978522495834104,1291.6983624304,Senior,-1,1,0
105245,0,0.564757476,56,1,6280.0,5400.0,12,0,2,0,2.0,1.1627476393260507,2512.3388544856,Senior,-1,1,0
105248,0,0.066759555,72,0,5149.0,5400.0,6,0,3,0,0.0,0.9533419737085724,2059.640055733,Senior,-1,1,0
105252,1,0.890624559,54,3,3302.0,5400.0,7,0,1,1,0.0,0.6113682651360859,1321.3343747354002,Senior,-1,1,0
105260,0,0.009752791,47,0,24496.0,5400.0,20,0,10,0,0.0,4.535456396963525,9798.4058516746,Mid,-1,1,1
105272,0,0.029343292,75,0,2530.0,5400.0,13,0,2,0,0.0,0.4684317718940937,1012.0176059752,Senior,-1,1,0
105281,0,0.809562767,44,0,178.5,1.0,1,1,0,0,5.0,89.25,71.88573766020001,Mid,-1,1,0
105290,0,0.113528677,68,0,9396.0,5400.0,21,0,6,0,0.0,1.7396778374375117,3758.4681172062,Senior,-1,1,1
105297,0,0.045562197,67,0,3995.0,5400.0,4,0,1,0,1.0,0.7396778374375116,1598.0273373182,Senior,-1,1,0
105314,0,0.013614042,65,0,3800.0,5400.0,14,0,2,0,0.0,0.7035734123310498,1520.0081684252,Senior,-1,1,0
105320,0,0.136163229,57,0,4579.0,5400.0,13,0,2,0,0.0,0.847805961858915,1831.6816979374,Senior,-1,1,0
105350,0,0.9999999,73,0,1604.0,5400.0,2,0,2,0,0.0,0.2969820403628957,642.19999994,Senior,-1,1,0
105394,0,0.004585186,72,0,2464.0,5400.0,11,0,1,0,0.0,0.4562118126272912,985.6027511116,Senior,-1,1,0
105405,0,0.290803412,37,0,6101.0,5400.0,10,0,2,0,2.0,1.1296056285872986,2440.5744820472,Mid,-1,1,0
105434,0,0.198490075,32,0,2391.0,5400.0,5,0,2,0,0.0,0.4426957970746158,956.519094045,Mid,-1,1,0
105439,0,0.541698576,74,0,2775.0,5400.0,15,0,3,0,0.0,0.5137937418996482,1110.3250191456,Senior,-1,1,0
105458,0,0.899522483,30,1,744.0,5400.0,8,0,0,1,0.0,0.1377522680985002,298.13971348980004,Young,-1,1,0
105467,0,0.811033798,62,0,2674.0,5400.0,18,0,1,0,0.0,0.4950935012034808,1070.0866202788002,Senior,-1,1,0
105508,0,0.0,44,0,3249.0,5400.0,6,0,1,0,0.0,0.6015552675430476,1299.6,Mid,-1,1,0
105530,0,0.0,50,0,4732.0,5400.0,11,0,4,0,0.0,0.8761340492501388,1892.8,Mid,-1,1,0
105543,0,0.738930686,32,0,3934.0,5400.0,15,0,4,0,1.0,0.7283836326606185,1574.0433584116,Mid,-1,1,0
105545,0,0.546721639,44,1,2830.0,5400.0,9,0,1,0,0.0,0.5239770412886503,1132.3280329834,Mid,-1,1,0
105551,0,0.272524249,58,0,5078.0,5400.0,5,0,2,0,0.0,0.9401962599518608,2031.3635145494,Senior,-1,1,0
105562,0,0.463920004,29,0,147.0,1.0,8,0,0,0,0.0,73.5,59.0783520024,Young,-1,1,0
105585,0,0.601538115,48,0,2592.0,5400.0,16,0,0,0,0.0,0.4799111275689687,1037.160922869,Mid,-1,1,0
105591,1,0.9999999,64,1,1879.0,5400.0,4,3,1,1,2.0,0.3478985373079059,752.19999994,Senior,-1,1,0
105653,0,0.456252804,44,0,3478.0,5400.0,4,0,1,0,0.0,0.6439548231808925,1391.4737516824,Mid,-1,1,0
105659,0,0.084801266,59,0,4020.0,5400.0,8,0,2,0,0.0,0.744306609887058,1608.0508807596,Senior,-1,1,0
105668,1,0.86452981,49,1,5974.0,5400.0,16,0,2,0,2.0,1.106091464543603,2390.118717886,Mid,-1,1,0
105691,0,0.114833111,40,0,3023.0,5400.0,11,0,2,0,2.0,0.5597111645991483,1209.2688998666,Mid,-1,1,0
105728,0,0.197333397,54,0,5169.0,5400.0,5,0,2,0,0.0,0.9570449916682096,2067.7184000382,Senior,-1,1,0
105734,0,0.538461538,21,0,8.0,1.0,1,0,0,0,0.0,4.0,3.5230769228,Young,-1,1,0
105753,0,0.628124912,77,0,2217.0,5400.0,16,0,1,0,0.0,0.410479540825773,887.1768749472001,Senior,-1,1,0
105765,0,0.0,44,0,11232.0,5400.0,8,0,1,0,3.0,2.0796148861321977,4492.8,Mid,-1,1,1
105801,0,0.07026068,76,1,3975.0,5400.0,13,0,2,0,0.0,0.7359748194778745,1590.042156408,Senior,-1,1,0
105802,0,0.051329056,53,0,3713.0,5400.0,8,0,1,0,0.0,0.6874652842066284,1485.2307974336,Senior,-1,1,0
105807,0,0.449882122,70,0,2117.0,5400.0,12,0,1,0,1.0,0.3919644510275875,847.0699292732,Senior,-1,1,0
105834,0,0.9999999,38,0,1710.0,5400.0,3,0,1,0,0.0,0.3166080355489724,684.59999994,Mid,-1,1,0
105845,0,0.840859985,52,1,2676.0,5400.0,7,0,1,0,0.0,0.4954638029994445,1070.9045159910002,Senior,-1,1,0
105847,0,0.052701753,65,0,4095.0,5400.0,10,0,2,0,0.0,0.7581929272356971,1638.0316210518,Senior,-1,1,0
105849,0,0.9999999,61,1,10063.0,5400.0,7,0,4,0,0.0,1.863173486391409,4025.79999994,Senior,-1,1,1
105852,0,0.030732309,51,0,15470.0,5400.0,6,0,5,0,0.0,2.8642843917793,6188.0184393854,Senior,-1,1,1
105906,0,0.606908948,59,0,2819.0,5400.0,11,0,1,0,0.0,0.5219403814108499,1127.9641453688002,Senior,-1,1,0
105909,0,0.178153206,43,0,3565.0,5400.0,8,0,2,0,0.0,0.6600629513053138,1426.1068919236,Mid,-1,1,0
105931,0,0.09703824,41,1,3464.0,5400.0,8,0,1,1,0.0,0.6413627106091464,1385.658222944,Mid,-1,1,0
106021,0,0.0,50,0,3245.0,5400.0,8,1,1,0,0.0,0.6008146639511202,1298.0,Mid,-1,1,0
106055,0,0.455987281,40,0,2233.0,5400.0,13,0,2,0,0.0,0.4134419551934827,893.4735923686001,Mid,-1,1,0
106065,0,0.263216201,48,0,5426.0,5400.0,11,0,2,0,0.0,1.0046287724495464,2170.5579297206,Mid,-1,1,0
106071,0,0.588223636,37,0,4540.0,5400.0,9,0,2,0,0.0,0.8405850768376226,1816.3529341816,Mid,-1,1,0
106080,0,0.045308732,35,0,3607.0,5400.0,5,0,2,0,0.0,0.6678392890205518,1442.8271852392002,Mid,-1,1,0
106119,0,0.019931283,63,0,6174.0,5400.0,8,0,2,0,0.0,1.143121644139974,2469.6119587698004,Senior,-1,1,0
106154,0,0.0,66,1,4113.0,5400.0,14,0,8,0,0.0,0.7615256433993705,1645.2,Senior,-1,1,0
106161,0,0.031087158,58,0,639.5,1.0,11,0,1,0,1.0,319.75,255.8186522948,Senior,-1,1,1
106222,0,0.180865033,63,0,5794.0,1.0,7,0,0,1,0.0,2897.0,2317.7085190198,Senior,-1,1,1
106225,0,0.155439428,40,0,4212.0,5400.0,17,0,2,0,0.0,0.7798555822995742,1684.8932636568002,Mid,-1,1,0
106232,0,0.9999999,88,0,353.0,5400.0,3,0,1,0,0.0,0.0653582669875948,141.79999994000002,Senior,-1,1,0
106244,0,0.238219403,36,0,2401.0,5400.0,8,0,1,0,0.0,0.4445473060544344,960.5429316418,Mid,-1,1,0
106246,0,0.283857014,64,0,2767.0,5400.0,11,0,1,0,2.0,0.5123125347157934,1106.9703142084,Senior,-1,1,0
106285,0,0.606207454,71,0,2149.0,5400.0,7,0,2,0,0.0,0.3978892797630068,859.9637244724,Senior,-1,1,0
106293,0,0.156336934,64,0,3852.0,5400.0,8,0,4,0,0.0,0.7132012590261063,1540.8938021604,Senior,-1,1,0
106314,0,0.644397411,33,0,1950.0,5400.0,13,0,1,0,0.0,0.3610442510646177,780.3866384466,Mid,-1,1,0
106329,0,0.007361726,63,1,7870.0,5400.0,24,0,6,0,0.0,1.4571375671172004,3148.0044170356,Senior,-1,1,1
106344,0,0.595210106,50,0,6012.0,5400.0,22,0,2,0,0.0,1.1131271986669136,2405.1571260636,Mid,-1,1,0
106437,0,0.515596239,55,2,4366.0,5400.0,11,0,2,0,0.0,0.8083688205887799,1746.7093577434,Senior,-1,1,0
106439,0,0.979205185,51,0,4043.0,5400.0,8,0,2,0,0.0,0.7485650805406406,1617.7875231110002,Senior,-1,1,0
106448,0,0.00875965,69,0,40362.0,5400.0,8,0,4,0,0.0,7.47306054434364,16144.80525579,Senior,-1,1,1
106454,0,0.25739395,55,0,3527.0,5400.0,7,0,3,0,0.0,0.6530272171820033,1410.9544363700002,Senior,-1,1,0
106459,0,0.0,45,0,3456.0,5400.0,13,0,2,0,0.0,0.6398815034252916,1382.4,Mid,-1,1,0
106482,0,0.600638309,59,0,3684.0,5400.0,19,0,1,0,0.0,0.6820959081651546,1473.9603829854002,Senior,-1,1,0
106490,0,0.582046177,40,0,2468.0,5400.0,5,0,1,0,0.0,0.4569524162192186,987.5492277062,Mid,-1,1,0
106498,0,0.0,55,0,3592.0,5400.0,7,0,1,0,0.0,0.6650620255508239,1436.8000000000002,Senior,-1,1,0
106535,0,0.032013602,76,0,2197.0,5400.0,16,0,1,0,1.0,0.4067765228661359,878.8192081612001,Senior,-1,1,0
106552,0,0.02299635,36,0,2860.0,5400.0,11,0,1,0,0.0,0.5295315682281059,1144.01379781,Mid,-1,1,0
106584,0,0.106963101,35,0,3075.0,5400.0,11,0,2,0,2.0,0.5693390112942047,1230.0641778606,Mid,-1,1,0
106596,0,0.9999999,45,0,8180.0,5400.0,6,0,5,0,0.0,1.5145343454915756,3272.59999994,Mid,-1,1,1
106604,0,0.792013866,37,1,1521.0,5400.0,3,0,1,0,0.0,0.2816145158304017,608.8752083196,Mid,-1,1,0
106655,0,0.274935786,41,0,4933.0,5400.0,10,0,2,0,2.0,0.9133493797444916,1973.3649614716,Mid,-1,1,0
106678,0,0.058709118,50,0,5108.0,5400.0,9,0,1,0,0.0,0.9457507868913164,2043.2352254708,Mid,-1,1,0
106711,0,0.9999999,47,0,1658.0,5400.0,10,0,2,0,0.0,0.3069801888539159,663.79999994,Mid,-1,1,0
106717,0,0.242886167,51,0,3462.0,5400.0,18,0,2,0,0.0,0.6409924088131828,1384.9457317002002,Senior,-1,1,0
106734,0,0.53971907,30,0,3456.0,5400.0,8,0,1,0,0.0,0.6398815034252916,1382.723831442,Young,-1,1,0
106766,0,0.180848104,60,0,3838.0,5400.0,20,0,3,0,0.0,0.7106091464543604,1535.3085088624,Senior,-1,1,0
106770,0,0.853399586,54,2,2939.0,5400.0,11,0,2,0,1.0,0.5441584891686725,1176.1120397516002,Senior,-1,1,0
106781,0,0.913567564,33,0,5156.0,5400.0,6,0,2,0,2.0,0.9546380299944456,2062.9481405384,Mid,-1,1,0
106783,0,0.076902146,66,0,11397.0,5400.0,9,0,3,0,0.0,2.110164784299204,4558.8461412876,Senior,-1,1,1
106805,0,0.206031338,41,0,4569.0,5400.0,13,0,2,0,0.0,0.8459544528790964,1827.7236188028,Mid,-1,1,0
106839,0,0.087708878,36,0,3533.0,5400.0,13,0,1,0,2.0,0.6541381225698945,1413.2526253268,Mid,-1,1,0
106952,0,0.212859564,41,0,3141.0,5400.0,17,0,1,0,2.0,0.5815589705610072,1256.5277157384,Mid,-1,1,0
106955,0,0.919755671,54,0,2974.0,5400.0,7,0,1,0,0.0,0.5506387705980375,1190.1518534026002,Senior,-1,1,0
106959,0,0.454115114,55,2,3311.0,5400.0,26,0,2,1,0.0,0.6130346232179226,1324.6724690684,Senior,-1,1,0
106979,0,0.535728021,71,0,2571.0,5400.0,6,0,1,0,0.0,0.4760229587113497,1028.7214368126,Senior,-1,1,0
106991,0,0.113293741,43,0,187.5,1.0,11,0,0,0,2.0,93.75,75.0679762446,Mid,-1,1,0
107013,0,0.71394574,40,1,2083.0,5400.0,6,1,1,0,0.0,0.3856693204962044,833.628367444,Mid,-1,1,0
107052,0,0.043835188,61,0,5209.5,1.0,14,0,5,0,0.0,2604.75,2083.8263011128,Senior,-1,1,1
107069,0,0.491420857,41,0,4832.0,5400.0,9,0,2,0,1.0,0.8946491390483244,1933.0948525142005,Mid,-1,1,0
107086,0,0.936224834,44,0,2839.0,5400.0,5,0,1,0,0.0,0.525643399370487,1136.1617349004002,Mid,-1,1,0
107090,0,0.021999624,53,0,4111.0,5400.0,9,0,1,0,3.0,0.7611553416034068,1644.4131997744,Senior,-1,1,0
107104,0,0.395601475,56,1,3713.0,5400.0,10,0,2,0,0.0,0.6874652842066284,1485.437360885,Senior,-1,1,0
107112,0,0.378986674,62,0,13618.0,5400.0,26,0,2,0,0.0,2.521384928716904,5447.427392004401,Senior,-1,1,1
107122,0,0.951609678,75,3,7958.0,5400.0,4,0,1,1,1.0,1.4734308461396035,3183.7709658068,Senior,-1,1,1
107161,0,0.69255383,41,0,3219.0,5400.0,6,0,1,0,0.0,0.5960007406035919,1288.0155322980002,Mid,-1,1,0
107168,0,0.050952229,55,0,6347.0,5400.0,11,0,1,0,0.0,1.175152749490835,2538.8305713374,Senior,-1,1,0
107170,0,0.168329162,56,0,4588.0,5400.0,9,0,2,0,0.0,0.8494723199407517,1835.3009974972,Senior,-1,1,0
107175,0,0.134183474,62,0,4695.0,5400.0,11,0,4,0,0.0,0.8692834660248102,1878.0805100844,Senior,-1,1,0
107192,0,0.412569773,60,0,5828.0,5400.0,17,0,1,0,0.0,1.0790594334382522,2331.4475418638003,Senior,-1,1,0
107194,0,0.9999999,74,0,1281.0,5400.0,1,0,1,0,0.0,0.2371783003147565,512.99999994,Senior,-1,1,0
107225,0,0.033673797,55,0,7151.0,5400.0,11,0,2,0,0.0,1.324014071468247,2860.4202042782,Senior,-1,1,1
107301,0,0.041275341,37,0,4030.0,5400.0,8,0,3,0,0.0,0.7461581188668766,1612.0247652046,Mid,-1,1,0
107309,0,0.003465764,86,1,2192.0,5400.0,15,0,1,0,0.0,0.4058507683762266,876.8020794584,Senior,-1,1,0
107320,0,0.718221394,56,0,3005.0,5400.0,15,0,1,0,0.0,0.5563784484354749,1202.4309328364,Senior,-1,1,0
107322,0,0.779784769,42,4,4343.0,5400.0,8,0,2,0,2.0,0.8041103499351971,1737.6678708614,Mid,-1,1,0
107333,0,0.357294016,69,0,3869.0,5400.0,14,0,2,0,0.0,0.7163488242917978,1547.8143764096,Senior,-1,1,0
107337,0,0.19368057,37,0,3006.0,5400.0,13,0,1,0,0.0,0.5565635993334568,1202.516208342,Mid,-1,1,0
107346,0,0.288735563,38,0,2216.0,5400.0,4,0,1,0,0.0,0.4102943899277911,886.5732413378001,Mid,-1,1,0
107353,0,0.322371276,56,0,3198.0,5400.0,12,0,3,0,0.0,0.592112571745973,1279.3934227656,Senior,-1,1,0
107465,0,0.362209621,42,0,2615.0,5400.0,10,0,1,0,0.0,0.4841695982225514,1046.2173257726,Mid,-1,1,0
107476,1,0.935447015,31,0,1002.0,5400.0,7,0,1,0,1.0,0.1855211997778189,401.361268209,Mid,-1,1,0
107495,0,0.139903684,56,0,10255.0,5400.0,12,0,5,0,0.0,1.898722458803925,4102.0839422104,Senior,-1,1,1
107519,0,0.018019701,65,1,5338.0,5400.0,11,0,3,0,0.0,0.9883354934271432,2135.2108118206,Senior,-1,1,0
107560,0,0.303671302,50,0,3243.0,5400.0,11,0,1,0,2.0,0.6004443621551565,1297.3822027812,Mid,-1,1,0
107561,0,0.807474797,26,0,1040.0,5400.0,12,0,0,0,0.0,0.1925569339011294,416.4844848782,Young,-1,1,0
107619,0,0.59972259,43,0,4146.0,5400.0,20,0,2,0,2.0,0.7676356230327717,1658.759833554,Mid,-1,1,0
107637,0,0.035745388,71,0,2769.0,5400.0,13,0,2,0,1.0,0.5126828365117571,1107.6214472328002,Senior,-1,1,0
107671,0,0.107668283,48,0,4041.0,5400.0,7,0,2,0,0.0,0.7481947787446769,1616.4646009698,Mid,-1,1,0
107701,0,0.332507108,76,0,794.0,1.0,12,0,0,0,0.0,397.0,317.7995042648,Senior,-1,1,1
107707,1,0.997681159,43,5,2752.0,5400.0,14,0,2,1,0.0,0.5095352712460656,1101.3986086953998,Mid,-1,1,0
107739,0,0.082647766,63,1,667.5,1.0,6,0,1,0,0.0,333.75,267.0495886596,Senior,-1,1,1
107827,0,0.0,39,0,9428.0,5400.0,10,0,2,0,2.0,1.745602666172931,3771.2,Mid,-1,1,1
107885,0,0.085412906,59,0,3717.0,5400.0,7,0,1,0,0.0,0.6882058877985558,1486.8512477436002,Senior,-1,1,0
107888,0,0.127543749,45,0,3971.0,5400.0,6,0,2,0,0.0,0.7352342158859471,1588.4765262494002,Mid,-1,1,0
107895,0,0.001939572,38,0,1177.5,1.0,4,0,1,0,0.0,588.75,471.0011637432,Mid,-1,1,1
107917,0,0.528785831,62,2,4181.0,5400.0,9,0,2,0,0.0,0.7741159044621366,1672.7172714986,Senior,-1,1,0
107925,0,0.896248876,26,0,1312.0,5400.0,6,0,0,0,0.0,0.242917978152194,525.3377493256,Young,-1,1,0
107940,0,0.9999999,77,1,8207.0,5400.0,8,0,2,0,0.0,1.5195334197370858,3283.3999999400003,Senior,-1,1,1
107968,0,0.60370923,58,0,4896.0,5400.0,13,0,3,0,1.0,0.9064987965191632,1958.762225538,Senior,-1,1,0
107975,0,0.534700974,63,0,7002.0,5400.0,15,0,3,0,3.0,1.2964265876689502,2801.1208205844,Senior,-1,1,1
108005,0,0.053207225,52,0,1275.0,1.0,7,0,1,0,2.0,637.5,510.031924335,Senior,-1,1,1
108036,0,0.979598685,59,0,3869.0,5400.0,13,0,2,0,0.0,0.7163488242917978,1548.1877592110002,Senior,-1,1,0
108047,0,0.000473659,37,0,997.0,1.0,9,0,2,0,0.0,498.5,398.8002841954,Mid,-1,1,1
108053,0,0.0,40,0,2817.0,5400.0,5,0,1,0,0.0,0.5215700796148861,1126.8,Mid,-1,1,0
108062,0,0.855700463,54,0,2972.0,5400.0,14,0,2,0,0.0,0.5502684688020737,1189.3134202778,Senior,-1,1,0
108068,0,0.9999999,56,0,2304.0,5400.0,10,0,1,0,1.0,0.4265876689501944,922.19999994,Senior,-1,1,0
108075,0,0.029459402,57,0,3664.0,5400.0,14,0,1,0,2.0,0.6783928902055175,1465.6176756412,Senior,-1,1,0
108109,0,0.744348688,61,0,4088.0,5400.0,7,0,1,0,0.0,0.756896870949824,1635.6466092128,Senior,-1,1,0
108144,0,0.955305288,42,1,3097.5,1.0,5,0,1,1,3.0,1548.75,1239.5731831728,Mid,-1,1,1
108157,0,0.951592226,40,0,2045.0,5400.0,5,0,0,0,3.0,0.3786335863728939,818.5709553356,Mid,-1,1,0
108159,0,0.004475341,74,0,2793.0,5400.0,18,0,1,0,0.0,0.5171264580633216,1117.2026852046,Senior,-1,1,0
108179,0,0.0,39,0,1923.5,1.0,5,0,2,0,1.0,961.75,769.4000000000001,Mid,-1,1,1
108191,0,0.982135715,39,0,2254.0,5400.0,12,0,1,0,0.0,0.4173301240511016,902.189281429,Mid,-1,1,0
108210,0,0.032171235,36,0,395.0,1.0,9,0,0,0,2.0,197.5,158.019302741,Mid,-1,1,0
108211,1,0.982003599,62,0,2376.0,5400.0,7,0,0,1,0.0,0.439918533604888,950.9892021594,Senior,-1,1,0
108213,0,0.375668801,51,0,4383.0,5400.0,10,0,2,0,0.0,0.8115163858544714,1753.4254012806,Senior,-1,1,0
108216,0,0.9999999,33,0,683.0,5400.0,2,0,0,0,0.0,0.1264580633216071,273.79999993999996,Mid,-1,1,0
108240,0,0.631541354,61,0,3488.0,5400.0,7,0,1,0,0.0,0.6458063321607109,1395.5789248124,Senior,-1,1,0
108248,0,0.481385252,42,0,3340.0,5400.0,9,0,2,0,0.0,0.6184039992593964,1336.2888311512,Mid,-1,1,0
108249,0,0.001244491,50,0,3797.0,5400.0,8,0,1,0,0.0,0.7030179596371042,1518.8007466946,Mid,-1,1,0
108258,0,0.216061956,64,0,8007.0,5400.0,24,0,2,0,0.0,1.4825032401407148,3202.9296371736,Senior,-1,1,1
108278,0,0.112452195,63,0,4176.0,5400.0,7,0,1,0,0.0,0.7731901499722273,1670.467471317,Senior,-1,1,0
108279,0,0.092916283,44,0,4695.0,5400.0,3,0,2,0,0.0,0.8692834660248102,1878.0557497698,Mid,-1,1,0
108329,0,0.439416921,60,0,4181.0,5400.0,12,0,2,0,0.0,0.7741159044621366,1672.6636501526,Senior,-1,1,0
108334,0,0.022812085,45,0,4919.0,5400.0,10,0,3,0,3.0,0.9107572671727456,1967.613687251,Mid,-1,1,0
108339,0,0.788606229,64,0,2582.0,5400.0,11,0,2,0,0.0,0.4780596185891501,1033.2731637374,Senior,-1,1,0
108349,0,0.0,41,0,3577.0,5400.0,11,0,2,0,0.0,0.6622847620810961,1430.8000000000002,Mid,-1,1,0
108368,1,0.776317669,39,0,4368.0,5400.0,12,0,4,0,0.0,0.8087391223847435,1747.6657906014,Mid,-1,1,0
108374,0,0.9999999,54,0,1779.0,5400.0,8,0,1,0,0.0,0.3293834475097204,712.19999994,Senior,-1,1,0
108382,0,0.19008999,37,0,2449.0,5400.0,8,0,1,0,4.0,0.4534345491575634,979.714053994,Mid,-1,1,0
108438,0,0.470727188,33,0,2980.0,5400.0,9,0,2,0,1.0,0.5517496759859285,1192.2824363128,Mid,-1,1,0
108447,0,0.100875965,58,0,3377.0,5400.0,5,0,2,0,0.0,0.6252545824847251,1350.860525579,Senior,-1,1,0
108449,0,0.983501031,63,0,2412.0,5400.0,10,0,2,0,0.0,0.4465839659322347,965.3901006186,Senior,-1,1,0
108451,0,0.790003933,61,1,3446.0,5400.0,11,0,2,0,0.0,0.638029994445473,1378.8740023598,Senior,-1,1,0
108454,0,0.0,31,0,2540.0,5400.0,6,0,1,0,0.0,0.4702832808739122,1016.0,Mid,-1,1,0
108512,0,0.0,42,0,3034.0,5400.0,10,0,2,0,0.0,0.5617478244769487,1213.6,Mid,-1,1,0
108528,0,0.574513284,69,0,3082.0,5400.0,13,0,1,0,0.0,0.5706350675800778,1233.1447079704,Senior,-1,1,0
108529,0,0.15124264,48,0,3570.0,5400.0,9,0,2,0,1.0,0.6609887057952231,1428.090745584,Mid,-1,1,0
108534,1,0.9999999,29,2,1273.0,5400.0,7,0,0,0,1.0,0.2356970931309016,509.79999994,Young,-1,1,0
108535,1,0.618413352,52,0,3795.0,5400.0,21,0,1,1,1.0,0.7026476578411406,1518.3710480112,Senior,-1,1,0
108537,0,0.00739926,58,0,4496.0,5400.0,4,0,1,0,0.0,0.8324384373264211,1798.4044395560002,Senior,-1,1,0
108547,0,0.200154145,68,0,2716.0,5400.0,16,0,1,0,0.0,0.5028698389187187,1086.520092487,Senior,-1,1,0
108579,0,0.366789576,33,0,2334.0,5400.0,4,0,2,0,0.0,0.4321421958896501,933.8200737456,Mid,-1,1,0
108581,0,0.988007995,64,0,1437.0,5400.0,4,0,1,0,1.0,0.2660618403999259,575.392804797,Senior,-1,1,0
108618,0,0.9999999,48,0,2372.0,5400.0,4,0,2,0,0.0,0.4391779300129605,949.39999994,Mid,-1,1,0
108620,0,0.06022636,37,0,3549.0,5400.0,12,0,2,0,0.0,0.6571005369376042,1419.6361358160002,Mid,-1,1,0
108636,0,0.019672647,50,1,5252.0,5400.0,19,0,2,0,0.0,0.9724125162007036,2100.8118035882003,Mid,-1,1,0
108640,0,0.549641611,58,0,9150.0,5400.0,15,0,2,0,0.0,1.6941307165339752,3660.3297849666,Senior,-1,1,1
108648,0,0.773129297,70,1,2038.0,5400.0,10,0,0,0,1.0,0.3773375300870209,815.6638775782001,Senior,-1,1,0
108664,0,0.667763913,61,0,3111.0,5400.0,19,0,0,0,0.0,0.5760044436215516,1244.8006583478,Senior,-1,1,0
108798,0,0.451909618,41,0,4406.0,5400.0,9,0,2,0,1.0,0.815774856508054,1762.6711457708002,Mid,-1,1,0
108804,0,0.021548537,47,0,3667.0,5400.0,4,0,2,0,1.0,0.678948342899463,1466.8129291222,Mid,-1,1,0
108810,0,0.023128968,35,0,3014.0,1.0,15,0,2,0,1.0,1507.0,1205.6138773808002,Mid,-1,1,1
108815,0,0.080784221,36,0,3069.0,5400.0,11,0,2,0,0.0,0.5682281059063137,1227.6484705326002,Mid,-1,1,0
108838,0,0.173294642,43,0,1247.5,1.0,11,0,1,0,3.0,623.75,499.1039767852,Mid,-1,1,1
108845,0,0.099313668,38,0,3953.0,5400.0,3,0,1,0,0.0,0.7319014997222737,1581.2595882008,Mid,-1,1,0
108869,0,0.799127186,58,2,5760.0,5400.0,10,0,2,0,0.0,1.066469172375486,2304.4794763116,Senior,-1,1,0
108893,0,0.057898553,64,0,3480.0,5400.0,7,0,3,0,0.0,0.6443251249768561,1392.0347391318,Senior,-1,1,0
108897,0,0.241357637,70,0,2507.0,5400.0,5,0,2,0,0.0,0.464173301240511,1002.9448145822,Senior,-1,1,0
108902,0,0.816839439,43,0,5098.0,5400.0,4,0,1,0,0.0,0.943899277911498,2039.6901036634,Mid,-1,1,0
108941,1,0.009295039,82,1,2531.0,5400.0,29,0,2,0,0.0,0.4686169227920755,1012.4055770234,Senior,-1,1,0
108991,0,0.32667839,30,1,2465.0,5400.0,15,0,2,1,0.0,0.4563969635252731,986.196007034,Young,-1,1,0
109037,0,0.252504873,65,0,3350.0,5400.0,9,0,1,0,0.0,0.6202555082392149,1340.1515029238,Senior,-1,1,0
109040,0,0.661076018,52,0,3290.0,5400.0,11,0,2,0,2.0,0.6091464543603037,1316.3966456108,Senior,-1,1,0
109058,0,0.071984576,35,0,4512.0,5400.0,7,0,2,0,0.0,0.8354008516941307,1804.8431907456,Mid,-1,1,0
109065,0,0.499542543,81,0,1401.0,5400.0,14,0,0,0,0.0,0.2593964080725791,560.6997255258,Senior,-1,1,0
109080,0,0.50616445,25,0,1279.0,5400.0,8,0,1,0,0.0,0.2368079985187928,511.90369867,Young,-1,1,0
109090,0,0.364288353,45,0,7665.0,5400.0,9,0,4,0,0.0,1.4191816330309202,3066.2185730118,Mid,-1,1,1
109139,0,0.528270444,35,0,2368.0,5400.0,9,0,1,0,3.0,0.4384373264210331,947.5169622664,Mid,-1,1,0
109146,0,0.0,53,0,3870.0,5400.0,8,0,2,0,1.0,0.7165339751897797,1548.0,Senior,-1,1,0
109173,0,0.394800134,53,0,4259.0,5400.0,12,0,2,0,2.0,0.7885576745047214,1703.8368800804,Senior,-1,1,0
109180,0,0.9999999,71,0,954.0,5400.0,5,0,1,0,0.0,0.1766339566746898,382.19999994,Senior,-1,1,0
109184,0,0.014856665,40,0,5686.0,5400.0,12,0,7,0,0.0,1.0527680059248288,2274.408913999,Mid,-1,1,0
109211,0,0.813424203,57,0,3100.0,5400.0,9,0,1,0,0.0,0.5739677837437511,1240.4880545218,Senior,-1,1,0
109231,0,0.152325302,42,0,3466.0,5400.0,11,0,2,0,0.0,0.6417330124051102,1386.4913951812,Mid,-1,1,0
109234,0,0.580494634,43,0,2641.0,5400.0,4,0,2,0,0.0,0.4889835215700796,1056.7482967804,Mid,-1,1,0
109278,0,0.9999999,27,0,1275.0,5400.0,4,0,2,0,0.0,0.2360673949268654,510.59999994,Young,-1,1,0
109301,0,0.071694731,61,0,8196.0,5400.0,10,0,4,0,0.0,1.5174967598592852,3278.4430168386,Senior,-1,1,1
109306,0,0.9999999,33,0,1136.0,5400.0,6,0,1,0,0.0,0.2103314201073875,454.99999994,Mid,-1,1,0
109333,0,0.382111938,53,0,3869.0,5400.0,26,0,1,0,0.0,0.7163488242917978,1547.8292671628,Senior,-1,1,0
109334,0,0.584931606,38,0,2900.0,5400.0,10,0,2,0,3.0,0.5369376041473801,1160.3509589636,Mid,-1,1,0
109344,0,0.190317001,58,0,3352.0,5400.0,9,0,1,0,3.0,0.6206258100351787,1340.9141902006002,Senior,-1,1,0
109362,0,0.451772311,41,0,6004.0,5400.0,10,0,4,0,0.0,1.1116459914830588,2401.8710633866,Mid,-1,1,0
109374,0,0.186815791,39,0,6811.0,5400.0,15,0,2,0,0.0,1.2610627661544158,2724.5120894746,Mid,-1,1,1
109378,0,0.143857097,50,0,3587.0,5400.0,9,0,2,0,3.0,0.6641362710609147,1434.8863142582002,Mid,-1,1,0
109428,0,0.001112961,72,0,3010.0,5400.0,19,0,2,0,3.0,0.5573042029253842,1204.0006677766,Senior,-1,1,0
109493,0,0.618446786,57,0,3224.0,5400.0,11,0,1,0,0.0,0.5969264950935012,1289.9710680716,Senior,-1,1,0
109499,0,0.899074523,47,4,9214.0,5400.0,15,0,4,0,1.0,1.7059803740048138,3686.139444713801,Mid,-1,1,1
109510,0,0.925082997,58,1,2200.0,5400.0,3,0,1,0,0.0,0.4073319755600815,880.5550497982,Senior,-1,1,0
109544,0,0.9999999,55,0,2189.0,5400.0,8,0,1,0,0.0,0.405295315682281,876.19999994,Senior,-1,1,0
109555,0,0.559676452,53,0,4198.0,5400.0,8,0,2,0,0.0,0.7772634697278282,1679.5358058712,Senior,-1,1,0
109574,0,0.9999999,47,0,4803.0,5400.0,1,0,1,0,0.0,0.8892797630068506,1921.79999994,Mid,-1,1,0
109588,0,0.820462782,40,1,2944.0,5400.0,13,0,1,0,0.0,0.5450842436585818,1178.0922776692,Mid,-1,1,0
109593,0,0.9999999,40,0,2476.0,5400.0,6,0,4,0,0.0,0.4584336234030735,990.99999994,Mid,-1,1,0
109617,1,0.9999999,48,0,1761.0,5400.0,7,0,0,0,0.0,0.326050731346047,704.9999999400001,Mid,-1,1,0
109643,0,0.849887671,65,0,2372.0,5400.0,12,0,1,0,0.0,0.4391779300129605,949.3099326026,Senior,-1,1,0
109648,0,0.021970801,43,0,1696.5,1.0,9,0,2,0,3.0,848.25,678.6131824806,Mid,-1,1,1
109715,1,0.900119422,43,1,1493.0,5400.0,14,0,0,1,0.0,0.2764302906869098,597.7400716532001,Mid,-1,1,0
109734,0,0.667297597,57,0,4983.0,5400.0,9,0,2,0,0.0,0.9226069246435844,1993.6003785582,Senior,-1,1,0
109735,0,0.67489817,59,0,6239.0,5400.0,12,0,2,0,1.0,1.1551564525087947,2496.0049389020005,Senior,-1,1,0
109756,0,0.369298019,57,1,2773.0,5400.0,13,0,1,0,0.0,0.5134234401036845,1109.4215788114,Senior,-1,1,0
109777,0,0.022715816,92,1,2212.0,5400.0,10,0,2,0,0.0,0.4095537863358637,884.8136294896001,Senior,-1,1,0
109786,0,0.036188753,30,0,2878.0,5400.0,6,0,1,0,1.0,0.5328642843917794,1151.2217132518,Young,-1,1,0
109790,0,0.087833186,55,0,187.0,1.0,7,0,0,0,0.0,93.5,74.8526999116,Senior,-1,1,0
109839,0,0.933620618,58,0,3143.0,5400.0,15,0,3,0,0.0,0.5819292723569709,1257.7601723708,Senior,-1,1,0
109888,0,0.04721155,62,0,4134.0,5400.0,10,0,4,0,0.0,0.7654138122569895,1653.6283269300002,Senior,-1,1,0
109909,0,0.041024115,59,0,5700.0,5400.0,8,0,3,0,3.0,1.0553601184965746,2280.024614469,Senior,-1,1,0
109911,0,0.916083916,31,1,1308.0,5400.0,3,0,1,0,0.0,0.2421773745602666,523.7496503496001,Mid,-1,1,0
109915,1,0.9999999,46,1,1650.0,5400.0,1,0,1,0,0.0,0.3054989816700611,660.59999994,Mid,-1,1,0
109920,0,0.051006835,74,0,2392.0,5400.0,4,0,1,0,0.0,0.4428809479725977,956.830604101,Senior,-1,1,0
109931,0,0.880137329,36,0,2460.0,5400.0,6,0,1,0,0.0,0.4554712090353638,984.5280823974,Mid,-1,1,0
109937,0,0.131357127,49,0,15058.0,5400.0,19,0,4,0,0.0,2.7880022218107756,6023.278814276201,Mid,-1,1,1
109948,0,0.427810982,76,0,6357.0,5400.0,24,0,4,0,0.0,1.1770042584706537,2543.0566865892,Senior,-1,1,0
109987,0,0.938906109,84,0,5734.0,5400.0,5,0,1,0,0.0,1.0616552490279578,2294.1633436654,Senior,-1,1,0
110023,0,0.320998663,42,0,3484.0,5400.0,10,0,2,0,0.0,0.6450657285687835,1393.7925991978002,Mid,-1,1,0
110034,0,0.9999999,58,0,2858.0,5400.0,12,0,2,0,0.0,0.5291612664321422,1143.79999994,Senior,-1,1,0
110039,0,0.060066817,84,0,2480.0,5400.0,4,0,1,0,0.0,0.4591742269950009,992.0360400902,Senior,-1,1,0
110046,0,0.434967764,64,0,5849.0,5400.0,15,0,1,0,0.0,1.082947602295871,2339.8609806584,Senior,-1,1,0
110057,0,0.212923125,59,1,3299.0,5400.0,9,0,2,0,1.0,0.6108128124421404,1319.7277538750002,Senior,-1,1,0
110065,0,0.0,34,0,3465.0,5400.0,13,0,2,0,0.0,0.6415478615071283,1386.0,Mid,-1,1,0
110096,0,0.603565547,73,0,2358.0,5400.0,12,0,1,0,0.0,0.4365858174412146,943.5621393282,Senior,-1,1,0
110103,0,0.216151793,42,0,1972.0,1.0,8,0,2,0,0.0,986.0,788.9296910758001,Mid,-1,1,1
110124,0,0.147284735,41,0,3250.0,5400.0,10,0,2,0,0.0,0.6017404184410294,1300.088370841,Mid,-1,1,0
110142,0,0.0,67,0,4777.0,5400.0,15,0,3,0,0.0,0.8844658396593224,1910.8,Senior,-1,1,0
110184,0,0.901614143,33,0,944.0,5400.0,4,0,0,0,0.0,0.1747824476948713,378.1409684858,Mid,-1,1,0
110213,0,0.780354592,40,1,3513.0,5400.0,5,0,1,0,0.0,0.6504351046102573,1405.6682127552,Mid,-1,1,0
110215,0,0.855714505,62,0,2695.0,5400.0,6,0,2,1,0.0,0.4989816700610998,1078.513428703,Senior,-1,1,0
110235,0,0.685021574,46,0,3685.0,5400.0,8,0,1,0,2.0,0.6822810590631364,1474.4110129444,Mid,-1,1,0
110256,0,0.004274934,47,0,3219.0,5400.0,14,0,2,0,3.0,0.5960007406035919,1287.6025649604,Mid,-1,1,0
110286,0,0.992728595,32,0,802.0,5400.0,3,0,0,0,0.0,0.1484910201814478,321.395637157,Mid,-1,1,0
110296,1,0.611473382,66,0,3994.0,5400.0,12,0,2,0,0.0,0.7394926865395297,1597.9668840292002,Senior,-1,1,0
110300,0,0.017350825,43,0,3667.0,5400.0,10,0,1,0,0.0,0.678948342899463,1466.8104104950005,Mid,-1,1,0
110308,0,0.00734537,71,0,2747.0,5400.0,5,0,2,0,0.0,0.5086095167561563,1098.804407222,Senior,-1,1,0
110316,0,0.090825765,65,0,3788.0,5400.0,7,0,2,0,0.0,0.7013516015552675,1515.254495459,Senior,-1,1,0
110372,0,0.0123053,75,0,4167.0,5400.0,12,0,2,0,0.0,0.7715237918903907,1666.8073831800002,Senior,-1,1,0
110381,0,0.9999999,65,1,5161.0,5400.0,3,0,2,1,0.0,0.9555637844843548,2064.99999994,Senior,-1,1,0
110391,0,0.710266443,30,2,2609.0,5400.0,10,0,1,0,2.0,0.4830586928346602,1044.0261598658,Young,-1,1,0
110464,0,0.081301486,48,0,4315.0,5400.0,12,0,2,0,2.0,0.7989261247917052,1726.0487808916,Mid,-1,1,0
110496,0,0.999933555,41,0,2704.0,5400.0,4,0,2,0,0.0,0.5006480281429365,1082.199960133,Mid,-1,1,0
110512,0,0.353013124,68,0,2553.0,5400.0,7,0,2,0,0.0,0.4726902425476763,1021.4118078744,Senior,-1,1,0
110551,0,0.098298034,43,0,6695.0,5400.0,13,0,3,0,0.0,1.2395852619885206,2678.0589788204,Mid,-1,1,1
110559,0,0.033295938,88,0,1913.0,5400.0,7,0,2,0,0.0,0.354193667839289,765.2199775628001,Senior,-1,1,0
110596,0,0.9999999,28,0,1716.0,5400.0,4,0,1,0,0.0,0.3177189409368635,686.9999999400001,Young,-1,1,0
110597,0,0.0,65,0,4624.0,5400.0,10,0,3,0,0.0,0.8561377522680985,1849.6,Senior,-1,1,0
110599,0,0.9999999,58,0,1451.0,5400.0,3,0,1,0,0.0,0.2686539529716719,580.99999994,Senior,-1,1,0
110601,0,0.341127606,41,0,3363.0,5400.0,5,0,2,0,0.0,0.6226624699129791,1345.4046765636,Mid,-1,1,0
110642,0,0.986261467,42,0,3371.0,5400.0,7,0,1,0,0.0,0.6241436770968339,1348.9917568802,Mid,-1,1,0
110643,0,0.270477986,39,0,2382.0,5400.0,5,0,1,0,1.0,0.4410294389927791,952.9622867916,Mid,-1,1,0
110658,0,0.9999999,36,0,2068.0,5400.0,2,0,1,0,0.0,0.3828920570264765,827.79999994,Mid,-1,1,0
110664,0,0.195680863,44,0,5148.0,5400.0,19,0,2,0,2.0,0.9531568228105908,2059.3174085178,Mid,-1,1,0
110668,0,0.9999999,66,0,941.0,5400.0,7,0,1,0,0.0,0.1742269950009257,376.99999994,Senior,-1,1,0
110703,0,0.032364981,50,0,1292.5,1.0,12,0,2,0,1.0,646.25,517.0194189886,Mid,-1,1,1
110714,0,0.874395867,61,0,6712.0,5400.0,6,0,1,0,2.0,1.2427328272542122,2685.3246375202,Senior,-1,1,1
110718,0,0.912506835,58,0,2333.0,5400.0,6,0,1,0,0.0,0.4319570449916682,933.747504101,Senior,-1,1,0
110769,0,0.840570589,49,0,2922.0,5400.0,10,0,1,0,2.0,0.5410109239029809,1169.3043423534,Mid,-1,1,0
110835,0,0.799483632,57,0,4648.0,5400.0,18,0,2,0,2.0,0.860581373819663,1859.6796901792,Senior,-1,1,0
110840,0,0.106972008,41,1,4479.0,5400.0,8,0,1,0,0.0,0.8292908720607295,1791.6641832048,Mid,-1,1,0
110891,0,0.136016632,69,0,2995.0,5400.0,14,0,1,0,0.0,0.5545269394556563,1198.0816099792,Senior,-1,1,0
110911,0,0.755913714,63,1,4627.0,5400.0,10,0,1,0,0.0,0.856693204962044,1851.2535482284,Senior,-1,1,0
110936,0,0.000827875,58,2,5116.0,5400.0,17,0,2,0,0.0,0.9472319940751712,2046.400496725,Senior,-1,1,0
110961,0,0.161317939,70,0,2809.0,5400.0,16,0,2,0,0.0,0.5200888724310313,1123.6967907634,Senior,-1,1,0
110965,1,0.0,42,0,5774.5,1.0,7,0,3,0,3.0,2887.25,2309.8,Mid,-1,1,1
110984,0,0.067245777,37,0,3075.0,5400.0,12,0,1,0,0.0,0.5693390112942047,1230.0403474662,Mid,-1,1,0
110989,0,0.9999999,44,0,1766.0,5400.0,2,0,1,0,0.0,0.3269764858359563,706.9999999400001,Mid,-1,1,0
111011,0,0.9999999,43,2,1569.0,5400.0,2,0,1,0,0.0,0.2905017589335308,628.19999994,Mid,-1,1,0
111057,0,0.755499522,33,0,1640.0,5400.0,12,0,1,0,0.0,0.3036474726902425,656.4532997132,Mid,-1,1,0
111065,0,0.007665131,67,0,1845.5,1.0,8,0,2,0,0.0,922.75,738.2045990786,Senior,-1,1,1
111099,0,0.047489409,67,0,4875.0,5400.0,9,0,2,0,0.0,0.9026106276615442,1950.0284936454,Senior,-1,1,0
111106,0,0.169861351,50,0,3723.0,5400.0,10,0,1,0,0.0,0.689316793186447,1489.3019168106,Mid,-1,1,0
111125,0,0.056746006,73,0,2767.0,5400.0,11,0,2,0,0.0,0.5123125347157934,1106.8340476036,Senior,-1,1,0
111135,0,0.965206959,33,0,663.0,5400.0,7,0,0,0,1.0,0.12275504536197,265.7791241754,Mid,-1,1,0
111137,0,0.2457688,30,0,219.0,1.0,8,0,0,0,0.0,109.5,87.74746128000001,Young,-1,1,0
111154,0,0.141461951,68,0,3257.0,5400.0,9,0,2,0,0.0,0.6030364747269025,1302.8848771706002,Senior,-1,1,0
111169,0,0.242263458,47,0,1526.0,1.0,14,0,1,0,1.0,763.0,610.5453580748,Mid,-1,1,1
111186,0,0.0,63,0,3369.0,5400.0,5,0,2,0,0.0,0.6237733753008702,1347.6,Senior,-1,1,0
111211,0,0.0,54,0,4744.0,5400.0,14,0,2,0,0.0,0.8783558600259211,1897.6,Senior,-1,1,0
111221,1,0.481291069,51,4,2611.0,5400.0,11,2,1,1,0.0,0.4834289946306239,1044.6887746414002,Senior,-1,1,0
111245,0,0.002839603,61,0,628.5,1.0,20,0,1,0,0.0,314.25,251.4017037618,Senior,-1,1,1
111258,0,0.0,51,0,4201.0,5400.0,9,0,2,0,0.0,0.7778189224217738,1680.4,Senior,-1,1,0
111264,1,0.794557906,32,1,1954.0,5400.0,7,0,1,0,0.0,0.3617848546565451,782.0767347436,Mid,-1,1,0
111326,0,0.119244038,61,0,3475.0,5400.0,5,0,1,0,0.0,0.6433993704869468,1390.0715464228,Senior,-1,1,0
111334,0,0.03939606,51,0,3510.0,5400.0,3,0,1,0,0.0,0.6498796519163118,1404.023637636,Senior,-1,1,0
111343,0,0.995400092,56,0,4009.0,5400.0,15,0,1,0,3.0,0.7422699500092576,1604.1972400552002,Senior,-1,1,0
111381,0,0.022003603,50,0,7927.0,5400.0,7,0,4,0,0.0,1.4676911683021665,3170.8132021618003,Mid,-1,1,1
111410,0,0.40037204,47,0,4752.0,5400.0,15,0,3,0,0.0,0.879837067209776,1901.040223224,Mid,-1,1,0
111459,0,0.919926406,67,0,2338.0,5400.0,12,0,2,0,0.0,0.4328827994815775,935.7519558436,Senior,-1,1,0
111460,0,0.02133441,60,0,5750.0,5400.0,14,0,4,0,2.0,1.0646176633956674,2300.012800646,Senior,-1,1,0
111467,0,0.027526237,38,0,4461.0,5400.0,13,0,4,0,0.0,0.8259581558970561,1784.4165157422,Mid,-1,1,0
111509,0,0.30139452,65,0,3588.0,5400.0,7,0,1,0,0.0,0.6643214219588965,1435.380836712,Senior,-1,1,0
111511,0,0.390763654,60,0,6160.0,5400.0,13,0,2,0,2.0,1.140529531568228,2464.2344581924,Senior,-1,1,0
111531,0,0.9999999,32,1,2889.0,5400.0,10,0,1,0,1.0,0.5349009442695797,1156.1999999400002,Mid,-1,1,0
111537,0,0.191436118,63,0,3196.0,5400.0,8,0,1,0,0.0,0.5917422699500092,1278.5148616708002,Senior,-1,1,0
111557,0,0.363323028,43,0,3497.0,5400.0,12,0,1,0,3.0,0.6474726902425477,1399.0179938168,Mid,-1,1,0
111572,0,0.015624426,63,0,4732.0,5400.0,8,0,3,0,0.0,0.8761340492501388,1892.8093746556,Senior,-1,1,0
111578,0,0.000185178,62,0,9567.0,5400.0,13,0,8,0,0.0,1.7713386409924088,3826.8001111068,Senior,-1,1,1
111588,0,0.248998289,60,0,4652.0,5400.0,15,0,3,0,1.0,0.8613219774115904,1860.9493989734,Senior,-1,1,0
111593,0,0.208858468,44,1,5232.0,5400.0,12,0,3,0,1.0,0.9687094982410664,2092.9253150808004,Mid,-1,1,0
111598,0,0.977084288,42,0,3337.0,5400.0,4,0,2,0,0.0,0.6178485465654509,1335.3862505728002,Mid,-1,1,0
111613,0,0.021279036,52,0,3380.0,5400.0,14,0,2,0,0.0,0.6258100351786706,1352.0127674216,Senior,-1,1,0
111614,0,0.241847471,59,0,5617.0,5400.0,11,0,2,0,0.0,1.0399925939640808,2246.9451084826,Senior,-1,1,0
111626,0,0.94483793,26,0,533.0,5400.0,6,0,0,0,0.0,0.0986854286243288,213.766902758,Young,-1,1,0
111642,0,0.226831393,59,0,3334.0,5400.0,10,0,3,0,0.0,0.6172930938715053,1333.7360988358002,Senior,-1,1,0
111678,0,0.121792154,70,0,4794.0,5400.0,15,0,5,0,1.0,0.8876134049250138,1917.6730752924,Senior,-1,1,0
111714,0,0.093871041,66,0,1288.0,1.0,20,0,1,0,0.0,644.0,515.2563226246001,Senior,-1,1,1
111722,0,0.502228862,43,0,3299.0,5400.0,15,0,1,0,0.0,0.6108128124421404,1319.9013373172002,Mid,-1,1,0
111743,0,0.367437844,48,1,3177.0,5400.0,11,0,1,0,0.0,0.588224402888354,1271.0204627064002,Mid,-1,1,0
111757,0,0.671570455,53,0,4090.0,5400.0,13,0,5,0,0.0,0.7572671727457878,1636.402942273,Senior,-1,1,0
111764,0,0.186792528,63,0,5554.0,5400.0,16,0,3,0,0.0,1.028328087391224,2221.7120755168,Senior,-1,1,0
111781,0,0.0,38,0,5120.0,5400.0,8,0,3,0,1.0,0.9479725976670988,2048.0,Mid,-1,1,0
111790,0,0.054455835,80,0,2053.0,5400.0,10,0,1,0,0.0,0.3801147935567487,821.232673501,Senior,-1,1,0
111797,0,0.084076327,36,1,2730.0,5400.0,5,0,2,0,1.0,0.5054619514904647,1092.0504457962,Mid,-1,1,0
111823,0,0.150877447,74,0,3894.0,5400.0,19,0,3,0,0.0,0.7209775967413442,1557.6905264682002,Senior,-1,1,0
111831,0,0.0,54,0,4443.0,5400.0,11,0,2,0,0.0,0.8226254397333828,1777.2,Senior,-1,1,0
111851,0,0.040326251,37,0,3912.0,5400.0,8,0,1,0,0.0,0.7243103129050176,1564.8241957506002,Mid,-1,1,0
111853,0,0.529762147,83,0,3172.0,5400.0,11,0,2,0,0.0,0.5872986483984447,1269.1178572882002,Senior,-1,1,0
111880,0,0.9999999,43,0,2084.0,5400.0,1,0,1,0,0.0,0.3858544713941862,834.19999994,Mid,-1,1,0
111893,0,0.106235539,34,1,2731.0,5400.0,17,1,3,0,0.0,0.5056471023884466,1092.4637413234002,Mid,-1,1,0
111967,0,0.063013044,57,0,3841.0,5400.0,16,0,2,0,0.0,0.7111645991483059,1536.4378078264,Senior,-1,1,0
112018,0,0.646340757,53,0,3307.0,5400.0,12,0,0,0,0.0,0.6122940196259952,1323.1878044542002,Senior,-1,1,0
112020,0,0.164986569,38,0,517.0,1.0,9,0,1,0,0.0,258.5,206.8989919414,Mid,-1,1,0
112048,0,0.429736694,39,3,3359.0,5400.0,14,0,2,0,0.0,0.6219218663210516,1343.8578420164,Mid,-1,1,0
112052,0,0.026862711,65,0,3608.0,5400.0,12,0,2,0,0.0,0.6680244399185336,1443.2161176266,Senior,-1,1,0
112077,1,0.083860729,33,0,7028.0,5400.0,7,0,4,0,0.0,1.3012405110164784,2811.2503164374,Mid,-1,1,1
112092,0,0.570693717,39,0,2581.0,1.0,6,0,2,0,2.0,1290.5,1032.7424162302,Mid,-1,1,1
112102,0,0.028568641,42,0,5843.0,5400.0,9,0,3,0,0.0,1.08183669690798,2337.2171411846,Mid,-1,1,0
112132,0,0.954124393,47,4,2366.0,5400.0,7,2,1,1,0.0,0.4380670246250694,946.9724746358,Mid,-1,1,0
112149,0,0.462916593,60,0,433.5,1.0,9,0,0,0,0.0,216.75,173.6777499558,Senior,-1,1,0
112151,0,0.23392523,54,0,4492.0,5400.0,8,0,2,0,0.0,0.8316978337344936,1796.940355138,Senior,-1,1,0
112175,0,0.545162442,72,1,2028.0,5400.0,9,0,1,1,0.0,0.3754860211072023,811.5270974652001,Senior,-1,1,0
112191,0,0.241777142,58,0,3416.0,5400.0,11,0,1,0,0.0,0.6324754675060174,1366.5450662852002,Senior,-1,1,0
112199,0,0.274415275,47,0,5138.0,5400.0,10,0,3,0,0.0,0.951305313830772,2055.364649165,Mid,-1,1,0
112201,0,0.230161063,48,0,4959.0,5400.0,26,0,2,0,3.0,0.91816330309202,1983.7380966378,Mid,-1,1,0
112209,0,0.9999999,43,2,2643.0,5400.0,3,0,1,0,0.0,0.4893538233660433,1057.79999994,Mid,-1,1,0
112247,0,0.243999444,70,0,3024.0,5400.0,11,0,2,0,0.0,0.5598963154971301,1209.7463996664,Senior,-1,1,0
112286,0,0.138424497,44,0,3607.0,5400.0,15,0,2,0,0.0,0.6678392890205518,1442.8830546982,Mid,-1,1,0
112296,0,0.095732237,62,0,1151.0,1.0,8,0,1,0,0.0,575.5,460.4574393422,Senior,-1,1,1
112305,0,0.167680484,33,0,4364.0,5400.0,16,0,3,0,0.0,0.8079985187928161,1745.7006082904002,Mid,-1,1,0
112311,0,0.978667903,63,2,2417.0,5400.0,10,0,0,0,0.0,0.447509720422144,967.3872007418,Senior,-1,1,0
112312,0,0.348609706,61,1,2709.0,5400.0,12,0,1,0,2.0,0.5015737826328458,1083.8091658236,Senior,-1,1,0
112316,0,0.034743453,60,0,4535.0,5400.0,11,0,3,0,0.0,0.8396593223477133,1814.0208460718,Senior,-1,1,0
112374,0,0.833910382,32,2,1179.0,5400.0,11,0,0,0,0.0,0.2182929087206073,472.1003462292,Mid,-1,1,0
112413,0,0.038530515,27,0,734.0,1.0,9,0,1,0,0.0,367.0,293.623118309,Young,-1,1,1
112416,1,0.665880328,63,0,6164.0,5400.0,16,0,3,0,0.0,1.1412701351601555,2465.9995281968004,Senior,-1,1,0
112427,1,0.012259994,52,2,20948.0,5400.0,10,0,6,0,0.0,3.878541010923903,8379.207355996401,Senior,-1,1,1
112437,1,0.846048487,33,1,1120.0,5400.0,5,0,0,0,0.0,0.2073690057396778,448.5076290922,Mid,-1,1,0
112438,0,0.358510199,45,0,3135.0,5400.0,11,0,1,0,0.0,0.5804480651731161,1254.2151061194,Mid,-1,1,0
112440,0,0.3060996,56,0,2873.0,5400.0,10,0,2,0,0.0,0.5319385299018701,1149.38365976,Senior,-1,1,0
112500,0,0.459918382,35,1,4882.0,5400.0,20,0,2,0,1.0,0.9039066839474172,1953.0759510292005,Mid,-1,1,0
112599,0,0.784199893,62,0,3354.0,5400.0,12,0,2,1,0.0,0.6209961118311423,1342.0705199358,Senior,-1,1,0
112634,0,0.271847359,37,0,4501.0,5400.0,19,0,2,0,2.0,0.8333641918163303,1800.5631084154002,Mid,-1,1,0
112708,0,0.0,73,0,3335.0,5400.0,8,0,2,0,0.0,0.6174782447694871,1334.0,Senior,-1,1,0
112731,0,0.29464408,56,0,4132.0,5400.0,3,0,1,0,0.0,0.7650435104610257,1652.9767864480002,Senior,-1,1,0
112740,0,0.117328445,48,1,4103.0,5400.0,7,0,2,0,0.0,0.7596741344195519,1641.270397067,Mid,-1,1,0
112746,0,0.7956696,38,0,1863.0,5400.0,5,0,1,0,0.0,0.3449361229401962,745.6774017600001,Mid,-1,1,0
112755,0,0.019541698,67,0,4862.0,5400.0,9,0,3,0,0.0,0.90020366598778,1944.8117250188,Senior,-1,1,0
112756,0,0.267022906,51,0,5431.0,5400.0,5,0,1,0,0.0,1.0055545269394557,2172.5602137436,Senior,-1,1,0
112843,0,0.365083383,37,0,2270.0,5400.0,12,0,2,0,0.0,0.4202925384188113,908.2190500298,Mid,-1,1,0
112864,0,0.9999999,33,0,3366.0,5400.0,5,0,4,0,0.0,0.6232179226069247,1346.9999999400002,Mid,-1,1,0
112890,1,0.9999999,45,0,2803.0,5400.0,2,0,1,0,0.0,0.5189779670431401,1121.79999994,Mid,-1,1,0
112902,0,0.603536329,60,0,3213.0,5400.0,11,0,3,0,1.0,0.5948898352157008,1285.5621217974,Senior,-1,1,0
112917,0,0.969335378,81,0,2647.0,5400.0,10,0,1,0,0.0,0.4900944269579707,1059.3816012268,Senior,-1,1,0
112926,0,0.9999999,25,0,875.0,5400.0,0,0,0,1,0.0,0.1620070357341233,350.59999994,Young,-1,1,0
112951,0,0.689403801,53,1,3667.0,5400.0,16,0,1,0,0.0,0.678948342899463,1467.2136422806002,Senior,-1,1,0
112966,0,0.519881668,63,0,4413.0,5400.0,15,0,2,0,2.0,0.8170709127939271,1765.5119290008,Senior,-1,1,0
112982,0,0.337183141,80,0,366.0,1.0,4,0,0,0,0.0,183.0,146.6023098846,Senior,-1,1,0
112999,0,0.27151563,62,1,6960.0,5400.0,17,0,2,1,0.0,1.2886502499537122,2784.162909378,Senior,-1,1,1
113028,0,0.538146185,26,0,1235.0,5400.0,10,0,0,0,0.0,0.2286613590075912,494.322887711,Young,-1,1,0
113042,0,0.968210783,56,0,2234.0,5400.0,8,0,1,0,0.0,0.4136271060914645,894.1809264698,Senior,-1,1,0
113151,0,0.052293669,70,1,10224.0,5400.0,16,0,6,0,0.0,1.8929827809664876,4089.6313762014,Senior,-1,1,1
113154,0,0.830754707,83,0,2802.0,5400.0,19,0,0,0,0.0,0.5187928161451583,1121.2984528242,Senior,-1,1,0
113263,1,0.501964186,56,1,6191.0,5400.0,13,0,2,1,0.0,1.1462692094056657,2476.7011785116,Senior,-1,1,0
113264,1,0.815551112,49,1,4081.0,5400.0,5,3,2,1,0.0,0.7556008146639511,1632.8893306672,Mid,-1,1,0
113270,0,0.135292661,58,0,7808.0,5400.0,10,0,5,0,2.0,1.4456582114423255,3123.2811755966004,Senior,-1,1,1
113279,0,0.085344997,66,2,5385.0,5400.0,13,0,2,0,0.0,0.9970375856322904,2154.0512069982,Senior,-1,1,0
113300,0,0.991815236,44,0,8105.0,5400.0,9,0,6,0,0.0,1.5006480281429364,3242.5950891416,Mid,-1,1,1
113307,0,0.377001138,52,0,3764.0,5400.0,12,0,2,0,0.0,0.696907980003703,1505.8262006828002,Senior,-1,1,0
113314,0,0.551684427,58,0,9059.0,5400.0,33,0,1,0,2.0,1.6772819848176264,3623.9310106562,Senior,-1,1,1
113322,0,0.949551537,65,0,3430.0,5400.0,15,0,2,0,1.0,0.6350675800777634,1372.5697309222,Senior,-1,1,0
113426,1,0.9999999,32,0,1494.0,5400.0,4,4,0,3,0.0,0.2766154415848917,598.19999994,Mid,-1,1,0
113428,0,0.89394605,55,0,4015.0,5400.0,9,0,2,0,2.0,0.7433808553971487,1606.53636763,Senior,-1,1,0
113449,0,0.139291671,56,0,3370.0,5400.0,9,0,1,0,0.0,0.6239585261988521,1348.0835750026,Senior,-1,1,0
113475,0,0.063448777,35,0,286.0,1.0,2,0,1,0,2.0,143.0,114.4380692662,Mid,-1,1,0
113482,0,0.013535783,49,0,732.0,1.0,11,0,1,0,3.0,366.0,292.8081214698,Mid,-1,1,1
113499,0,0.967822296,55,0,3786.0,5400.0,10,0,1,0,0.0,0.7009812997593038,1514.9806933776,Senior,-1,1,0
113505,0,0.143895203,51,0,4797.0,5400.0,7,0,1,0,0.0,0.8881688576189595,1918.8863371218,Senior,-1,1,0
113527,0,0.993355482,50,1,1776.0,5400.0,5,3,2,3,0.0,0.3288279948157748,710.9960132892,Mid,-1,1,0
113550,0,0.743870631,58,0,6148.0,5400.0,10,0,2,0,0.0,1.138307720792446,2459.6463223786004,Senior,-1,1,0
113551,0,0.650074058,44,1,5790.0,5400.0,13,0,3,0,0.0,1.0720236993149417,2316.3900444348,Mid,-1,1,0
113572,0,0.153960208,45,0,4541.0,5400.0,8,0,2,0,3.0,0.8407702277356045,1816.4923761248,Mid,-1,1,0
113582,0,0.028905896,43,1,4904.0,5400.0,8,0,2,0,3.0,0.907980003703018,1961.6173435376,Mid,-1,1,0
113607,0,0.9999999,76,0,1474.0,5400.0,6,0,1,0,0.0,0.2729124236252546,590.19999994,Senior,-1,1,0
113621,0,0.383478401,67,0,4368.0,5400.0,5,0,1,0,0.0,0.8087391223847435,1747.4300870406,Senior,-1,1,0
113630,0,0.660899313,59,0,5907.0,5400.0,17,0,2,0,0.0,1.093686354378819,2363.1965395878,Senior,-1,1,0
113636,0,0.637307173,75,0,3356.0,5400.0,15,0,0,0,0.0,0.6213664136271061,1342.7823843038002,Senior,-1,1,0
113675,0,0.9999999,35,0,4911.0,5400.0,13,1,4,0,0.0,0.9092760599888908,1964.99999994,Mid,-1,1,0
113679,0,0.005916174,58,0,3692.0,5400.0,11,0,3,0,0.0,0.6835771153490094,1476.8035497044002,Senior,-1,1,0
113683,1,0.950078241,41,1,2466.0,5400.0,8,0,1,1,0.0,0.4565821144232549,986.9700469446,Mid,-1,1,0
113709,0,0.955459855,57,0,2517.0,5400.0,7,0,1,0,0.0,0.4660248102203295,1007.373275913,Senior,-1,1,0
113752,0,0.380117308,62,0,5629.0,5400.0,23,0,5,0,0.0,1.042214404739863,2251.8280703848,Senior,-1,1,0
113783,0,0.392232916,54,0,5111.0,5400.0,14,0,2,0,1.0,0.946306239585262,2044.6353397496,Senior,-1,1,0
113804,0,0.230823401,52,0,7298.0,5400.0,19,0,1,0,2.0,1.3512312534715794,2919.3384940406004,Senior,-1,1,1
113831,0,0.040139756,71,1,4269.0,5400.0,14,0,2,0,1.0,0.7904091834845399,1707.6240838536,Senior,-1,1,0
113835,0,0.093332195,33,0,162.0,1.0,7,0,0,0,0.0,81.0,64.855999317,Mid,-1,1,0
113860,0,0.245187952,60,0,5161.0,5400.0,18,0,1,0,0.0,0.9555637844843548,2064.5471127712003,Senior,-1,1,0
113879,0,0.395321982,60,0,4671.0,5400.0,11,0,2,0,1.0,0.8648398444732457,1868.6371931892,Senior,-1,1,0
113918,0,0.136818176,49,0,4815.5,1.0,14,0,1,0,5.0,2407.75,1926.2820909056,Mid,-1,1,1
113929,0,0.051364601,66,0,3522.0,5400.0,7,0,1,0,0.0,0.652101462692094,1408.8308187606,Senior,-1,1,0
113947,0,0.005488757,42,0,3377.0,5400.0,9,0,2,0,0.0,0.6252545824847251,1350.8032932542,Mid,-1,1,0
113950,0,0.151036159,66,0,4126.0,5400.0,7,0,2,0,0.0,0.7639326050731347,1650.4906216954,Senior,-1,1,0
113975,0,0.9999999,33,0,1623.0,5400.0,2,0,1,0,0.0,0.300499907424551,649.79999994,Mid,-1,1,0
113983,0,0.9999999,32,2,645.0,5400.0,2,0,0,0,1.0,0.1194223291982966,258.59999994,Mid,-1,1,0
113993,0,0.9999999,66,0,1203.0,5400.0,4,1,1,0,0.0,0.2227365302721718,481.79999994,Senior,-1,1,0
114000,0,0.167849233,63,0,5337.0,5400.0,17,0,2,0,0.0,0.9881503425291612,2134.9007095398,Senior,-1,1,0
114026,0,0.219310681,61,0,2932.0,5400.0,16,0,2,0,1.0,0.5428624328827995,1172.9315864086,Senior,-1,1,0
114070,0,0.000628355,45,0,9966.0,5400.0,17,0,3,0,2.0,1.845213849287169,3986.400377013,Mid,-1,1,1
114100,0,0.9999999,58,0,1363.0,5400.0,1,2,1,0,0.0,0.2523606739492686,545.79999994,Senior,-1,1,0
114142,0,0.005576709,48,0,4953.0,5400.0,10,0,4,0,0.0,0.9170523977041288,1981.2033460254,Mid,-1,1,0
114154,0,0.947871026,41,0,1488.0,5400.0,4,0,0,0,1.0,0.2755045361970005,595.7687226156,Mid,-1,1,0
114222,0,0.016936628,60,0,10888.0,5400.0,17,0,4,0,2.0,2.0159229772264395,4355.2101619768,Senior,-1,1,1
114224,0,0.0,35,0,6162.0,5400.0,7,0,3,0,3.0,1.1408998333641918,2464.8,Mid,-1,1,0
114235,0,0.036938187,45,0,1705.5,1.0,9,0,1,0,2.0,852.75,682.2221629122,Mid,-1,1,1
114255,0,0.102494548,46,0,3313.0,5400.0,5,0,2,0,3.0,0.6134049250138863,1325.2614967288,Mid,-1,1,0
114270,0,0.261976526,55,0,5157.0,5400.0,10,0,1,1,0.0,0.9548231808924272,2062.9571859156003,Senior,-1,1,0
114284,0,0.608656834,56,0,3628.0,5400.0,8,0,2,0,3.0,0.6717274578781707,1451.5651941004,Senior,-1,1,0
114289,0,0.803010368,56,1,3216.0,5400.0,9,0,2,0,0.0,0.5954452879096463,1286.8818062208002,Senior,-1,1,0
114304,1,0.655344655,26,1,824.0,5400.0,4,0,0,1,0.0,0.1525643399370486,329.993206793,Young,-1,1,0
114343,0,0.30415265,74,0,2603.0,5400.0,9,0,1,0,0.0,0.4819477874467691,1041.38249159,Senior,-1,1,0
114361,0,0.624163336,65,0,6736.0,5400.0,18,0,4,0,0.0,1.2471764488057766,2694.7744980016,Senior,-1,1,1
114391,1,0.9999999,70,0,2758.0,5400.0,2,1,1,1,0.0,0.5106461766339567,1103.79999994,Senior,-1,1,0
114400,0,0.329917396,45,0,3622.0,5400.0,5,0,1,0,0.0,0.6706165524902796,1448.9979504376,Mid,-1,1,0
114408,0,0.576745748,75,0,1594.0,5400.0,13,0,0,0,0.0,0.2951305313830772,637.9460474488001,Senior,-1,1,0
114427,0,0.179420132,51,0,4691.0,5400.0,7,0,4,0,0.0,0.8685428624328828,1876.5076520792,Senior,-1,1,0
114430,0,0.9999999,26,1,453.0,5400.0,6,0,0,0,0.0,0.0838733567857804,181.79999994,Young,-1,1,0
114432,0,0.9999999,62,0,1507.0,5400.0,2,0,2,0,0.0,0.2790224032586558,603.39999994,Senior,-1,1,0
114436,0,0.350696784,46,0,2926.0,5400.0,7,0,2,0,1.0,0.5417515274949084,1170.6104180704,Mid,-1,1,0
114451,0,0.166204695,49,0,4921.0,5400.0,4,0,2,0,0.0,0.9111275689687096,1968.499722817,Mid,-1,1,0
114468,0,0.729837887,53,0,2819.0,5400.0,14,0,1,0,0.0,0.5219403814108499,1128.0379027322,Senior,-1,1,0
114493,0,0.923688814,48,1,6428.0,5400.0,14,0,3,0,2.0,1.1901499722273654,2571.7542132884005,Mid,-1,1,0
114502,0,0.26751744,59,0,2343.0,1.0,14,0,2,0,0.0,1171.5,937.360510464,Senior,-1,1,1
114505,0,0.785048151,62,0,4516.0,5400.0,8,0,2,0,0.0,0.8361414552860581,1806.8710288906,Senior,-1,1,0
114541,0,0.9999999,56,0,2181.0,5400.0,4,0,1,0,0.0,0.4038141084984262,872.9999999400001,Senior,-1,1,0
114559,0,0.000477829,72,0,2912.0,5400.0,15,0,2,0,0.0,0.5391594149231623,1164.8002866974,Senior,-1,1,0
114562,0,0.599790639,46,0,3523.0,5400.0,10,0,2,0,0.0,0.6522866135900759,1409.5598743834,Mid,-1,1,0
114573,0,0.905476166,71,0,1348.0,5400.0,6,0,0,0,0.0,0.2495834104795408,539.7432856996,Senior,-1,1,0
114579,0,0.433663716,49,0,6543.0,5400.0,9,0,2,0,0.0,1.2114423254952786,2617.4601982296003,Mid,-1,1,1
114584,0,0.881488573,56,0,4146.0,5400.0,27,0,0,0,0.0,0.7676356230327717,1658.9288931438,Senior,-1,1,0
114598,0,0.9999999,39,0,2240.0,5400.0,2,0,1,0,3.0,0.4147380114793557,896.59999994,Mid,-1,1,0
114611,0,0.025949913,42,0,4166.0,5400.0,11,0,1,0,0.0,0.7713386409924088,1666.4155699478,Mid,-1,1,0
114633,0,0.114038489,45,0,5587.0,5400.0,9,0,2,0,0.0,1.0344380670246252,2234.8684230934,Mid,-1,1,0
114643,0,0.223969715,53,0,3870.0,5400.0,12,0,1,0,0.0,0.7165339751897797,1548.134381829,Senior,-1,1,0
114647,0,0.524391574,42,0,7526.0,5400.0,12,0,2,0,2.0,1.3934456582114425,3010.7146349444,Mid,-1,1,1
114650,0,0.008299585,60,0,3516.0,5400.0,4,0,1,0,0.0,0.650990557304203,1406.4049797510002,Senior,-1,1,0
114652,0,0.693011012,61,0,2353.0,5400.0,8,0,1,0,0.0,0.4356600629513053,941.6158066072,Senior,-1,1,0
114691,0,0.265381517,59,0,3438.0,5400.0,12,0,2,0,0.0,0.6365487872616182,1375.3592289102,Senior,-1,1,0
114700,0,0.19402673,51,4,3371.0,5400.0,11,0,2,0,0.0,0.6241436770968339,1348.516416038,Senior,-1,1,0
114705,0,0.764687818,46,0,5279.0,5400.0,13,0,2,0,3.0,0.9774115904462136,2112.0588126908,Mid,-1,1,0
114712,0,0.654946615,40,0,1249.5,1.0,5,0,2,0,3.0,624.75,500.192967969,Mid,-1,1,1
114742,0,0.711914047,54,0,5174.0,5400.0,21,0,1,1,2.0,0.9579707461581188,2070.0271484282,Senior,-1,1,0
114777,0,0.098231827,44,0,7256.0,5400.0,7,0,1,0,0.0,1.3434549157563414,2902.4589390962,Mid,-1,1,1
114793,0,0.0,46,0,4021.0,5400.0,7,0,2,0,0.0,0.7444917607850398,1608.4,Mid,-1,1,0
114821,0,0.9999999,67,0,2418.0,5400.0,3,0,2,0,0.0,0.4476948713201259,967.79999994,Senior,-1,1,0
114827,0,0.21283147,59,0,3972.0,5400.0,10,0,2,0,0.0,0.7354193667839289,1588.9276988820002,Senior,-1,1,0
114865,0,0.467582737,59,0,1248.5,1.0,9,0,1,0,0.0,624.25,499.6805496422001,Senior,-1,1,1
114969,0,0.134514201,34,0,3254.0,5400.0,4,0,1,0,0.0,0.6024810220329568,1301.6807085206,Mid,-1,1,0
114982,0,0.315745945,42,1,4330.0,5400.0,10,0,1,0,0.0,0.8017033882614331,1732.189447567,Mid,-1,1,0
114994,0,0.643514198,34,2,4166.0,5400.0,8,0,2,0,0.0,0.7713386409924088,1666.7861085188,Mid,-1,1,0
115012,0,0.527902119,57,0,2624.0,5400.0,10,0,1,0,0.0,0.4858359563043881,1049.9167412714,Senior,-1,1,0
115032,0,0.451182566,40,0,14746.0,5400.0,23,0,7,0,0.0,2.730235141640437,5898.6707095396005,Mid,-1,1,1
115042,0,0.055462874,48,3,6274.0,5400.0,11,0,2,0,0.0,1.1616367339381597,2509.6332777244,Mid,-1,1,0
115063,0,0.876157496,69,0,5325.0,5400.0,10,0,1,0,1.0,0.985928531753379,2130.5256944976,Senior,-1,1,0
115075,0,0.774344558,60,0,3951.0,5400.0,11,0,1,0,3.0,0.7315311979263099,1580.8646067348002,Senior,-1,1,0
115079,0,0.043940209,40,0,4622.0,5400.0,9,0,2,0,0.0,0.8557674504721348,1848.8263641254,Mid,-1,1,0
115092,0,0.9999999,52,1,1918.0,5400.0,1,0,1,0,0.0,0.3551194223291983,767.79999994,Senior,-1,1,0
115099,0,0.451920773,66,0,4440.0,5400.0,24,0,2,0,0.0,0.8220699870394371,1776.2711524638,Senior,-1,1,0
115125,0,0.201672621,40,0,5108.0,5400.0,9,0,3,0,0.0,0.9457507868913164,2043.3210035726,Mid,-1,1,0
115140,0,0.154942253,48,1,5484.0,5400.0,10,0,4,0,0.0,1.015367524532494,2193.6929653518,Mid,-1,1,0
115175,0,0.0,39,0,2763.0,5400.0,4,0,2,0,0.0,0.5115719311238659,1105.2,Mid,-1,1,0
115191,0,0.445894827,58,1,4160.0,5400.0,13,0,1,0,0.0,0.7702277356045176,1664.2675368962,Senior,-1,1,0
115206,0,0.9999999,58,0,1276.0,5400.0,3,0,1,0,0.0,0.2362525458248472,510.99999994,Senior,-1,1,0
115246,0,0.852383626,49,0,4106.0,5400.0,25,0,3,0,3.0,0.7602295871134975,1642.9114301756,Mid,-1,1,0
115280,0,0.017222838,67,0,3509.0,5400.0,8,0,1,0,0.0,0.6496945010183299,1403.6103337028,Senior,-1,1,0
115346,0,0.9999999,54,0,1942.0,5400.0,1,0,1,0,0.0,0.3595630438807628,777.39999994,Senior,-1,1,0
115358,0,0.03617234,50,0,3636.0,5400.0,7,0,2,0,2.0,0.6732086650620256,1454.421703404,Mid,-1,1,0
115383,0,0.001542846,63,0,4612.0,5400.0,19,0,2,0,1.0,0.8539159414923162,1844.8009257076,Senior,-1,1,0
115400,0,0.033366666,70,1,3830.0,5400.0,9,0,2,0,0.0,0.7091279392705054,1532.0200199996,Senior,-1,1,0
115415,0,0.242161493,47,0,3524.0,5400.0,9,0,2,0,1.0,0.6524717644880578,1409.7452968958,Mid,-1,1,0
115470,0,0.0,72,0,7392.0,5400.0,17,0,4,0,1.0,1.3686354378818737,2956.8,Senior,-1,1,1
115473,0,0.953488372,44,2,2687.0,5400.0,5,1,1,1,0.0,0.497500462877245,1075.3720930232,Mid,-1,1,0
115487,0,0.9999999,70,0,1748.0,5400.0,2,0,1,0,0.0,0.3236437696722829,699.79999994,Senior,-1,1,0
115505,0,0.553580394,57,1,4013.0,5400.0,13,0,1,0,0.0,0.743010553601185,1605.5321482364,Senior,-1,1,0
115513,0,0.0,50,0,3854.0,5400.0,9,0,3,0,0.0,0.71357156082207,1541.6,Mid,-1,1,0
115556,0,0.972555548,62,0,3227.0,5400.0,10,0,2,0,1.0,0.5974819477874468,1291.3835333288002,Senior,-1,1,0
115559,0,0.342794515,57,0,3825.0,5400.0,8,0,2,0,0.0,0.7082021847805962,1530.205676709,Senior,-1,1,0
115562,0,0.915231641,28,0,651.0,5400.0,3,0,0,0,0.0,0.1205332345861877,260.94913898460004,Young,-1,1,0
115567,0,0.483763662,52,0,3292.0,5400.0,9,0,1,0,0.0,0.6095167561562673,1317.0902581972002,Senior,-1,1,0
115593,0,0.033645395,45,0,4712.0,5400.0,16,0,2,0,0.0,0.8724310312905018,1884.8201872370005,Mid,-1,1,0
115600,0,0.007219263,79,0,2284.0,5400.0,12,0,1,0,0.0,0.4228846509905573,913.6043315578,Senior,-1,1,0
115622,1,0.956644406,45,3,5245.0,5400.0,13,0,2,0,1.0,0.9711164599148304,2098.5739866436,Mid,-1,1,0
115659,0,0.69290582,54,0,2776.0,5400.0,8,0,1,0,0.0,0.5139788927976301,1110.815743492,Senior,-1,1,0
115748,0,0.538024605,62,0,6215.0,5400.0,15,0,2,0,0.0,1.15071283095723,2486.322814763,Senior,-1,1,0
115765,0,0.327734887,70,0,3380.0,5400.0,12,0,1,0,0.0,0.6258100351786706,1352.1966409322,Senior,-1,1,0
115802,0,0.020195961,47,0,4844.0,5400.0,7,0,2,0,2.0,0.8968709498241066,1937.6121175766,Mid,-1,1,0
115818,0,0.203653284,50,1,3247.0,5400.0,6,0,2,0,0.0,0.6011849657470839,1298.9221919704005,Mid,-1,1,0
115854,0,0.05196243,76,0,2362.0,5400.0,8,0,2,0,0.0,0.437326421033142,944.831177458,Senior,-1,1,0
115858,0,0.9999999,55,0,1808.0,5400.0,8,0,3,0,0.0,0.3347528235511942,723.79999994,Senior,-1,1,0
115864,0,0.0,37,0,2259.0,5400.0,8,0,1,0,0.0,0.4182558785410109,903.6,Mid,-1,1,0
116026,0,0.344449094,45,0,2779.0,5400.0,7,0,1,0,0.0,0.5145343454915756,1111.8066694564002,Mid,-1,1,0
116027,0,0.584293849,43,0,630.5,1.0,5,0,0,0,2.0,315.25,252.5505763094,Mid,-1,1,1
116081,0,0.199065324,47,0,3572.0,5400.0,7,0,1,0,0.0,0.6613590075911868,1428.9194391944002,Mid,-1,1,0
116083,0,0.256448406,69,0,3153.0,5400.0,17,0,1,0,0.0,0.5837807813367895,1261.3538690436,Senior,-1,1,0
116117,0,0.00045672,43,3,4872.0,5400.0,9,0,2,0,0.0,0.9020551749675986,1948.8002740320003,Mid,-1,1,0
116151,0,0.408641659,46,0,20243.0,5400.0,10,0,2,0,2.0,3.7480096278466952,8097.445184995401,Mid,-1,1,1
116156,0,0.256974303,53,0,3760.0,5400.0,4,0,1,0,0.0,0.6961673764117756,1504.1541845818,Senior,-1,1,0
116161,0,0.712574041,50,0,4095.0,5400.0,11,0,2,0,1.0,0.7581929272356971,1638.4275444246,Mid,-1,1,0
116169,0,0.168770781,45,0,4702.0,5400.0,10,0,3,0,1.0,0.8705795223106833,1880.9012624686,Mid,-1,1,0
116174,0,0.067292701,61,0,3400.0,5400.0,7,0,2,0,0.0,0.6295130531383077,1360.0403756206,Senior,-1,1,0
116198,0,0.349882506,33,0,2678.0,5400.0,9,0,2,0,0.0,0.4958341047954082,1071.4099295036,Mid,-1,1,0
116199,0,0.750826902,35,0,4687.0,5400.0,9,0,2,0,2.0,0.8678022588409554,1875.2504961412,Mid,-1,1,0
116200,0,0.019717344,61,0,4505.0,5400.0,13,0,4,0,3.0,0.8341047954082578,1802.0118304064,Senior,-1,1,0
116209,0,0.9999999,46,0,2735.0,5400.0,2,0,1,0,0.0,0.506387705980374,1094.59999994,Mid,-1,1,0
116229,0,0.162155406,43,0,4746.0,5400.0,7,0,2,0,2.0,0.8787261618218848,1898.4972932436,Mid,-1,1,0
116248,0,0.0,59,0,3430.0,5400.0,7,0,2,0,0.0,0.6350675800777634,1372.0,Senior,-1,1,0
116261,0,0.477288014,37,0,2003.0,5400.0,6,0,1,0,0.0,0.370857248657656,801.4863728084,Mid,-1,1,0
116264,0,0.805889965,59,0,3501.0,5400.0,15,1,1,0,0.0,0.6482132938344751,1400.883533979,Senior,-1,1,0
116295,0,0.9999999,34,0,729.0,5400.0,2,0,1,0,0.0,0.1349750046287724,292.19999994,Mid,-1,1,0
116316,0,0.549202988,48,0,2651.0,5400.0,6,0,1,0,0.0,0.4908350305498982,1060.7295217928,Mid,-1,1,0
116319,0,0.720803684,49,0,3858.0,5400.0,5,0,3,0,0.0,0.7143121644139974,1543.6324822104,Mid,-1,1,0
116325,0,0.002533164,36,0,486.5,1.0,4,0,1,0,0.0,243.25,194.60151989840003,Mid,-1,1,0
116344,0,0.01790529,60,0,3527.0,5400.0,12,0,2,0,0.0,0.6530272171820033,1410.8107431740002,Senior,-1,1,0
116352,0,0.062364565,49,0,4293.0,5400.0,11,0,2,0,0.0,0.7948528050361044,1717.237418739,Mid,-1,1,0
116367,0,0.986282491,71,0,1875.0,5400.0,4,0,1,0,0.0,0.3471579337159785,750.5917694946,Senior,-1,1,0
116388,0,0.18655321,39,0,3209.0,5400.0,16,0,3,0,3.0,0.5941492316237734,1283.711931926,Mid,-1,1,0
116407,0,0.9999999,34,0,2971.0,5400.0,4,0,2,0,0.0,0.5500833179040918,1188.9999999400002,Mid,-1,1,0
116440,1,0.01300294,56,0,10571.0,5400.0,15,0,3,0,0.0,1.9572301425661915,4228.407801764,Senior,-1,1,1
116461,0,0.9999999,90,0,303.0,5400.0,0,0,0,0,0.0,0.0561007220885021,121.79999994,Senior,-1,1,0
116470,0,0.014095505,40,0,2962.0,5400.0,19,0,1,0,0.0,0.5484169598222551,1184.8084573029998,Mid,-1,1,0
116490,0,0.003549876,70,0,3872.0,5400.0,9,0,2,0,0.0,0.7169042769857433,1548.8021299256002,Senior,-1,1,0
116512,0,0.9999999,45,0,2112.0,5400.0,2,0,1,0,0.0,0.3910386965376782,845.39999994,Mid,-1,1,0
116532,0,0.562841258,49,0,2734.0,5400.0,13,0,1,0,0.0,0.5062025550823922,1093.9377047548,Mid,-1,1,0
116534,0,0.052600346,62,0,3653.0,5400.0,12,0,3,0,0.0,0.6763562303277171,1461.2315602076,Senior,-1,1,0
116545,0,0.395917887,33,0,4209.0,5400.0,8,0,1,0,0.0,0.7793001296056286,1683.8375507322,Mid,-1,1,0
116561,0,0.012774628,58,0,7559.0,5400.0,9,0,3,0,0.0,1.3995556378448435,3023.6076647768004,Senior,-1,1,1
116581,0,0.998712219,42,1,1810.0,5400.0,8,0,1,0,0.0,0.3351231253471579,724.5992273314,Mid,-1,1,0
116585,0,0.180306423,38,0,3386.0,5400.0,6,0,1,0,0.0,0.6269209405665618,1354.5081838538,Mid,-1,1,0
116586,1,0.992947741,30,1,1827.0,5400.0,6,1,0,0,0.0,0.3382706906128495,731.3957686446,Young,-1,1,0
116591,0,0.438389943,40,0,6667.0,5400.0,15,0,2,0,0.0,1.2344010368450289,2667.0630339658,Mid,-1,1,1
116596,0,0.225808897,52,0,3897.0,5400.0,14,0,1,0,0.0,0.7215330494352897,1558.9354853382,Senior,-1,1,0
116620,0,0.950644189,61,2,4784.0,5400.0,7,1,2,1,2.0,0.8857618959451954,1914.1703865134,Senior,-1,1,0
116639,0,0.149355112,54,1,4061.0,5400.0,23,0,2,0,0.0,0.751897796704314,1624.4896130672,Senior,-1,1,0
116650,0,0.583962923,71,0,2747.0,5400.0,14,0,1,0,0.0,0.5086095167561563,1099.1503777538,Senior,-1,1,0
116662,0,0.064853437,56,0,3513.0,5400.0,6,0,3,0,3.0,0.6504351046102573,1405.2389120622,Senior,-1,1,0
116678,0,0.012106977,43,0,24591.0,5400.0,14,0,5,0,0.0,4.553045732271801,9836.407264186202,Mid,-1,1,1
116683,0,0.927642115,43,4,4178.0,5400.0,10,1,3,1,0.0,0.7735604517681911,1671.756585269,Mid,-1,1,0
116693,0,0.503008186,71,0,2829.0,5400.0,19,0,1,0,0.0,0.5237918903906684,1131.9018049116,Senior,-1,1,0
116712,0,0.9999999,61,3,1421.0,5400.0,3,1,1,0,0.0,0.2630994260322162,568.99999994,Senior,-1,1,0
116740,0,0.0,48,2,11693.0,5400.0,14,0,8,0,2.0,2.164969450101833,4677.2,Mid,-1,1,1
116753,0,0.917672601,34,0,2566.0,5400.0,9,0,1,0,0.0,0.4750972042214405,1026.9506035606,Mid,-1,1,0
116773,0,0.029074273,87,0,0.019102896,97000.0,5,0,1,0,0.0,1.969350419067845e-07,0.0250857222,Senior,-1,1,1
116796,0,0.9999999,81,0,533.0,5400.0,1,0,1,0,0.0,0.0986854286243288,213.79999994,Senior,-1,1,0
116799,0,0.909613622,64,0,3441.0,5400.0,7,0,2,0,0.0,0.6371042399555638,1376.9457681732,Senior,-1,1,0
116807,0,0.9999999,45,0,1578.0,5400.0,2,0,2,0,0.0,0.2921681170153675,631.79999994,Mid,-1,1,0
116822,0,0.125721558,64,0,3923.0,5400.0,12,0,1,0,1.0,0.726346972782818,1569.2754329348,Senior,-1,1,0
116868,0,0.979630476,58,0,4440.0,5400.0,15,0,1,0,0.0,0.8220699870394371,1776.5877782856,Senior,-1,1,0
116920,0,0.209394438,46,0,1668.0,1.0,9,0,2,0,2.0,834.0,667.3256366628001,Mid,-1,1,1
116934,0,0.855007657,79,0,1546.0,5400.0,12,0,0,0,3.0,0.2862432882799481,618.9130045942001,Senior,-1,1,0
116939,0,0.222220636,57,0,4198.0,5400.0,12,0,2,0,1.0,0.7772634697278282,1679.3333323816,Senior,-1,1,0
116956,0,0.099964617,54,0,4909.0,5400.0,19,0,2,0,0.0,0.9089057581929272,1963.6599787702,Senior,-1,1,0
116998,0,0.9999999,49,1,2977.0,5400.0,2,4,2,1,0.0,0.551194223291983,1191.39999994,Mid,-1,1,0
117013,0,0.0,60,0,6067.0,5400.0,16,0,4,0,0.0,1.1233104980559157,2426.8,Senior,-1,1,0
117033,0,0.209522999,70,0,5590.0,5400.0,12,0,3,0,0.0,1.034993519718571,2236.1257137994,Senior,-1,1,0
117063,0,0.704302611,75,0,1379.0,5400.0,6,0,1,0,0.0,0.2553230883169783,552.0225815666,Senior,-1,1,0
117079,0,0.9999999,59,0,1344.0,5400.0,2,0,1,0,0.0,0.2488428068876134,538.19999994,Senior,-1,1,0
117094,0,0.9999999,56,0,3221.0,5400.0,3,0,1,0,0.0,0.5963710423995556,1288.9999999400002,Senior,-1,1,0
117116,0,0.00514242,80,1,2231.0,5400.0,10,0,3,0,0.0,0.413071653397519,892.4030854520001,Senior,-1,1,0
117118,0,0.587554269,51,0,3046.0,5400.0,16,0,2,0,0.0,0.563969635252731,1218.7525325614,Senior,-1,1,0
117126,0,0.050524397,57,2,5115.0,5400.0,18,0,3,0,0.0,0.9470468431771896,2046.0303146382,Senior,-1,1,0
117128,0,0.9999999,49,0,4148.0,5400.0,3,0,1,0,0.0,0.7680059248287354,1659.79999994,Mid,-1,1,0
117140,0,0.283038193,64,0,5527.0,5400.0,10,0,2,0,0.0,1.0233290131457138,2210.9698229158003,Senior,-1,1,0
117151,1,0.912690169,61,1,2004.0,5400.0,12,1,1,0,0.0,0.3710423995556378,802.1476141014,Senior,-1,1,0
117165,0,0.194402358,57,0,5631.0,5400.0,9,0,3,0,0.0,1.042584706535827,2252.5166414148,Senior,-1,1,0
117170,0,0.04525007,68,0,3727.0,5400.0,11,0,2,0,0.0,0.6900573967783744,1490.827150042,Senior,-1,1,0
117195,0,0.244489889,25,0,17.5,1.0,5,0,0,0,0.0,8.75,7.1466939334,Young,-1,1,0
117206,0,0.066842959,40,0,2929.0,5400.0,6,0,1,0,0.0,0.5423069801888539,1171.6401057754,Mid,-1,1,0
117210,0,0.053552244,55,0,600.0,1.0,4,0,1,0,0.0,300.0,240.0321313464,Senior,-1,1,1
117245,1,0.9999999,50,4,2432.0,5400.0,7,0,2,1,3.0,0.4502869838918719,973.39999994,Mid,-1,1,0
117267,0,0.0,57,0,4321.0,5400.0,12,0,2,0,0.0,0.8000370301795964,1728.4,Senior,-1,1,0
117290,0,0.0175932,44,1,14441.0,5400.0,14,0,10,0,0.0,2.673764117755971,5776.410555920001,Mid,-1,1,1
117291,0,0.222480031,61,0,3143.0,5400.0,11,0,2,0,1.0,0.5819292723569709,1257.3334880186,Senior,-1,1,0
117294,0,0.9999999,44,0,4686.0,5400.0,5,0,3,0,0.0,0.8676171079429735,1874.99999994,Mid,-1,1,0
117305,0,0.94338897,63,1,5396.0,5400.0,9,0,1,0,2.0,0.9990742455100908,2158.966033382,Senior,-1,1,0
117310,1,0.629482072,30,0,4094.0,5400.0,7,0,3,0,0.0,0.7580077763377152,1637.9776892432,Young,-1,1,0
117344,0,0.764170091,32,0,1338.0,5400.0,6,0,0,0,0.0,0.2477319014997222,535.6585020546,Mid,-1,1,0
117363,0,0.250565119,73,0,2699.0,5400.0,6,0,3,0,0.0,0.4997222736530272,1079.7503390714,Senior,-1,1,0
117404,0,0.988241829,35,0,2154.0,5400.0,6,0,2,0,1.0,0.3988150342529161,862.1929450974001,Mid,-1,1,0
117429,0,0.446181254,49,0,7927.0,5400.0,9,0,1,0,0.0,1.4676911683021665,3171.0677087524,Mid,-1,1,1
117430,1,0.9999999,31,1,2076.0,5400.0,2,1,1,0,0.0,0.3843732642103314,830.9999999400001,Mid,-1,1,0
117433,0,0.247671473,41,0,11784.0,5400.0,11,0,6,0,1.0,2.1818181818181817,4713.7486028838,Mid,-1,1,1
117439,0,0.659183562,53,1,2986.0,5400.0,14,0,1,0,0.0,0.5528605813738197,1194.7955101372002,Senior,-1,1,0
117447,0,0.786691591,62,0,4652.0,5400.0,13,0,2,0,1.0,0.8613219774115904,1861.2720149546,Senior,-1,1,0
117452,0,0.284746565,50,0,3472.0,5400.0,18,0,2,0,3.0,0.6428439177930013,1388.970847939,Mid,-1,1,0
117460,0,0.793848712,52,0,2806.0,5400.0,8,1,2,0,0.0,0.5195334197370858,1122.8763092272002,Senior,-1,1,0
117470,0,0.091243463,52,0,3347.0,5400.0,8,0,2,0,0.0,0.6197000555452694,1338.8547460778002,Senior,-1,1,0
117494,0,0.18304536,49,2,8246.0,5400.0,18,0,3,0,0.0,1.526754304758378,3298.5098272160003,Mid,-1,1,1
117502,0,0.097808679,31,0,3220.0,5400.0,14,0,1,0,0.0,0.5961858915015738,1288.0586852074,Mid,-1,1,0
117543,0,0.216702434,35,0,2597.0,5400.0,5,0,1,0,1.0,0.480836882058878,1038.9300214604,Mid,-1,1,0
117558,0,0.009695731,65,0,6525.0,5400.0,9,0,2,0,0.0,1.2081096093316053,2610.0058174386,Senior,-1,1,1
117636,0,0.155658693,49,4,3520.0,5400.0,7,0,1,2,3.0,0.6517311608961304,1408.0933952158,Mid,-1,1,0
117676,0,0.270157258,37,0,2752.0,5400.0,5,0,1,0,0.0,0.5095352712460656,1100.9620943548,Mid,-1,1,0
117727,0,0.432288412,83,0,1431.0,5400.0,10,0,1,0,0.0,0.2649509350120348,572.6593730472,Senior,-1,1,0
117751,0,0.589220539,74,0,2616.0,5400.0,6,0,2,0,0.0,0.4843547491205332,1046.7535323234,Senior,-1,1,0
117756,0,0.276918236,48,0,5350.0,5400.0,11,0,1,0,0.0,0.9905573042029254,2140.1661509416,Mid,-1,1,0
117763,1,0.534054169,68,0,5298.0,5400.0,7,0,1,1,0.0,0.9809294575078688,2119.5204325014,Senior,-1,1,0
117782,1,0.915867003,35,0,1457.0,5400.0,15,0,0,0,0.0,0.269764858359563,583.3495202018,Mid,-1,1,0
117796,0,0.772661737,61,0,2702.0,5400.0,3,0,1,0,0.0,0.5002777263469728,1081.2635970422,Senior,-1,1,0
117823,0,0.0,68,0,4575.0,5400.0,4,0,1,0,0.0,0.8470653582669876,1830.0,Senior,-1,1,0
117824,0,0.015113854,48,0,229.0,1.0,7,0,1,1,3.0,114.5,91.6090683124,Mid,-1,1,0
117828,0,0.0,59,0,3609.0,5400.0,13,0,3,0,0.0,0.6682095908165154,1443.6,Senior,-1,1,0
117832,0,0.992568383,61,4,2735.0,5400.0,7,0,1,0,0.0,0.506387705980374,1094.5955410298,Senior,-1,1,0
117843,0,0.018693672,73,0,3402.0,5400.0,4,0,2,0,0.0,0.6298833549342714,1360.8112162032005,Senior,-1,1,0
117889,0,0.764250495,32,0,1890.0,5400.0,11,0,1,0,1.0,0.3499351971857063,756.458550297,Mid,-1,1,0
117905,0,0.36018938,55,1,3755.0,5400.0,13,0,1,0,3.0,0.6952416219218663,1502.216113628,Senior,-1,1,0
117988,0,0.00282184,46,0,4015.0,5400.0,5,0,1,0,0.0,0.7433808553971487,1606.001693104,Mid,-1,1,0
117992,0,0.873376373,45,0,6564.0,5400.0,9,0,2,0,0.0,1.2153304943528975,2626.1240258238004,Mid,-1,1,1
118058,0,0.320648246,64,0,3061.0,5400.0,12,0,2,0,0.0,0.5667468987224588,1224.5923889476,Senior,-1,1,0
118060,0,0.022108655,67,0,3254.0,5400.0,7,0,3,0,0.0,0.6024810220329568,1301.6132651930002,Senior,-1,1,0
118076,0,0.9999999,53,1,608.0,1.0,13,0,2,0,0.0,304.0,243.79999994,Senior,-1,1,1
118112,0,0.732857143,55,4,2418.0,5400.0,8,1,0,3,1.0,0.4476948713201259,967.6397142858,Senior,-1,1,0
118145,1,0.332647877,39,0,4044.0,5400.0,9,0,2,0,0.0,0.7487502314386225,1617.7995887262002,Mid,-1,1,0
118201,0,0.11280545,39,0,797.5,1.0,6,0,1,0,3.0,398.75,319.06768327,Mid,-1,1,1
118203,0,0.102860992,37,0,4432.0,5400.0,8,0,3,0,0.0,0.8205887798555823,1772.8617165952005,Mid,-1,1,0
118240,0,0.086703659,53,0,4604.0,5400.0,8,0,2,0,0.0,0.8524347343084614,1841.6520221954,Senior,-1,1,0
118247,0,0.9999999,37,0,1828.0,5400.0,7,0,1,0,1.0,0.3384558415108313,731.79999994,Mid,-1,1,0
118302,1,0.9999999,55,2,1898.0,5400.0,7,2,1,0,0.0,0.3514164043695612,759.79999994,Senior,-1,1,0
118317,0,0.9999999,75,0,790.0,5400.0,3,0,1,0,0.0,0.1462692094056656,316.59999994,Senior,-1,1,0
118328,0,0.105957291,71,0,3476.0,5400.0,18,0,2,1,0.0,0.6435845213849287,1390.4635743746,Senior,-1,1,0
118344,0,0.9999999,35,0,2420.0,5400.0,3,0,1,0,0.0,0.4480651731160896,968.59999994,Mid,-1,1,0
118345,0,0.105138105,71,0,4786.0,5400.0,7,0,3,0,0.0,0.886132197741159,1914.463082863,Senior,-1,1,0
118353,0,0.810001879,62,0,3076.0,5400.0,11,0,0,0,0.0,0.5695241621921866,1230.8860011274,Senior,-1,1,0
118356,0,0.631595399,51,0,3799.0,5400.0,11,0,2,0,1.0,0.703388261433068,1519.9789572394002,Senior,-1,1,0
118379,0,0.005722213,52,0,6154.0,5400.0,5,0,3,0,0.0,1.139418626180337,2461.6034333278003,Senior,-1,1,0
118409,1,0.87543344,63,4,5732.0,5400.0,14,7,1,0,0.0,1.061284947231994,2293.3252600640003,Senior,-1,1,0
118449,0,0.213394171,60,0,3126.0,5400.0,20,0,1,0,0.0,0.5787817070912794,1250.5280365026,Senior,-1,1,0
118454,0,0.828319609,62,1,2826.0,5400.0,16,0,0,0,0.0,0.5232364376967228,1130.8969917654,Senior,-1,1,0
118465,0,0.578673602,83,0,2678.0,5400.0,7,0,2,0,0.0,0.4958341047954082,1071.5472041612,Senior,-1,1,0
118527,0,1.51e-05,52,1,3895.0,5400.0,21,0,3,0,3.0,0.7211627476393261,1558.00000906,Senior,-1,1,0
118528,1,0.846307385,26,0,561.0,5400.0,7,0,0,0,0.0,0.1038696537678207,224.907784431,Young,-1,1,0
118561,0,0.86288903,54,0,3706.0,5400.0,10,0,2,1,0.0,0.6861692279207554,1482.917733418,Senior,-1,1,0
118564,0,0.800960187,38,0,4025.0,5400.0,14,0,1,0,2.0,0.7452323643769673,1610.4805761122,Mid,-1,1,0
118575,0,0.0,60,0,3631.0,5400.0,7,0,2,1,2.0,0.6722829105721163,1452.4,Senior,-1,1,0
118605,0,0.28547365,65,1,3105.0,5400.0,16,1,1,0,0.0,0.5748935382336604,1242.17128419,Senior,-1,1,0
118610,1,0.9999999,55,4,3294.0,5400.0,5,3,1,0,0.0,0.6098870579522311,1318.1999999400002,Senior,-1,1,0
118618,0,0.9999999,55,0,1474.0,5400.0,5,0,1,0,0.0,0.2729124236252546,590.19999994,Senior,-1,1,0
118622,0,0.652225054,40,0,2767.0,5400.0,4,5,1,0,0.0,0.5123125347157934,1107.1913350324,Mid,-1,1,0
118637,0,0.110357793,59,0,6171.0,5400.0,10,0,2,0,0.0,1.1425661914460286,2468.4662146758,Senior,-1,1,0
118646,0,0.915969317,55,1,2221.0,5400.0,13,0,1,0,0.0,0.4112201444177004,888.9495815902001,Senior,-1,1,0
118648,0,0.348418617,47,0,3335.0,5400.0,9,0,2,0,2.0,0.6174782447694871,1334.2090511702,Mid,-1,1,0
118661,1,0.021141945,50,0,4161.0,5400.0,9,0,1,0,0.0,0.7704128865024995,1664.412685167,Mid,-1,1,0
118671,0,0.9999999,46,0,3094.0,5400.0,7,0,1,0,0.0,0.5728568783558601,1238.1999999400002,Mid,-1,1,0
118672,0,0.035030732,58,0,11374.0,5400.0,9,0,4,0,0.0,2.105906313645621,4549.6210184392,Senior,-1,1,1
118683,0,0.001042767,75,0,2264.0,5400.0,11,0,2,0,1.0,0.4191816330309202,905.6006256602,Senior,-1,1,0
118731,0,0.609144079,39,0,3656.0,5400.0,7,0,2,0,3.0,0.6769116830216626,1462.7654864474,Mid,-1,1,0
118885,0,0.857232766,36,2,5195.0,5400.0,16,0,2,1,0.0,0.9618589150157378,2078.5143396596,Mid,-1,1,0
118889,1,0.945379176,34,2,2352.0,5400.0,8,1,1,3,2.0,0.4354749120533234,941.3672275056,Mid,-1,1,0
118899,0,0.044540253,45,0,3673.0,5400.0,7,0,1,0,0.0,0.6800592482873542,1469.2267241518,Mid,-1,1,0
118905,0,0.205727946,59,0,3360.0,5400.0,11,0,2,0,0.0,0.6221070172190335,1344.1234367676,Senior,-1,1,0
118909,0,0.010316822,28,0,2125.0,5400.0,9,0,1,0,2.0,0.3934456582114423,850.0061900932,Young,-1,1,0
118968,0,0.621058759,36,0,4184.0,5400.0,15,0,2,0,6.0,0.7746713571560822,1673.9726352554,Mid,-1,1,0
118996,0,0.285379626,37,0,4411.0,5400.0,16,0,1,0,0.0,0.8167006109979633,1764.5712277756002,Mid,-1,1,0
119005,0,0.519206498,48,0,5585.0,5400.0,19,0,3,0,0.0,1.0340677652286614,2234.3115238988,Mid,-1,1,0
119016,0,0.001492753,78,0,729.5,1.0,10,0,1,0,0.0,364.75,291.80089565180003,Senior,-1,1,1
119063,0,0.245563652,69,0,3041.0,5400.0,13,0,1,0,0.0,0.5630438807628217,1216.5473381912002,Senior,-1,1,0
119066,0,0.051660388,54,0,5729.0,5400.0,21,0,2,0,3.0,1.0607294945380483,2291.6309962328,Senior,-1,1,0
119068,0,0.525684234,56,0,5595.0,5400.0,6,0,3,0,2.0,1.03591927420848,2238.3154105404,Senior,-1,1,0
119078,0,0.314831109,37,0,6467.0,5400.0,22,0,1,0,0.0,1.1973708572486577,2586.9888986654,Mid,-1,1,1
119123,0,0.651667549,34,1,3115.0,5400.0,9,0,3,0,0.0,0.576745047213479,1246.3910005294,Mid,-1,1,0
119184,0,0.301873892,61,0,3234.0,5400.0,9,0,2,0,2.0,0.5987780040733197,1293.7811243352,Senior,-1,1,0
119194,0,0.100445414,50,0,445.0,1.0,8,0,1,0,1.0,222.5,178.0602672484,Mid,-1,1,0
119209,0,0.066898328,51,0,3420.0,5400.0,5,0,1,0,0.0,0.6332160710979449,1368.0401389968,Senior,-1,1,0
119227,0,0.25259037,56,0,3546.0,5400.0,8,0,1,0,0.0,0.6565450842436585,1418.551554222,Senior,-1,1,0
119294,0,0.333746027,60,0,4610.0,5400.0,17,0,3,0,0.0,0.8535456396963526,1844.2002476162,Senior,-1,1,0
119322,0,0.184344528,70,0,6316.0,5400.0,27,0,4,0,0.0,1.1694130716533977,2526.5106067168,Senior,-1,1,0
119363,0,0.0,59,0,8178.0,5400.0,9,0,2,0,0.0,1.514164043695612,3271.2000000000003,Senior,-1,1,1
119377,0,0.05699715,47,0,3494.0,5400.0,7,0,1,0,0.0,0.6469172375486021,1397.63419829,Mid,-1,1,0
119384,0,0.0,50,0,7534.0,5400.0,9,0,2,0,4.0,1.394926865395297,3013.6000000000004,Mid,-1,1,1
119403,0,0.449832588,47,0,4596.0,5400.0,6,0,2,0,2.0,0.8509535271246066,1838.6698995528,Mid,-1,1,0
119406,0,0.9999999,48,0,5616.0,5400.0,5,0,3,0,0.0,1.0398074430660988,2246.99999994,Mid,-1,1,0
119422,0,0.288234542,57,0,3584.0,5400.0,8,0,2,0,0.0,0.663580818366969,1433.7729407252002,Senior,-1,1,0
119425,1,0.446439502,51,0,3107.0,5400.0,7,0,2,0,0.0,0.5752638400296242,1243.0678637012002,Senior,-1,1,0
119478,0,0.091660473,66,0,3389.0,5400.0,21,0,6,1,1.0,0.6274763932605073,1355.6549962838,Senior,-1,1,0
119531,0,0.9999999,46,0,6311.0,5400.0,3,1,2,0,0.0,1.1684873171634882,2524.99999994,Mid,-1,1,0
119563,0,0.276449014,57,1,4302.0,5400.0,16,0,1,0,0.0,0.7965191631179411,1720.9658694084003,Senior,-1,1,0
119616,0,0.550422479,44,0,2346.0,5400.0,5,0,1,0,0.0,0.4343640066654323,938.7302534874,Mid,-1,1,0
119648,0,0.460626481,56,0,11116.0,5400.0,8,0,4,0,1.0,2.0581373819663025,4446.676375888601,Senior,-1,1,1
119654,0,0.123481358,76,0,3130.0,5400.0,19,0,2,0,0.0,0.5795223106832068,1252.0740888148,Senior,-1,1,0
119706,0,0.549766261,56,0,2673.0,5400.0,8,0,1,0,0.0,0.4949083503054989,1069.5298597566,Senior,-1,1,0
119729,0,0.265269389,47,0,3882.0,5400.0,4,0,1,0,2.0,0.7187557859655619,1552.9591616334,Mid,-1,1,0
119746,0,0.9999999,48,1,1788.0,5400.0,4,0,1,0,0.0,0.3310498055915571,715.79999994,Mid,-1,1,0
119772,0,0.146529438,65,0,3430.0,5400.0,9,0,2,0,1.0,0.6350675800777634,1372.0879176628,Senior,-1,1,0
119782,0,0.879125141,40,1,4799.0,5400.0,13,0,3,0,3.0,0.8885391594149231,1920.1274750846,Mid,-1,1,0
119791,0,0.620023574,44,2,2565.0,5400.0,21,1,1,0,1.0,0.4749120533234586,1026.3720141444,Mid,-1,1,0
119866,0,0.248787472,52,1,5191.0,5400.0,14,0,3,0,0.0,0.9611183114238104,2076.5492724832,Senior,-1,1,0
119891,0,0.396089396,52,0,3213.0,5400.0,7,0,1,0,0.0,0.5948898352157008,1285.4376536376,Senior,-1,1,0
119910,0,0.843508169,61,2,34102.0,5400.0,15,0,1,1,1.0,6.314015922977227,13641.3061049014,Senior,-1,1,1
119913,0,0.001576001,52,0,3903.0,5400.0,8,0,2,0,0.0,0.7226439548231809,1561.2009456006,Senior,-1,1,0
119950,0,0.9999999,26,0,613.0,5400.0,0,1,0,1,0.0,0.1134975004628772,245.79999994,Young,-1,1,0
120005,0,0.004588822,84,0,4737.0,5400.0,9,0,3,0,0.0,0.8770598037400481,1894.8027532932,Senior,-1,1,0
120008,0,0.847639777,42,2,2099.0,5400.0,11,0,1,0,0.0,0.3886317348639141,840.1085838662,Mid,-1,1,0
120021,0,0.780260939,69,0,4708.0,5400.0,21,0,1,0,0.0,0.8716904276985743,1883.6681565634,Senior,-1,1,0
120032,0,0.769532218,52,1,7584.0,5400.0,15,0,9,0,2.0,1.40418441029439,3034.0617193308003,Senior,-1,1,1
120034,0,0.753689012,53,0,3341.0,5400.0,8,0,1,0,0.0,0.6185891501573783,1336.8522134072,Senior,-1,1,0
120038,1,0.714418605,53,0,2756.0,5400.0,12,0,1,0,0.0,0.510275874837993,1102.828651163,Senior,-1,1,0
120080,0,0.0,77,0,2495.0,5400.0,6,0,1,0,1.0,0.4619514904647288,998.0,Senior,-1,1,0
120105,0,0.080849584,57,0,4536.0,5400.0,14,0,1,0,0.0,0.8398444732456952,1814.4485097504,Senior,-1,1,0
120148,1,0.8752499,56,2,3366.0,5400.0,6,3,1,3,6.0,0.6232179226069247,1346.92514994,Senior,-1,1,0
120175,0,0.827717228,32,0,1356.0,5400.0,4,0,0,0,0.0,0.2510646176633956,542.8966303368,Mid,-1,1,0
120177,0,0.9999999,26,0,670.0,5400.0,2,0,0,2,0.0,0.124051101647843,268.59999994,Young,-1,1,0
120209,0,0.050074668,39,0,4296.0,5400.0,10,0,1,0,0.0,0.79540825773005,1718.4300448008,Mid,-1,1,0
120245,0,0.442353281,53,0,10390.0,5400.0,14,0,4,0,0.0,1.9237178300314757,4156.2654119686,Senior,-1,1,1
120273,0,0.079861179,58,0,1549.5,1.0,10,0,1,0,0.0,774.75,619.8479167074,Senior,-1,1,1
120295,0,0.219391586,66,0,4013.0,5400.0,8,0,2,0,0.0,0.743010553601185,1605.3316349516,Senior,-1,1,0
120328,0,0.06771658,62,0,6361.0,5400.0,12,0,2,0,0.0,1.177744862062581,2544.440629948,Senior,-1,1,0
120338,0,0.687866273,55,0,2626.0,5400.0,10,0,2,0,0.0,0.4862062581003518,1050.8127197638,Senior,-1,1,0
120391,0,0.52076602,58,0,2751.0,5400.0,7,0,1,0,0.0,0.5093501203480837,1100.7124596120002,Senior,-1,1,0
120412,0,0.9999999,35,0,2358.0,5400.0,5,0,1,0,3.0,0.4365858174412146,943.79999994,Mid,-1,1,0
120433,0,0.800938389,34,0,1825.0,5400.0,6,0,2,0,0.0,0.3379003888168858,730.4805630334,Mid,-1,1,0
120496,0,0.619483141,63,0,2828.0,5400.0,16,0,2,0,0.0,0.5236067394926865,1131.5716898846,Senior,-1,1,0
120507,0,0.380658966,48,0,2882.0,5400.0,14,0,1,0,0.0,0.5336048879837068,1153.0283953796,Mid,-1,1,0
120559,0,0.948469466,61,0,2041.0,5400.0,4,0,1,0,0.0,0.3778929827809665,816.9690816796001,Senior,-1,1,0
120627,0,0.526877588,42,0,3868.0,5400.0,13,0,3,0,0.0,0.7161636733938159,1547.5161265528,Mid,-1,1,0
120628,0,0.9101274,36,1,3710.0,5400.0,17,0,0,0,0.0,0.6869098315126828,1484.54607644,Mid,-1,1,0
120645,0,0.0,80,0,2869.0,5400.0,6,0,2,0,0.0,0.5311979263099426,1147.6,Senior,-1,1,0
120714,0,0.021049649,64,0,4084.0,5400.0,12,0,3,0,0.0,0.7561562673578966,1633.6126297894002,Senior,-1,1,0
120744,0,0.153785259,81,0,3385.0,5400.0,12,0,1,0,0.0,0.6267357896685799,1354.0922711554,Senior,-1,1,0
120800,0,0.362456771,52,0,3496.0,5400.0,18,0,2,0,0.0,0.6472875393445658,1398.6174740626002,Senior,-1,1,0
120812,0,0.578395597,53,0,2669.0,5400.0,8,0,2,0,0.0,0.4941677467135715,1067.9470373582,Senior,-1,1,0
120820,0,0.378982642,63,1,2874.0,5400.0,11,0,0,0,2.0,0.5321236807998518,1149.8273895852,Senior,-1,1,0
120832,0,0.332232672,38,0,2146.5,1.0,11,0,2,0,2.0,1073.25,858.7993396032,Mid,-1,1,1
120840,0,0.075651123,38,0,3675.0,5400.0,4,0,2,0,0.0,0.680429550083318,1470.0453906738,Mid,-1,1,0
120844,0,0.591307658,55,0,5277.0,5400.0,22,0,1,0,1.0,0.97704128865025,2111.1547845948003,Senior,-1,1,0
120884,0,0.58430984,64,0,3803.0,5400.0,16,0,1,0,0.0,0.7041288650249954,1521.550585904,Senior,-1,1,0
120902,0,0.201021594,63,0,5908.0,5400.0,9,0,1,0,0.0,1.0938715052768009,2363.3206129564,Senior,-1,1,0
120955,0,0.0,49,0,7810.0,5400.0,10,0,4,0,3.0,1.4460285132382893,3124.0,Mid,-1,1,1
120959,0,0.08595902,61,0,3798.0,5400.0,6,0,2,0,0.0,0.7032031105350861,1519.251575412,Senior,-1,1,0
121003,0,0.036968172,47,0,2117.5,1.0,10,0,1,0,0.0,1058.75,847.0221809032,Mid,-1,1,1
121027,0,0.128340402,41,0,4298.0,5400.0,10,0,3,0,0.0,0.7957785595260137,1719.2770042412,Mid,-1,1,0
121042,0,0.642937645,62,0,7489.0,5400.0,25,0,2,0,0.0,1.3865950749861138,2995.9857625870004,Senior,-1,1,1
121060,1,0.9999999,61,3,1748.0,5400.0,10,1,3,2,0.0,0.3236437696722829,699.79999994,Senior,-1,1,0
121087,0,0.646878619,52,0,4999.0,5400.0,13,0,1,0,0.0,0.9255693390112942,1999.9881271714,Senior,-1,1,0
121088,0,0.040312935,56,0,6610.0,5400.0,11,0,1,0,0.0,1.223847435660063,2644.024187761,Senior,-1,1,1
121094,1,0.590772582,46,0,2926.0,5400.0,9,0,1,0,3.0,0.5417515274949084,1170.7544635492002,Mid,-1,1,0
121114,0,0.259728582,51,0,5935.0,5400.0,20,0,3,0,0.0,1.0988705795223106,2374.1558371492,Senior,-1,1,0
121138,1,0.9999999,62,1,1465.0,5400.0,1,0,0,0,0.0,0.2712460655434179,586.59999994,Senior,-1,1,0
121151,0,0.0,63,4,5939.0,5400.0,6,1,1,0,0.0,1.099611183114238,2375.6,Senior,-1,1,0
121161,0,0.0,44,2,3037.0,5400.0,17,1,3,0,0.0,0.5623032771708942,1214.8,Mid,-1,1,0
121209,0,0.191093225,68,0,4262.0,5400.0,15,0,4,0,0.0,0.7891131271986669,1704.9146559350002,Senior,-1,1,0
121236,0,0.002891885,42,0,2774.0,5400.0,14,0,1,0,0.0,0.5136085910016663,1109.6017351310002,Mid,-1,1,0
121249,0,0.402148222,64,0,4068.0,5400.0,14,0,3,0,0.0,0.753193852990187,1627.4412889332,Senior,-1,1,0
121266,0,0.23838081,47,0,4083.0,5400.0,14,0,1,0,0.0,0.7559711164599149,1633.343028486,Mid,-1,1,0
121278,0,0.116943328,47,0,3380.0,5400.0,10,0,3,0,2.0,0.6258100351786706,1352.0701659968,Mid,-1,1,0
121281,0,0.811797051,80,0,563.0,5400.0,6,0,0,0,0.0,0.1042399555637844,225.6870782306,Senior,-1,1,0
121295,0,0.518374081,42,0,3099.0,5400.0,8,0,2,0,0.0,0.5737826328457692,1239.9110244486,Mid,-1,1,0
121319,0,0.9999999,40,1,1354.0,5400.0,3,1,2,0,0.0,0.2506943158674319,542.19999994,Mid,-1,1,0
121328,0,0.425966842,36,0,3764.0,5400.0,9,0,2,0,0.0,0.696907980003703,1505.8555801052,Mid,-1,1,0
121356,0,0.822746303,73,0,0.233785048,33132.0,11,0,3,0,0.0,7.055957746053783e-06,0.5871618009999999,Senior,-1,1,0
121359,1,0.803133819,32,1,1695.0,5400.0,13,2,0,1,0.0,0.3138307720792446,678.4818802914,Mid,-1,1,0
121451,0,0.649717203,73,1,4160.0,5400.0,8,0,1,0,0.0,0.7702277356045176,1664.3898303218,Senior,-1,1,0
121511,0,0.644251864,29,0,4791.0,5400.0,15,0,2,0,0.0,0.8870579522310683,1916.7865511184,Young,-1,1,0
121515,0,0.9999999,63,0,2417.0,5400.0,8,0,1,0,0.0,0.447509720422144,967.39999994,Senior,-1,1,0
121516,0,0.318547095,61,0,3653.0,5400.0,17,0,2,0,3.0,0.6763562303277171,1461.391128257,Senior,-1,1,0
121519,0,0.231481341,42,0,1567.5,1.0,9,0,1,0,3.0,783.75,627.1388888046,Mid,-1,1,1
121555,0,0.543618762,36,0,4661.0,5400.0,13,0,1,0,0.0,0.8629883354934271,1864.7261712572,Mid,-1,1,0
121569,0,0.153042348,57,0,3279.0,5400.0,4,0,2,0,0.0,0.6071097944825032,1311.6918254088002,Senior,-1,1,0
121581,0,0.835110108,54,0,4642.0,5400.0,15,0,1,0,0.0,0.8594704684317719,1857.3010660648,Senior,-1,1,0
121661,0,0.079164255,64,0,11778.0,5400.0,19,0,5,0,0.0,2.1807072764302906,4711.247498553,Senior,-1,1,1
121686,0,0.4426569,29,0,3735.0,5400.0,12,0,1,0,0.0,0.6915386039622292,1494.26559414,Young,-1,1,0
121714,0,0.141092945,56,0,4949.0,5400.0,4,0,2,0,0.0,0.9163117941122014,1979.684655767,Senior,-1,1,0
121716,0,0.070277189,47,0,3622.0,5400.0,7,0,3,0,3.0,0.6706165524902796,1448.8421663134002,Mid,-1,1,0
121717,0,0.9999999,60,0,1340.0,5400.0,2,0,1,0,0.0,0.248102203295686,536.59999994,Senior,-1,1,0
121723,0,0.292891416,45,0,3111.0,5400.0,6,0,1,0,0.0,0.5760044436215516,1244.5757348496002,Mid,-1,1,0
121755,0,0.27615944,55,0,16270.0,5400.0,20,0,11,0,0.0,3.012405110164784,6508.165695664,Senior,-1,1,1
121765,0,0.753547281,54,0,3395.0,5400.0,8,0,2,0,0.0,0.6285872986483985,1358.4521283686,Senior,-1,1,0
121813,0,0.9999999,52,0,1451.0,5400.0,8,0,1,0,0.0,0.2686539529716719,580.99999994,Senior,-1,1,0
121830,0,0.0,51,0,3257.0,5400.0,7,0,2,0,3.0,0.6030364747269025,1302.8000000000002,Senior,-1,1,0
121846,0,0.985423518,51,0,3418.0,5400.0,9,0,1,0,3.0,0.6328457693019811,1367.7912541108,Senior,-1,1,0
121849,0,0.87250425,55,0,3596.0,5400.0,11,0,2,0,2.0,0.6658026291427513,1438.9235025500002,Senior,-1,1,0
121852,0,0.855420534,27,0,870.0,5400.0,15,0,0,0,0.0,0.161081281244214,348.5132523204,Young,-1,1,0
121859,0,0.00759981,37,0,8698.0,5400.0,9,0,2,0,0.0,1.6104425106461766,3479.2045598860004,Mid,-1,1,1
121878,1,0.923605516,28,1,2419.0,5400.0,11,0,1,0,0.0,0.4478800222181077,968.1541633096,Young,-1,1,0
121888,0,0.9999999,38,1,1230.0,5400.0,2,0,1,1,0.0,0.2277356045176819,492.59999994,Mid,-1,1,0
121907,0,0.9999999,73,0,1453.0,5400.0,2,0,1,0,0.0,0.2690242547676356,581.79999994,Senior,-1,1,0
121915,0,0.454394693,27,0,2261.0,5400.0,5,0,0,0,0.0,0.4186261803369746,904.6726368158,Young,-1,1,0
121968,0,0.310439069,60,4,2950.0,5400.0,12,0,2,0,0.0,0.5461951490464729,1180.1862634414,Senior,-1,1,0
121993,0,0.029838806,55,0,3516.0,5400.0,9,0,2,0,0.0,0.650990557304203,1406.4179032836,Senior,-1,1,0
122011,0,0.48041815,52,0,8140.0,5400.0,7,0,2,0,4.0,1.5071283095723014,3256.28825089,Senior,-1,1,1
122021,0,0.122070695,50,1,13938.0,5400.0,21,0,7,0,0.0,2.580633216071098,5575.273242417001,Mid,-1,1,1
122023,0,0.006509776,55,0,3514.0,5400.0,20,0,4,0,4.0,0.6506202555082392,1405.6039058656002,Senior,-1,1,0
122030,0,0.202149821,41,0,2711.0,5400.0,5,0,1,0,0.0,0.5019440844288094,1084.5212898926002,Mid,-1,1,0
122081,0,0.0,34,0,324.5,1.0,5,0,0,0,2.0,162.25,129.8,Mid,-1,1,0
122085,0,0.571225114,69,0,3151.0,5400.0,7,0,2,0,0.0,0.5834104795408258,1260.7427350684002,Senior,-1,1,0
122100,0,0.390728157,53,0,3126.0,5400.0,14,0,2,0,2.0,0.5787817070912794,1250.6344368942,Senior,-1,1,0
122148,0,0.00117855,34,0,3882.0,5400.0,12,0,2,0,0.0,0.7187557859655619,1552.80070713,Mid,-1,1,0
122153,0,0.9999999,30,0,682.0,5400.0,1,2,0,0,1.0,0.1262729124236252,273.39999994,Young,-1,1,0
122177,0,0.015557122,75,0,2207.0,5400.0,5,0,1,0,0.0,0.4086280318459545,882.8093342732001,Senior,-1,1,0
122200,0,0.362547775,60,1,7232.0,5400.0,12,0,2,1,0.0,1.339011294204777,2893.017528665,Senior,-1,1,1
122217,0,0.0,59,0,3480.0,5400.0,8,0,1,0,0.0,0.6443251249768561,1392.0,Senior,-1,1,0
122221,0,0.554386348,48,5,7731.0,5400.0,19,0,2,0,0.0,1.4314015922977226,3092.7326318088003,Mid,-1,1,1
122227,0,0.9999999,48,0,1684.0,5400.0,1,0,1,1,0.0,0.3117941122014441,674.19999994,Mid,-1,1,0
122267,0,0.22570422,33,0,3331.0,5400.0,9,0,2,0,2.0,0.6167376411775597,1332.535422532,Mid,-1,1,0
122283,0,0.772100879,33,0,1777.0,5400.0,8,0,1,0,0.0,0.3290131457137567,711.2632605274001,Mid,-1,1,0
122289,0,0.766677409,61,0,3922.0,5400.0,12,0,2,0,0.0,0.7261618218848361,1569.2600064454002,Senior,-1,1,0
122290,0,0.733510993,26,3,925.0,5400.0,10,1,0,1,0.0,0.171264580633216,370.4401065958,Young,-1,1,0
122295,0,0.639261682,48,0,2713.0,5400.0,9,0,2,0,1.0,0.5023143862247732,1085.5835570092,Mid,-1,1,0
122352,0,0.9999999,26,0,569.0,5400.0,2,0,0,2,0.0,0.1053508609516756,228.19999994000003,Young,-1,1,0
122451,0,0.011419881,41,0,2936.0,5400.0,16,0,2,0,0.0,0.5436030364747269,1174.4068519286002,Mid,-1,1,0
122453,0,0.385650275,71,0,2828.0,5400.0,15,0,1,0,0.0,0.5236067394926865,1131.431390165,Senior,-1,1,0
122463,0,0.118121412,37,0,1007.0,1.0,6,0,2,0,1.0,503.5,402.8708728472,Mid,-1,1,1
122477,0,0.001124761,58,0,1909.0,1.0,14,0,2,0,0.0,954.5,763.6006748566,Senior,-1,1,1
122495,0,0.24475021,55,0,3216.0,5400.0,6,0,3,0,0.0,0.5954452879096463,1286.546850126,Senior,-1,1,0
122505,0,0.070714302,46,0,1688.5,1.0,11,0,1,0,0.0,844.25,675.4424285812001,Mid,-1,1,1
122507,0,0.606177426,47,0,3600.0,5400.0,7,0,2,0,0.0,0.6665432327346787,1440.3637064556,Mid,-1,1,0
122581,0,0.9999999,81,1,521.0,5400.0,3,0,0,0,0.0,0.0964636178485465,208.99999994,Senior,-1,1,0
122591,0,0.9999999,74,0,4771.0,5400.0,8,0,2,0,0.0,0.8833549342714312,1908.99999994,Senior,-1,1,0
122608,0,0.638659637,26,0,1876.0,5400.0,14,0,0,0,0.0,0.3473430846139603,750.7831957822001,Young,-1,1,0
122633,0,0.0,41,0,4013.0,5400.0,4,0,1,0,0.0,0.743010553601185,1605.2,Mid,-1,1,0
122665,1,0.9999999,37,1,3995.0,5400.0,4,0,1,2,0.0,0.7396778374375116,1598.59999994,Mid,-1,1,0
122672,0,0.0,56,0,718.5,1.0,6,0,1,0,0.0,359.25,287.40000000000003,Senior,-1,1,1
122705,0,0.0,32,0,2262.0,5400.0,5,0,1,0,0.0,0.4188113312349565,904.8,Mid,-1,1,0
122718,0,0.676750324,38,2,4046.0,5400.0,17,0,1,0,0.0,0.7491205332345862,1618.8060501944,Mid,-1,1,0
122728,0,0.608244513,50,0,4242.0,5400.0,12,0,2,0,0.0,0.7854101092390298,1697.1649467078005,Mid,-1,1,0
122761,0,0.9999999,63,0,3036.0,5400.0,6,0,1,0,0.0,0.5621181262729125,1214.9999999400002,Senior,-1,1,0
122770,0,0.06439389,74,0,2542.0,5400.0,12,0,1,0,0.0,0.4706535826698759,1016.838636334,Senior,-1,1,0
122798,0,0.9999999,66,1,2950.0,5400.0,1,1,1,0,0.0,0.5461951490464729,1180.59999994,Senior,-1,1,0
122806,0,0.0,66,0,3999.0,5400.0,7,0,2,0,0.0,0.740418441029439,1599.6,Senior,-1,1,0
122821,0,0.053744044,42,0,915.5,1.0,4,0,1,0,3.0,457.75,366.2322464264,Mid,-1,1,1
122842,0,0.131069502,52,5,5995.0,5400.0,8,0,2,0,0.0,1.109979633401222,2398.0786417012,Senior,-1,1,0
122886,0,0.231360024,56,0,3471.0,5400.0,18,0,1,0,0.0,0.6426587668950194,1388.5388160144,Senior,-1,1,0
122890,0,0.9999999,35,0,1678.0,5400.0,2,0,1,0,0.0,0.310683206813553,671.79999994,Mid,-1,1,0
122921,1,0.9678511,62,2,1538.0,5400.0,4,1,0,0,0.0,0.2847620810960933,615.7807106600001,Senior,-1,1,0
122926,0,0.74252416,44,0,3972.0,5400.0,6,0,2,0,2.0,0.7354193667839289,1589.2455144960002,Mid,-1,1,0
122931,0,0.444197717,69,0,3308.0,5400.0,10,0,2,0,0.0,0.612479170523977,1323.4665186302,Senior,-1,1,0
122959,0,0.355440981,50,0,5589.0,5400.0,6,0,1,0,0.0,1.034808368820589,2235.8132645886,Mid,-1,1,0
122960,0,0.736805495,47,0,4004.0,5400.0,6,0,1,0,0.0,0.7413441955193483,1602.042083297,Mid,-1,1,0
122972,1,0.626981331,45,2,5338.0,5400.0,7,0,1,0,0.0,0.9883354934271432,2135.5761887986005,Mid,-1,1,0
122973,0,0.9999999,25,0,314.0,5400.0,3,0,0,0,0.0,0.0581373819663025,126.19999994,Young,-1,1,0
122979,0,0.9999999,24,0,520.0,5400.0,1,0,0,0,0.0,0.0962784669505647,208.59999994,Young,-1,1,0
123031,0,0.098514924,49,0,875.0,1.0,5,0,2,0,0.0,437.5,350.0591089544,Mid,-1,1,1
123069,0,0.9999999,38,0,3410.0,5400.0,3,0,2,0,1.0,0.6313645621181263,1364.59999994,Mid,-1,1,0
123106,0,0.910831425,65,0,2360.0,5400.0,14,0,0,0,0.0,0.4369561192371783,944.546498855,Senior,-1,1,0
123109,0,0.974392418,21,0,672.0,5400.0,1,0,0,0,0.0,0.1244214034438067,269.38463545080003,Young,-1,1,0
123149,0,0.9999999,70,0,1658.0,5400.0,2,0,1,0,0.0,0.3069801888539159,663.79999994,Senior,-1,1,0
123158,0,0.601669917,56,0,3114.0,5400.0,10,0,1,0,0.0,0.5765598963154971,1245.9610019502002,Senior,-1,1,0
123166,0,0.9999999,67,0,2247.0,5400.0,4,0,1,0,0.0,0.4160340677652286,899.39999994,Senior,-1,1,0
123181,0,0.788918792,39,1,1979.0,5400.0,11,0,1,0,3.0,0.3664136271060915,792.0733512752,Mid,-1,1,0
123192,0,0.301697493,58,0,4797.0,5400.0,14,0,1,0,0.0,0.8881688576189595,1918.9810184958,Senior,-1,1,0
123194,0,0.9999999,80,1,536.0,5400.0,7,0,0,1,0.0,0.0992408813182744,214.99999994,Senior,-1,1,0
123205,0,0.176672933,42,0,432.0,1.0,4,0,1,0,3.0,216.0,172.9060037598,Mid,-1,1,0
123216,0,0.025329456,64,0,3381.0,5400.0,18,0,2,0,1.0,0.6259951860766525,1352.4151976736,Senior,-1,1,0
123258,0,0.229675547,47,3,4645.0,5400.0,20,0,3,0,2.0,0.8600259211257174,1858.1378053282,Mid,-1,1,0
123261,0,0.104444633,39,0,34719.0,5400.0,10,0,8,0,0.0,6.428254027032031,13887.6626667798,Mid,-1,1,1
123267,0,0.9999999,62,0,389.0,1.0,1,0,1,0,0.0,194.5,156.19999994000003,Senior,-1,1,0
123276,1,0.96943985,54,3,3628.0,5400.0,9,0,3,1,2.0,0.6717274578781707,1451.78166391,Senior,-1,1,0
123303,0,0.348358756,55,0,5841.0,5400.0,6,0,2,0,0.0,1.0814663951120165,2336.6090152536,Senior,-1,1,0
123314,0,0.527625524,63,0,2857.0,5400.0,23,0,0,0,0.0,0.5289761155341604,1143.1165753144,Senior,-1,1,0
123325,0,0.038989327,65,0,5614.0,5400.0,8,0,3,0,0.0,1.039437141270135,2245.6233935962,Senior,-1,1,0
123326,0,0.078116875,64,0,5794.0,5400.0,13,0,3,0,0.0,1.0727643029068692,2317.646870125,Senior,-1,1,0
123350,0,0.021966202,62,0,5762.0,5400.0,15,0,4,0,0.0,1.0668394741714498,2304.8131797212,Senior,-1,1,0
123353,0,0.9999999,45,0,1448.0,5400.0,8,0,1,0,0.0,0.2680985002777263,579.79999994,Mid,-1,1,0
123358,0,0.404224073,72,1,2687.0,5400.0,10,0,1,1,0.0,0.497500462877245,1075.0425344438,Senior,-1,1,0
123369,0,0.01804676,81,0,3140.0,5400.0,6,0,2,1,0.0,0.5813738196630254,1256.010828056,Senior,-1,1,0
123374,0,0.0,34,0,3005.0,5400.0,2,0,1,0,0.0,0.5563784484354749,1202.0,Mid,-1,1,0
123490,0,0.9999999,53,0,2031.0,5400.0,4,0,2,0,3.0,0.3760414738011479,812.9999999400001,Senior,-1,1,0
123493,0,0.386976179,45,0,4095.0,5400.0,17,0,2,0,2.0,0.7581929272356971,1638.2321857074,Mid,-1,1,0
123498,0,0.962541553,51,0,3432.0,5400.0,8,0,2,0,0.0,0.6354378818737271,1373.3775249318005,Senior,-1,1,0
123503,0,0.064779792,31,0,100.0,1.0,8,0,0,0,0.0,50.0,40.0388678752,Mid,-1,1,0
123523,0,0.633828947,41,0,4724.0,5400.0,19,0,2,1,2.0,0.874652842066284,1889.9802973682,Mid,-1,1,0
123539,1,0.9999999,41,0,1365.0,5400.0,2,5,1,0,0.0,0.2527309757452323,546.59999994,Mid,-1,1,0
123563,0,0.023959042,35,0,3242.0,5400.0,6,0,2,0,0.0,0.6002592112571746,1296.8143754252,Mid,-1,1,0
123574,0,0.45947595,38,0,2294.0,5400.0,6,0,1,0,2.0,0.4247361599703758,917.87568557,Mid,-1,1,0
123598,0,0.382655224,61,0,3135.0,5400.0,11,0,2,0,0.0,0.5804480651731161,1254.2295931344,Senior,-1,1,0
123599,0,0.0,37,0,229.5,1.0,4,0,1,0,4.0,114.75,91.8,Mid,-1,1,0
123621,0,0.303951024,50,0,5620.0,5400.0,18,0,3,0,0.0,1.0405480466580264,2248.1823706144,Mid,-1,1,0
123622,0,0.720619394,60,0,3636.0,5400.0,6,0,2,0,0.0,0.6732086650620256,1454.8323716364,Senior,-1,1,0
123658,0,0.19971223,60,1,5384.0,5400.0,13,0,6,0,0.0,0.9968524347343084,2153.719827338,Senior,-1,1,0
123666,0,0.089822182,76,0,2662.0,5400.0,11,0,1,0,1.0,0.4928716904276985,1064.8538933092,Senior,-1,1,0
123685,0,0.898462763,41,1,2460.0,5400.0,17,0,1,0,0.0,0.4554712090353638,984.5390776578,Mid,-1,1,0
123698,1,0.9999999,49,0,2377.0,5400.0,1,1,1,1,3.0,0.4401036845028698,951.39999994,Mid,-1,1,0
123705,0,0.022694732,45,2,1380.5,1.0,19,0,1,2,0.0,690.25,552.2136168392001,Mid,-1,1,1
123749,0,0.021627061,41,0,916.5,1.0,10,0,2,0,3.0,458.25,366.6129762366001,Mid,-1,1,1
123776,0,0.10136233,55,0,3646.0,5400.0,9,0,2,0,3.0,0.6750601740418442,1458.460817398,Senior,-1,1,0
123777,0,0.956906468,30,2,3189.0,5400.0,5,0,1,0,0.0,0.5904462136641363,1276.1741438808,Young,-1,1,0
123804,0,0.99440056,54,0,1996.0,5400.0,7,0,1,0,0.0,0.369561192371783,798.996640336,Senior,-1,1,0
123832,0,0.061941117,53,0,4409.0,5400.0,6,0,1,0,0.0,0.8163303092019997,1763.6371646702,Senior,-1,1,0
123834,0,0.9999999,65,0,1277.5,1.0,5,0,1,0,1.0,638.75,511.59999994,Senior,-1,1,1
123835,0,0.859238025,59,0,2272.0,5400.0,4,0,1,0,0.0,0.420662840214775,909.315542815,Senior,-1,1,0
123856,0,0.055972674,37,0,2987.0,5400.0,9,0,1,0,3.0,0.5530457322718015,1194.8335836044,Mid,-1,1,0
123895,0,0.9999999,56,0,7283.0,5400.0,8,0,3,0,0.0,1.3484539900018515,2913.7999999400004,Senior,-1,1,1
123897,0,0.588547406,62,0,2992.0,5400.0,7,0,3,0,0.0,0.5539714867617108,1197.1531284436,Senior,-1,1,0
123946,0,0.066531293,34,0,3195.0,5400.0,9,0,1,0,0.0,0.5915571190520273,1278.0399187758,Mid,-1,1,0
123958,1,0.9999999,38,1,1940.0,5400.0,1,1,1,0,0.0,0.3591927420847991,776.59999994,Mid,-1,1,0
123968,0,0.555588395,47,0,2782.0,5400.0,10,0,2,0,0.0,0.5150897981855213,1113.133353037,Mid,-1,1,0
124048,0,0.899558242,31,0,2484.0,5400.0,5,0,2,0,1.0,0.4599148305869283,994.1397349452,Mid,-1,1,0
124053,0,0.406949752,49,0,12205.0,5400.0,14,0,7,0,0.0,2.259766709868543,4882.2441698512,Mid,-1,1,1
124061,0,0.0,66,0,4326.0,5400.0,5,0,2,0,0.0,0.8009627846695057,1730.4,Senior,-1,1,0
124070,0,0.292772737,90,0,1490.0,5400.0,3,0,0,0,1.0,0.2758748379929642,596.1756636422,Senior,-1,1,0
124099,1,0.985218923,37,3,3778.0,5400.0,9,0,2,1,0.0,0.699500092575449,1511.7911313538,Mid,-1,1,0
124127,0,0.547069187,59,0,2915.0,5400.0,8,0,1,0,0.0,0.539714867617108,1166.3282415122,Senior,-1,1,0
124182,1,0.9999999,44,0,2105.0,5400.0,3,1,1,0,1.0,0.3897426402518052,842.59999994,Mid,-1,1,0
124186,0,0.519345022,30,0,3352.0,5400.0,9,0,2,0,2.0,0.6206258100351787,1341.1116070132002,Young,-1,1,0
124234,0,0.145071244,61,0,5049.0,5400.0,8,0,1,0,0.0,0.9348268839103868,2019.6870427464,Senior,-1,1,0
124243,0,0.5313641,53,1,4510.0,5400.0,7,0,1,0,0.0,0.835030549898167,1804.31881846,Senior,-1,1,0
124264,0,0.701056133,72,0,1806.0,5400.0,16,0,0,0,0.0,0.3343825217552305,722.8206336798,Senior,-1,1,0
124273,0,0.256790462,69,0,3266.0,5400.0,13,0,2,0,0.0,0.6047028328087392,1306.5540742772,Senior,-1,1,0
124285,0,0.9999999,36,0,1274.0,5400.0,1,0,1,0,0.0,0.2358822440288835,510.19999994,Mid,-1,1,0
124292,0,0.638722555,22,0,4.5,1.0,2,0,0,0,0.0,2.25,2.183233533,Young,-1,1,0
124337,0,0.986216806,52,4,3177.0,5400.0,7,1,2,0,0.0,0.588224402888354,1271.3917300836,Senior,-1,1,0
124345,0,0.47726713,41,0,5362.0,5400.0,12,0,4,0,2.0,0.9927791149787076,2145.086360278,Mid,-1,1,0
124356,0,0.060135339,59,0,6091.0,5400.0,11,0,2,0,0.0,1.12775411960748,2436.4360812034,Senior,-1,1,0
124362,0,0.88422705,43,0,5878.0,5400.0,7,0,1,0,0.0,1.088316978337345,2351.7305362300003,Mid,-1,1,0
124370,0,0.076207712,44,0,3488.0,5400.0,14,0,1,0,0.0,0.6458063321607109,1395.2457246272,Mid,-1,1,0
124378,0,0.791357616,43,0,3701.0,5400.0,7,0,1,0,0.0,0.6852434734308461,1480.8748145696002,Mid,-1,1,0
124381,0,0.201966339,38,0,1314.5,1.0,5,0,1,0,2.0,657.25,525.9211798034,Mid,-1,1,1
124408,0,0.9999999,48,0,1540.0,5400.0,2,0,1,0,0.0,0.285132382892057,616.59999994,Mid,-1,1,0
124425,0,0.073918734,66,0,5805.0,5400.0,11,0,4,0,0.0,1.0748009627846695,2322.0443512404,Senior,-1,1,0
124431,0,0.89297961,53,0,2640.0,5400.0,15,0,1,0,2.0,0.4887983706720977,1056.535787766,Senior,-1,1,0
124436,0,0.79682709,30,0,2254.0,5400.0,6,0,1,0,0.0,0.4173301240511016,902.078096254,Young,-1,1,0
124490,0,0.046846335,71,0,3014.0,5400.0,10,0,1,0,0.0,0.5580448065173116,1205.6281078010002,Senior,-1,1,0
124515,0,0.167599814,50,1,3324.0,5400.0,10,0,1,0,2.0,0.6154415848916868,1329.7005598884002,Mid,-1,1,0
124569,0,0.104260414,49,0,3508.0,5400.0,4,0,1,0,0.0,0.649509350120348,1403.2625562484,Mid,-1,1,0
124571,0,0.287165063,48,0,6636.0,5400.0,10,0,3,0,0.0,1.2286613590075912,2654.5722990378,Mid,-1,1,1
124593,0,0.461383726,53,0,3465.0,5400.0,8,0,1,0,1.0,0.6415478615071283,1386.2768302356,Senior,-1,1,0
124644,0,0.439646552,63,0,4466.0,5400.0,6,0,2,0,0.0,0.8268839103869654,1786.6637879312002,Senior,-1,1,0
124663,0,0.768447234,68,0,3950.0,5400.0,11,0,2,0,1.0,0.7313460470283281,1580.4610683404,Senior,-1,1,0
124715,0,0.256335988,34,0,2422.0,5400.0,4,0,1,0,2.0,0.4484354749120533,968.9538015928,Mid,-1,1,0
124726,0,0.891717058,34,1,3023.0,5400.0,7,0,2,0,2.0,0.5597111645991483,1209.7350302348,Mid,-1,1,0
124738,0,0.0,36,0,2830.0,5400.0,9,0,2,0,0.0,0.5239770412886503,1132.0,Mid,-1,1,0
124777,0,0.062644842,65,0,8945.0,5400.0,11,0,4,0,0.0,1.656174782447695,3578.0375869052,Senior,-1,1,1
124803,0,0.269932545,45,0,4092.0,5400.0,10,0,2,0,0.0,0.7576374745417516,1636.961959527,Mid,-1,1,0
124811,0,0.794623284,56,0,5790.0,5400.0,7,0,3,0,0.0,1.0720236993149417,2316.4767739704,Senior,-1,1,0
124843,0,0.079495561,75,1,4202.0,5400.0,14,0,3,1,0.0,0.7780040733197556,1680.8476973366005,Senior,-1,1,0
124845,0,0.509412177,38,0,2074.0,5400.0,8,0,1,0,0.0,0.3840029624143677,829.9056473062,Mid,-1,1,0
124849,0,0.878297305,51,0,3088.0,5400.0,8,0,2,0,0.0,0.5717459729679689,1235.726978383,Senior,-1,1,0
124851,0,0.040488095,59,0,4001.0,5400.0,21,0,2,0,0.0,0.7407887428254027,1600.4242928570002,Senior,-1,1,0
124857,0,0.009249769,84,0,3762.0,5400.0,8,0,2,0,0.0,0.6965376782077393,1504.8055498614,Senior,-1,1,0
124861,0,0.9999999,48,0,3281.0,5400.0,4,0,1,0,0.0,0.607480096278467,1312.9999999400002,Mid,-1,1,0
124868,0,0.197821411,57,0,18230.0,5400.0,19,0,8,0,0.0,3.3753008702092204,7292.1186928466,Senior,-1,1,1
124877,0,0.9999999,27,0,704.0,5400.0,3,0,1,0,0.0,0.130346232179226,282.19999994,Young,-1,1,0
124888,0,0.0,38,0,2985.0,5400.0,7,0,2,0,0.0,0.5526754304758378,1194.0,Mid,-1,1,0
124920,0,0.150902826,43,0,87.0,1.0,7,0,0,0,0.0,43.5,34.89054169560001,Mid,-1,1,0
124977,0,0.0,31,0,248.5,1.0,6,0,0,0,0.0,124.25,99.4,Mid,-1,1,0
125032,0,0.061211108,45,0,3514.0,5400.0,5,0,1,0,0.0,0.6506202555082392,1405.6367266648,Mid,-1,1,0
125043,0,0.945527236,39,0,1580.0,5400.0,9,0,1,0,2.0,0.2925384188113312,632.5673163416,Mid,-1,1,0
125047,0,0.044160969,67,0,3559.0,5400.0,13,0,1,0,0.0,0.6589520459174227,1423.6264965814,Senior,-1,1,0
125053,0,0.318918694,57,0,4930.0,5400.0,11,0,2,0,0.0,0.9127939270505462,1972.1913512164,Senior,-1,1,0
125097,0,0.72689786,38,0,4675.0,5400.0,12,0,2,0,3.0,0.8655804480651731,1870.436138716,Mid,-1,1,0
125135,0,0.306161777,63,0,3669.0,5400.0,3,0,1,0,0.0,0.6793186446954268,1467.7836970662,Senior,-1,1,0
125149,0,0.720171719,60,4,2828.0,5400.0,9,0,2,0,0.0,0.5236067394926865,1131.6321030314,Senior,-1,1,0
125154,0,0.002805122,40,0,4536.0,5400.0,6,0,3,0,0.0,0.8398444732456952,1814.4016830732,Mid,-1,1,0
125199,0,0.0,40,0,4593.0,5400.0,12,0,4,0,0.0,0.850398074430661,1837.2,Mid,-1,1,0
125231,0,0.024172243,52,0,3471.0,5400.0,9,0,1,0,0.0,0.6426587668950194,1388.4145033458,Senior,-1,1,0
125258,0,0.714365071,33,3,4681.0,5400.0,10,1,1,0,0.0,0.8666913534530643,1872.8286190426,Mid,-1,1,0
125357,0,0.318057998,33,0,2679.0,5400.0,7,0,1,0,0.0,0.4960192556933901,1071.7908347988002,Mid,-1,1,0
125398,1,0.9999999,42,0,1928.0,5400.0,3,1,1,0,0.0,0.3569709313090168,771.79999994,Mid,-1,1,0
125413,0,0.163753623,56,1,4126.0,5400.0,14,0,2,0,0.0,0.7639326050731347,1650.4982521738,Senior,-1,1,0
125449,0,0.022448878,76,0,2707.0,5400.0,13,0,1,0,0.0,0.501203480836882,1082.8134693268,Senior,-1,1,0
125464,0,0.856797082,66,0,4531.0,5400.0,11,0,1,0,0.0,0.8389187187557859,1812.9140782492,Senior,-1,1,0
125465,0,0.008197396,52,0,1100.5,1.0,9,0,1,0,2.0,550.25,440.2049184376,Senior,-1,1,1
125472,0,0.032535903,80,0,3275.0,5400.0,4,0,1,0,0.0,0.6063691908905758,1310.0195215418,Senior,-1,1,0
125515,0,0.798666761,46,1,5041.0,5400.0,6,0,2,0,2.0,0.933345676726532,2016.8792000566,Mid,-1,1,0
125548,0,0.070418592,56,0,3424.0,5400.0,6,0,2,0,0.0,0.6339566746898723,1369.6422511552,Senior,-1,1,0
125574,0,0.987275041,39,0,2477.0,5400.0,6,0,2,0,3.0,0.4586187743010553,991.3923650246,Mid,-1,1,0
125656,0,0.124392187,31,0,2634.0,5400.0,10,0,1,0,0.0,0.4876874652842066,1053.6746353122,Mid,-1,1,0
125682,0,0.581502434,25,0,652.0,5400.0,5,0,0,0,0.0,0.1207183854841696,261.1489014604,Young,-1,1,0
125713,1,0.403924978,52,1,2863.0,5400.0,10,4,1,5,0.0,0.5300870209220515,1145.4423549868,Senior,-1,1,0
125718,0,0.770880728,42,0,3830.0,5400.0,8,0,2,0,2.0,0.7091279392705054,1532.4625284368,Mid,-1,1,0
125736,1,0.476809926,42,3,4351.0,5400.0,16,0,2,0,0.0,0.8055915571190521,1740.6860859556,Mid,-1,1,0
125769,0,0.093456908,55,0,4843.0,5400.0,4,0,2,0,0.0,0.8966857989261248,1937.2560741448,Senior,-1,1,0
125771,1,0.9999999,47,2,6466.0,5400.0,8,0,2,1,2.0,1.197185706350676,2586.99999994,Mid,-1,1,1
125782,0,0.256416361,48,0,3408.0,5400.0,7,0,2,0,0.0,0.6309942603221625,1363.3538498166,Mid,-1,1,0
125807,1,0.9999999,38,0,3027.0,5400.0,7,0,2,0,0.0,0.5604517681910757,1211.39999994,Mid,-1,1,0
125867,0,0.9999999,44,0,3806.0,5400.0,2,0,1,0,0.0,0.7046843177189409,1522.9999999400002,Mid,-1,1,0
125881,0,0.963378521,63,0,6617.0,5400.0,22,0,1,0,0.0,1.225143491945936,2647.3780271126,Senior,-1,1,1
125882,0,0.032897756,70,0,314.0,1.0,12,0,0,0,0.0,157.0,125.6197386536,Senior,-1,1,0
125893,0,0.02968774,45,0,4188.0,5400.0,11,0,1,0,0.0,0.7754119607480097,1675.217812644,Mid,-1,1,0
125905,0,0.275781615,46,1,7232.0,5400.0,9,0,1,0,0.0,1.339011294204777,2892.965468969,Mid,-1,1,1
125916,0,0.683240188,47,0,3064.0,5400.0,10,0,2,0,1.0,0.5673023514164044,1226.0099441128002,Mid,-1,1,0
125991,0,0.638097279,46,0,3280.0,5400.0,13,0,2,0,0.0,0.6072949453804851,1312.3828583674,Mid,-1,1,0
125996,0,0.034448014,74,0,2322.0,5400.0,7,0,1,0,0.0,0.4299203851138678,928.8206688084,Senior,-1,1,0
126031,0,0.071012245,38,0,2999.0,5400.0,7,0,2,0,0.0,0.5552675430475837,1199.6426073470002,Mid,-1,1,0
126064,0,0.227604468,62,0,265.0,1.0,12,0,0,0,0.0,132.5,106.1365626808,Senior,-1,1,0
126111,0,0.461830115,38,0,3965.0,5400.0,15,0,1,0,2.0,0.7341233104980559,1586.277098069,Mid,-1,1,0
126112,0,0.0,54,0,5755.0,5400.0,5,0,4,0,2.0,1.0655434178855767,2302.0,Senior,-1,1,0
126175,0,0.367137094,72,1,2288.0,5400.0,14,0,0,0,0.0,0.4236252545824847,915.4202822564,Senior,-1,1,0
126187,0,0.159235888,54,0,3794.0,5400.0,6,0,1,0,0.0,0.7024625069431587,1517.6955415328002,Senior,-1,1,0
126211,0,0.441876546,52,0,4549.0,5400.0,9,0,1,0,0.0,0.8422514349194593,1819.8651259276,Senior,-1,1,0
126280,0,0.09386574,51,0,155.375,15.0,11,0,1,0,0.0,9.7109375,62.20631944400001,Senior,-1,1,0
126292,0,0.360319909,59,0,3491.0,5400.0,25,0,3,0,1.0,0.6463617848546566,1396.6161919454,Senior,-1,1,0
126312,0,0.9999999,75,0,508.0,5400.0,3,0,0,0,0.0,0.0940566561747824,203.79999994,Senior,-1,1,0
126332,0,0.278846553,52,0,6611.0,5400.0,11,0,5,0,3.0,1.2240325865580448,2644.5673079318003,Senior,-1,1,1
126339,0,0.813208327,59,0,10561.0,5400.0,12,0,2,0,0.0,1.955378633586373,4224.8879249962,Senior,-1,1,1
126366,0,0.06516233,90,0,2117.0,5400.0,7,0,2,0,0.0,0.3919644510275875,846.839097398,Senior,-1,1,0
126381,0,0.875758322,49,0,4442.0,5400.0,14,0,2,0,1.0,0.8224402888354009,1777.3254549932,Mid,-1,1,0
126423,0,0.328304138,53,0,5769.0,5400.0,13,0,2,0,0.0,1.0681355304573228,2307.7969824828,Senior,-1,1,0
126428,0,0.9999999,33,1,3219.0,5400.0,3,0,1,0,0.0,0.5960007406035919,1288.1999999400002,Mid,-1,1,0
126431,0,0.048201893,52,0,3497.0,5400.0,5,0,2,0,0.0,0.6474726902425477,1398.8289211358,Senior,-1,1,0
126443,0,0.735080896,51,0,5889.0,5400.0,21,0,4,0,0.0,1.0903536382151453,2356.0410485376,Senior,-1,1,0
126468,0,0.383127656,46,0,8654.0,5400.0,9,0,3,0,1.0,1.602295871134975,3461.8298765936,Mid,-1,1,1
126484,0,0.001999925,47,1,470.0,1.0,9,0,2,0,4.0,235.0,188.001199955,Mid,-1,1,0
126489,0,0.768558503,52,2,2475.0,5400.0,12,1,1,0,0.0,0.4582484725050916,990.4611351018,Senior,-1,1,0
126542,0,0.465795458,55,1,6643.0,5400.0,30,0,3,0,0.0,1.2299574152934645,2657.4794772748,Senior,-1,1,1
126556,0,0.388720205,49,0,3299.0,5400.0,7,0,2,0,0.0,0.6108128124421404,1319.8332321230002,Mid,-1,1,0
126559,0,0.712262571,52,0,2495.0,5400.0,2,0,1,0,0.0,0.4619514904647288,998.4273575426,Senior,-1,1,0
126612,0,0.056176999,59,0,3666.0,5400.0,17,0,3,0,0.0,0.6787631920014812,1466.4337061994,Senior,-1,1,0
126645,0,0.057899029,39,0,3063.0,5400.0,8,0,1,0,0.0,0.5671172005184225,1225.2347394174,Mid,-1,1,0
126648,0,0.9999999,24,1,503.0,5400.0,1,0,0,0,0.0,0.0931309016848731,201.79999994,Young,-1,1,0
126659,0,0.023191899,73,0,16.0,1.0,6,0,0,0,0.0,8.0,6.4139151394,Senior,-1,1,0
126686,1,0.68797954,45,0,2425.0,5400.0,6,0,1,0,0.0,0.4489909276059989,970.412787724,Mid,-1,1,0
126714,0,0.562587786,47,0,2595.0,5400.0,14,0,1,0,2.0,0.4804665802629143,1038.3375526716,Mid,-1,1,0
126721,0,0.91996482,60,2,2534.0,5400.0,11,0,2,0,0.0,0.4691723754860211,1014.151978892,Senior,-1,1,0
126735,0,0.9999999,22,0,346.0,5400.0,1,0,0,0,0.0,0.0640622107017219,138.99999994,Young,-1,1,0
126747,0,0.817163548,55,0,2461.0,5400.0,12,0,1,0,2.0,0.4556563599333457,984.8902981288,Senior,-1,1,0
126748,0,0.081445928,54,0,6532.0,5400.0,7,0,2,0,0.0,1.2094056656174783,2612.8488675568,Senior,-1,1,1
126756,0,0.102794126,32,0,3863.0,5400.0,4,0,1,0,0.0,0.7152379189039066,1545.2616764756,Mid,-1,1,0
126786,0,0.757411126,46,1,4327.0,5400.0,8,0,1,0,0.0,0.8011479355674875,1731.2544466756,Mid,-1,1,0
126790,0,0.013583015,64,0,3237.0,5400.0,14,0,2,0,0.0,0.5993334567672653,1294.8081498090005,Senior,-1,1,0
126805,0,0.458332989,63,0,4654.0,5400.0,15,0,1,0,0.0,0.8616922792075542,1861.8749997934,Senior,-1,1,0
126817,0,0.241917761,65,0,3225.0,5400.0,28,0,2,0,0.0,0.597111645991483,1290.1451506566,Senior,-1,1,0
126853,0,0.836980575,42,0,7582.0,5400.0,13,0,2,0,0.0,1.403814108498426,3033.302188345,Mid,-1,1,1
126882,0,0.96141273,42,0,5051.0,5400.0,8,0,2,0,0.0,0.9351971857063508,2020.976847638,Mid,-1,1,0
126903,0,0.185088103,50,0,2526.5,1.0,13,0,2,0,2.0,1263.25,1010.7110528618,Mid,-1,1,1
126977,0,0.076829781,76,0,8738.0,5400.0,13,0,6,0,0.0,1.6178485465654509,3495.2460978686004,Senior,-1,1,1
127010,0,0.682572334,63,1,3333.0,5400.0,10,0,1,0,0.0,0.6171079429735234,1333.6095434004,Senior,-1,1,0
127036,0,0.569647678,63,0,4400.0,5400.0,5,0,2,0,0.0,0.814663951120163,1760.3417886068,Senior,-1,1,0
127045,0,0.924198251,27,0,896.0,5400.0,6,0,0,0,0.0,0.1658952045917422,358.95451895060006,Young,-1,1,0
127048,0,0.034289594,58,1,307001.0,5400.0,16,0,4,0,2.0,56.84151083132753,122800.4205737564,Senior,-1,1,1
127052,0,0.170475493,40,1,7004.0,5400.0,12,0,4,0,2.0,1.296796889464914,2801.7022852958003,Mid,-1,1,1
127061,0,0.9999999,65,1,2826.0,5400.0,8,1,1,0,0.0,0.5232364376967228,1130.9999999400002,Senior,-1,1,0
127090,0,0.0,63,0,7159.0,5400.0,14,0,1,0,0.0,1.3254952786521017,2863.6000000000004,Senior,-1,1,1
127096,0,0.542251667,55,0,3286.0,5400.0,19,0,1,0,2.0,0.6084058507683763,1314.7253510002,Senior,-1,1,0
127123,0,0.367420206,51,0,3098.0,5400.0,9,0,1,0,5.0,0.5735974819477875,1239.4204521236,Senior,-1,1,0
127139,0,0.907279211,48,0,2552.0,5400.0,9,0,1,0,0.0,0.4725050916496945,1021.3443675266,Mid,-1,1,0
127172,0,0.015695683,51,0,3431.0,5400.0,12,0,2,0,0.0,0.6352527309757452,1372.4094174098002,Senior,-1,1,0
127213,0,0.563755751,49,3,4790.0,5400.0,15,0,2,0,1.0,0.8868728013330864,1916.3382534506,Mid,-1,1,0
127216,0,0.9999999,49,0,1685.0,5400.0,1,0,1,0,0.0,0.311979263099426,674.59999994,Mid,-1,1,0
127302,0,0.9999999,87,0,597.0,5400.0,2,0,1,0,1.0,0.1105350860951675,239.39999994,Senior,-1,1,0
127305,0,0.338094839,57,0,4215.0,5400.0,16,0,2,0,0.0,0.7804110349935197,1686.2028569034,Senior,-1,1,0
127309,0,0.125387673,92,4,2925.0,5400.0,30,0,2,0,0.0,0.5415663765969265,1170.0752326038,Senior,-1,1,0
127383,0,0.889393271,52,0,2615.0,5400.0,15,0,0,0,0.0,0.4841695982225514,1046.5336359626,Senior,-1,1,0
127416,0,0.9999999,65,0,1102.0,5400.0,6,0,2,0,0.0,0.2040362895760044,441.39999994,Senior,-1,1,0
127421,0,0.395784169,52,1,3021.0,5400.0,4,0,1,0,0.0,0.5593408628031846,1208.6374705014,Senior,-1,1,0
127431,0,0.002249972,70,0,4574.0,5400.0,16,0,2,0,0.0,0.8468802073690057,1829.6013499832,Senior,-1,1,0
127454,0,0.123254711,78,0,3253.0,5400.0,16,0,1,0,1.0,0.602295871134975,1301.2739528266,Senior,-1,1,0
127472,0,0.068419082,80,0,2005.0,5400.0,16,0,2,0,0.0,0.3712275504536197,802.0410514492,Senior,-1,1,0
127516,0,0.0,46,0,4117.0,5400.0,8,0,2,0,3.0,0.7622662469912979,1646.8000000000002,Mid,-1,1,0
127528,0,0.460484651,55,0,2628.0,5400.0,12,0,2,0,0.0,0.4865765598963155,1051.4762907906,Senior,-1,1,0
127531,0,0.020432568,57,0,7778.0,5400.0,12,0,5,0,0.0,1.44010368450287,3111.2122595408005,Senior,-1,1,1
127562,0,0.651405525,62,0,2783.0,5400.0,19,0,0,0,4.0,0.515274949083503,1113.590843315,Senior,-1,1,0
127573,1,0.007101896,82,0,52.5,1.0,9,0,0,0,0.0,26.25,21.0042611376,Senior,-1,1,0
127581,0,0.747536059,60,0,5052.0,5400.0,10,0,3,0,0.0,0.9353823366043326,2021.2485216354005,Senior,-1,1,0
127587,0,0.02612616,56,0,5013.0,5400.0,19,0,3,0,2.0,0.9281614515830402,2005.215675696,Senior,-1,1,0
127600,1,0.373964384,26,0,4121.0,5400.0,8,0,4,0,2.0,0.7630068505832254,1648.6243786304,Young,-1,1,0
127621,0,0.224699274,42,0,350.5,1.0,6,0,0,0,0.0,175.25,140.33481956440002,Mid,-1,1,0
127634,0,0.00029999,66,0,4956.0,5400.0,8,0,2,0,0.0,0.9176078503980744,1982.400179994,Senior,-1,1,0
127671,0,0.0,90,0,2823.0,5400.0,13,0,2,0,0.0,0.5226809850027773,1129.2,Senior,-1,1,0
127676,0,0.004638461,45,0,3371.0,5400.0,5,0,1,0,0.0,0.6241436770968339,1348.4027830766,Mid,-1,1,0
127679,0,0.9999999,42,0,2336.0,5400.0,3,0,1,0,0.0,0.4325124976856138,934.99999994,Mid,-1,1,0
127682,0,0.104116685,75,0,2389.0,5400.0,7,0,2,0,0.0,0.4423254952786521,955.662470011,Senior,-1,1,0
127691,0,0.070023667,46,0,3571.0,5400.0,15,0,1,0,3.0,0.6611738566932049,1428.4420142002,Mid,-1,1,0
127712,0,0.389470313,62,0,2754.0,5400.0,15,0,2,0,0.0,0.5099055730420292,1101.8336821878002,Senior,-1,1,0
127724,1,0.9999999,39,1,2816.0,5400.0,3,1,2,2,0.0,0.5213849287169042,1126.9999999400002,Mid,-1,1,0
127727,0,0.045707429,59,0,4668.0,5400.0,7,0,2,0,0.0,0.8642843917793002,1867.2274244574,Senior,-1,1,0
127750,0,0.069563705,73,0,3543.0,5400.0,5,0,1,0,0.0,0.655989631549713,1417.241738223,Senior,-1,1,0
127764,0,0.814384131,55,0,2772.0,5400.0,5,0,1,0,0.0,0.5132382892057027,1109.2886304786,Senior,-1,1,0
127776,0,0.929024906,64,0,1591.0,5400.0,5,0,0,0,0.0,0.2945750786891316,636.9574149436,Senior,-1,1,0
127809,0,0.09232766,56,0,3812.0,5400.0,12,0,2,0,0.0,0.7057952231068321,1524.8553965960002,Senior,-1,1,0
127847,0,0.350964904,28,0,1203.5,1.0,12,0,2,0,0.0,601.75,481.6105789424,Young,-1,1,1
127860,0,0.043978011,57,0,5599.0,5400.0,8,0,1,0,0.0,1.0366598778004072,2239.6263868066,Senior,-1,1,0
127879,0,0.010338543,76,0,3689.0,5400.0,7,0,1,0,0.0,0.6830216626550639,1475.6062031258002,Senior,-1,1,0
127895,0,0.860703952,63,0,3763.0,5400.0,11,0,4,0,0.0,0.6967228291057211,1505.7164223712,Senior,-1,1,0
127905,0,0.642981955,44,0,4288.0,5400.0,12,0,1,0,0.0,0.7939270505461952,1715.585789173,Mid,-1,1,0
127906,0,0.748431866,46,0,9263.0,5400.0,7,0,2,0,0.0,1.7150527680059249,3705.6490591196,Mid,-1,1,1
127925,0,0.081046586,67,0,474.5,1.0,9,0,1,0,1.0,237.25,189.8486279516,Senior,-1,1,0
127979,0,0.584303119,44,0,7806.0,5400.0,14,0,4,0,2.0,1.4452879096463618,3122.7505818714003,Mid,-1,1,1
127980,1,0.950735765,41,1,2872.0,5400.0,10,0,1,0,0.0,0.5317533790038882,1149.370441459,Mid,-1,1,0
128021,0,0.146170766,54,0,4986.0,5400.0,7,0,2,0,0.0,0.92316237733753,1994.4877024596,Senior,-1,1,0
128063,0,0.9999999,58,0,5538.0,5400.0,6,0,2,0,1.0,1.025365673023514,2215.7999999400004,Senior,-1,1,0
128080,0,0.704482388,75,0,2505.0,5400.0,6,0,2,0,0.0,0.4638029994445473,1002.4226894328,Senior,-1,1,0
128107,0,0.037298217,57,0,1962.0,1.0,11,0,2,0,3.0,981.0,784.8223789302001,Senior,-1,1,1
128134,0,0.995753296,48,0,4446.0,5400.0,18,0,2,0,4.0,0.8231808924273283,1778.9974519776,Mid,-1,1,0
128141,0,0.988445178,43,0,2069.0,1.0,10,0,2,0,2.0,1034.5,828.1930671068001,Mid,-1,1,1
128151,0,0.148241943,60,0,3986.0,5400.0,18,0,3,0,0.0,0.7380114793556749,1594.4889451658,Senior,-1,1,0
128171,0,0.000999955,65,0,5514.0,5400.0,10,0,4,0,1.0,1.0209220514719497,2205.600599973,Senior,-1,1,0
128176,0,0.150876703,39,0,1432.5,1.0,7,0,2,0,3.0,716.25,573.0905260218,Mid,-1,1,1
128179,0,0.035897825,57,0,4046.0,5400.0,8,0,1,0,0.0,0.7491205332345862,1618.421538695,Senior,-1,1,0
128219,0,0.9999999,72,0,905.0,5400.0,5,0,1,0,0.0,0.1675615626735789,362.59999994,Senior,-1,1,0
128251,0,0.091401012,60,0,4571.0,5400.0,11,0,2,0,0.0,0.8463247546750602,1828.4548406072,Senior,-1,1,0
128282,0,0.845194753,38,0,2406.0,5400.0,10,0,1,0,1.0,0.4454730605443436,962.9071168518,Mid,-1,1,0
128289,0,0.177105489,45,0,3839.0,5400.0,7,0,1,0,0.0,0.7107942973523421,1535.7062632934,Mid,-1,1,0
128294,0,0.262456407,42,0,5116.0,5400.0,11,0,1,0,0.0,0.9472319940751712,2046.5574738442,Mid,-1,1,0
128326,0,0.716309671,53,0,2492.0,5400.0,6,0,1,0,0.0,0.4613960377707832,997.2297858026,Senior,-1,1,0
128329,0,0.450321281,49,0,3794.0,5400.0,13,0,1,0,0.0,0.7024625069431587,1517.8701927686002,Mid,-1,1,0
128348,0,0.415650483,38,0,2415.0,5400.0,4,0,1,0,0.0,0.4471394186261803,966.2493902898,Mid,-1,1,0
128356,0,0.150388093,59,0,3524.0,5400.0,9,0,1,0,0.0,0.6524717644880578,1409.6902328558,Senior,-1,1,0
128361,0,0.145287488,39,0,3014.0,5400.0,3,0,1,0,0.0,0.5580448065173116,1205.6871724928,Mid,-1,1,0
128362,0,0.9999999,38,0,1440.0,5400.0,4,0,0,0,1.0,0.2666172930938715,576.59999994,Mid,-1,1,0
128365,0,0.0,57,0,3547.0,5400.0,10,0,2,0,0.0,0.6567302351416404,1418.8000000000002,Senior,-1,1,0
128371,0,0.047499348,62,0,6265.0,5400.0,19,0,4,0,0.0,1.159970375856323,2506.0284996088,Senior,-1,1,0
128386,0,0.732918892,60,0,4584.0,5400.0,9,0,1,0,1.0,0.8487317163488243,1834.0397513352,Senior,-1,1,0
128389,0,0.332040378,69,0,6013.0,5400.0,22,0,2,0,3.0,1.113312349564895,2405.3992242268005,Senior,-1,1,0
128432,0,0.097888949,34,0,2832.0,5400.0,10,0,2,0,1.0,0.524347343084614,1132.8587333694,Mid,-1,1,0
128434,0,0.852716381,65,1,1840.0,5400.0,3,2,1,0,0.0,0.3406776522866135,736.5116298286,Senior,-1,1,0
128443,0,0.9999999,54,0,2681.0,5400.0,2,1,1,0,0.0,0.4963895574893538,1072.9999999400002,Senior,-1,1,0
128465,0,0.322346621,60,0,5049.0,5400.0,15,0,2,0,0.0,0.9348268839103868,2019.7934079726,Senior,-1,1,0
128481,1,0.004285627,31,0,2414.0,5400.0,15,0,1,0,0.0,0.4469542677281984,965.6025713762,Mid,-1,1,0
128484,0,0.858287214,69,0,6276.0,5400.0,14,0,3,0,0.0,1.1620070357341232,2510.9149723284,Senior,-1,1,0
128560,0,0.914632791,62,0,2715.0,5400.0,17,0,2,0,0.0,0.5026846880207368,1086.5487796746,Senior,-1,1,0
128578,0,0.506493993,58,0,4074.0,5400.0,10,0,2,0,1.0,0.7543047583780781,1629.9038963958,Senior,-1,1,0
128633,0,0.36380068,52,1,4856.0,5400.0,17,0,5,0,1.0,0.899092760599889,1942.618280408,Senior,-1,1,0
128639,0,0.9999999,68,0,1483.0,5400.0,1,0,1,0,0.0,0.2745787817070912,593.79999994,Senior,-1,1,0
128645,0,0.008681424,61,0,3615.0,5400.0,5,0,2,0,0.0,0.6693204962044066,1446.0052088544,Senior,-1,1,0
128665,0,0.15969684,42,1,3592.0,5400.0,10,0,1,0,0.0,0.6650620255508239,1436.8958181040002,Mid,-1,1,0
128730,0,0.9999999,64,0,1673.0,5400.0,1,1,0,0,0.0,0.3097574523236437,669.79999994,Senior,-1,1,0
128739,0,0.101521865,70,0,6722.0,5400.0,24,0,5,0,1.0,1.2445843362340308,2688.860913119,Senior,-1,1,1
128763,0,0.59645404,64,0,4062.0,5400.0,12,0,2,0,1.0,0.7520829476022959,1625.1578724240003,Senior,-1,1,0
128773,0,0.171605139,65,0,18572.0,5400.0,25,0,6,0,0.0,3.438622477319015,7428.9029630834,Senior,-1,1,1
128795,0,0.587477405,72,0,3860.0,5400.0,10,0,2,0,0.0,0.7146824662099611,1544.352486443,Senior,-1,1,0
128802,0,0.013249172,56,0,4737.0,5400.0,5,0,2,0,0.0,0.8770598037400481,1894.8079495032,Senior,-1,1,0
128823,0,0.000434774,38,0,5176.0,5400.0,9,0,1,0,0.0,0.9583410479540826,2070.4002608644,Mid,-1,1,0
128825,0,0.229588511,55,0,1850.5,1.0,15,0,1,0,0.0,925.25,740.3377531066001,Senior,-1,1,1
128887,0,0.30283797,63,0,2866.0,5400.0,8,0,2,0,0.0,0.530642473615997,1146.581702782,Senior,-1,1,0
128893,0,0.65390688,48,0,2712.0,5400.0,9,0,2,0,2.0,0.5021292353267913,1085.192344128,Mid,-1,1,0
128904,0,0.9999999,45,0,3000.0,5400.0,5,0,2,0,2.0,0.5554526939455656,1200.59999994,Mid,-1,1,0
128926,0,0.734033481,65,0,3793.0,5400.0,22,0,2,0,0.0,0.7022773560451768,1517.6404200886,Senior,-1,1,0
128996,0,0.008593335,57,1,8678.0,5400.0,26,0,18,0,1.0,1.6067394926865397,3471.2051560010004,Senior,-1,1,1
128999,0,0.637903653,36,1,5113.0,5400.0,12,0,5,0,0.0,0.9466765413812256,2045.5827421918,Mid,-1,1,0
129009,0,0.196758683,74,0,2835.0,5400.0,8,0,3,0,0.0,0.5249027957785595,1134.1180552098,Senior,-1,1,0
129022,0,0.096070828,64,0,1766.0,1.0,9,0,2,0,0.0,883.0,706.4576424968001,Senior,-1,1,1
129035,0,0.409438153,71,0,3275.0,5400.0,22,0,0,0,0.0,0.6063691908905758,1310.2456628918,Senior,-1,1,0
129037,1,0.9999999,29,1,849.0,5400.0,1,0,1,0,0.0,0.157193112386595,340.19999994,Young,-1,1,0
129040,0,0.197116058,44,0,3616.0,5400.0,12,0,1,0,0.0,0.6695056471023885,1446.5182696348002,Mid,-1,1,0
129042,0,0.766970767,51,0,5466.0,5400.0,14,0,3,0,0.0,1.0120348083688206,2186.8601824602,Senior,-1,1,0
129051,0,0.550526824,59,0,2777.0,5400.0,12,0,1,0,0.0,0.514164043695612,1111.1303160944,Senior,-1,1,0
129061,1,0.974471589,44,0,1293.5,1.0,6,0,0,0,2.0,646.75,517.9846829534,Mid,-1,1,1
129067,0,0.544357709,68,0,2471.0,5400.0,10,0,0,0,0.0,0.4575078689131642,988.7266146254,Senior,-1,1,0
129068,0,0.000163693,54,2,8636.0,5400.0,17,0,8,0,0.0,1.5989631549713017,3454.4000982158,Senior,-1,1,1
129083,1,0.385529772,61,0,4081.0,5400.0,13,0,1,1,2.0,0.7556008146639511,1632.6313178632,Senior,-1,1,0
129091,0,0.919808019,50,0,2044.0,5400.0,4,0,1,0,0.0,0.378448435474912,818.1518848114,Mid,-1,1,0
129132,0,0.996495112,62,4,4437.0,5400.0,18,3,0,4,0.0,0.8215145343454916,1775.3978970672,Senior,-1,1,0
129142,0,0.37962038,24,0,5.5,1.0,1,0,0,0,0.0,2.75,2.4277722280000003,Young,-1,1,0
129154,0,0.041253275,44,0,3518.0,5400.0,9,1,2,0,0.0,0.6513608591001666,1407.224751965,Mid,-1,1,0
129170,0,0.791080121,52,3,3057.0,5400.0,10,0,1,1,0.0,0.5660062951305314,1223.2746480726,Senior,-1,1,0
129183,0,0.112287728,66,0,5232.0,5400.0,25,1,2,0,0.0,0.9687094982410664,2092.8673726368,Senior,-1,1,0
129197,0,0.77323198,44,0,3698.0,5400.0,8,0,2,0,0.0,0.6846880207369006,1479.663939188,Mid,-1,1,0
129205,0,0.040793003,62,0,9423.0,5400.0,10,0,3,0,0.0,1.7446769116830216,3769.2244758018,Senior,-1,1,1
129239,0,0.075654794,51,0,4084.0,5400.0,11,0,1,0,0.0,0.7561562673578966,1633.6453928764,Senior,-1,1,0
129248,0,0.573561239,47,0,4670.0,5400.0,9,0,2,0,0.0,0.8646546935752638,1868.3441367434,Mid,-1,1,0
129312,0,0.554574238,68,0,2284.0,5400.0,6,0,1,0,0.0,0.4228846509905573,913.9327445428,Senior,-1,1,0
129387,0,0.718226173,71,0,1591.0,5400.0,7,0,1,0,1.0,0.2945750786891316,636.8309357038,Senior,-1,1,0
129404,0,0.619843503,66,0,2997.0,5400.0,14,0,1,0,0.0,0.5548972412516201,1199.1719061018,Senior,-1,1,0
129428,0,0.0,43,1,3297.0,5400.0,7,0,2,0,0.0,0.6104425106461766,1318.8000000000002,Mid,-1,1,0
129432,0,0.019799275,61,0,688.0,1.0,8,0,2,0,0.0,344.0,275.211879565,Senior,-1,1,1
129469,0,0.149502254,53,0,6674.0,5400.0,7,0,3,0,0.0,1.2356970931309017,2669.6897013524003,Senior,-1,1,1
129489,0,0.993125859,33,0,2970.0,5400.0,7,0,2,0,1.0,0.5498981670061099,1188.5958755154,Mid,-1,1,0
129491,0,0.10463721,47,0,1215.0,1.0,4,0,1,0,3.0,607.5,486.062782326,Mid,-1,1,1
129503,0,0.088516077,52,0,5860.0,5400.0,10,0,2,0,2.0,1.0849842621736716,2344.0531096462,Senior,-1,1,0
129513,0,0.655956085,47,0,4100.0,5400.0,9,0,1,0,4.0,0.7591186817256064,1640.393573651,Mid,-1,1,0
129560,0,0.382527082,35,0,2465.0,5400.0,19,0,0,0,0.0,0.4563969635252731,986.2295162492,Mid,-1,1,0
129581,0,0.0,61,0,5729.0,5400.0,9,0,2,0,0.0,1.0607294945380483,2291.6,Senior,-1,1,0
129585,0,0.001079438,83,0,2586.0,5400.0,11,0,1,1,0.0,0.4788002221810776,1034.4006476628,Senior,-1,1,0
129586,0,0.94364092,51,0,4736.0,5400.0,7,0,1,0,2.0,0.8768746528420663,1894.966184552,Senior,-1,1,0
129606,0,0.372167979,61,0,5085.0,5400.0,16,0,2,0,0.0,0.9414923162377338,2034.2233007874,Senior,-1,1,0
129632,0,0.282072702,56,0,4883.0,5400.0,7,0,1,0,0.0,0.904091834845399,1953.3692436212,Senior,-1,1,0
129661,0,0.266439089,52,1,5907.0,5400.0,23,0,2,0,0.0,1.093686354378819,2362.9598634534,Senior,-1,1,0
129671,0,0.001491097,56,0,5173.0,5400.0,4,0,1,0,0.0,0.957785595260137,2069.2008946582005,Senior,-1,1,0
129684,1,0.587127113,59,10,4793.0,5400.0,26,3,2,2,0.0,0.8874282540270321,1917.5522762678,Senior,-1,1,0
129713,0,0.476809366,41,1,3414.0,5400.0,20,0,2,0,0.0,0.6321051657100537,1365.8860856196002,Mid,-1,1,0
129774,0,0.20758483,36,1,2370.0,5400.0,4,5,1,0,0.0,0.4388076282169968,948.124550898,Mid,-1,1,0
129802,0,0.10619581,40,0,5031.0,5400.0,4,0,2,0,0.0,0.9314941677467136,2012.463717486,Mid,-1,1,0
129850,0,0.9999999,28,0,910.0,5400.0,4,0,0,0,1.0,0.1684873171634882,364.59999994,Young,-1,1,0
129896,0,0.67412752,70,0,4873.0,5400.0,13,0,2,0,0.0,0.9022403258655805,1949.604476512,Senior,-1,1,0
129917,0,0.727033931,68,0,2168.0,5400.0,6,0,1,0,0.0,0.4014071468246621,867.6362203586001,Senior,-1,1,0
129934,0,0.052737789,55,0,5361.0,5400.0,15,0,2,0,0.0,0.9925939640807258,2144.4316426734,Senior,-1,1,0
129953,0,0.065244052,55,0,3822.0,5400.0,7,0,2,0,0.0,0.7076467320866506,1528.8391464312,Senior,-1,1,0
130015,0,0.703401936,45,0,3184.0,5400.0,11,0,2,0,0.0,0.589520459174227,1274.0220411616,Mid,-1,1,0
130017,0,0.203007815,45,0,7140.0,5400.0,8,0,1,0,2.0,1.321977411590446,2856.121804689,Mid,-1,1,1
130065,0,0.9999999,62,0,2324.0,5400.0,6,0,1,0,0.0,0.4302906869098315,930.19999994,Senior,-1,1,0
130082,1,0.978464,30,1,1725.0,5400.0,7,0,0,0,0.0,0.3193852990187002,690.5870784,Young,-1,1,0
130092,0,0.255609501,53,0,3556.0,5400.0,17,0,1,0,0.0,0.6583965932234771,1422.5533657006,Senior,-1,1,0
130101,0,0.962013868,58,1,3077.0,5400.0,11,0,1,0,3.0,0.5697093130901685,1231.3772083208005,Senior,-1,1,0
130188,0,0.062218336,44,0,3386.0,5400.0,9,0,1,0,0.0,0.6269209405665618,1354.4373310016,Mid,-1,1,0
130211,0,0.9999999,36,0,2250.0,5400.0,3,0,1,0,0.0,0.4165895204591742,900.59999994,Mid,-1,1,0
130217,0,0.31268596,62,1,4470.0,5400.0,18,0,1,0,2.0,0.8276245139788928,1788.187611576,Senior,-1,1,0
130229,0,0.144839564,61,0,4745.0,5400.0,8,0,1,0,0.0,0.878541010923903,1898.0869037384,Senior,-1,1,0
130270,0,0.039143338,47,0,3396.0,5400.0,12,0,1,0,2.0,0.6287724495463803,1358.4234860028,Mid,-1,1,0
130310,0,0.223348652,40,0,5060.0,5400.0,4,0,2,0,0.0,0.9368635437881874,2024.1340091912,Mid,-1,1,0
130377,0,0.15610344,59,0,3314.0,5400.0,13,0,1,0,1.0,0.6135900759118682,1325.693662064,Senior,-1,1,0
130389,0,0.002522393,64,0,3604.0,5400.0,18,0,4,0,0.0,0.6672838363266062,1441.6015134358,Senior,-1,1,0
130432,0,0.638972684,46,2,5170.0,5400.0,18,0,2,0,4.0,0.9572301425661914,2068.3833836104,Mid,-1,1,0
130446,0,0.9999999,67,0,3612.0,5400.0,5,0,2,0,0.0,0.6687650435104611,1445.3999999400005,Senior,-1,1,0
130448,1,0.9999999,47,0,3424.0,5400.0,5,0,2,0,0.0,0.6339566746898723,1370.1999999400002,Mid,-1,1,0
130461,0,0.001281119,49,1,3683.0,5400.0,12,0,3,0,0.0,0.6819107572671728,1473.2007686714,Mid,-1,1,0
130494,0,0.568172756,79,0,3057.0,5400.0,20,0,0,0,1.0,0.5660062951305314,1223.1409036536,Senior,-1,1,0
130506,0,0.761111387,47,0,5793.0,5400.0,15,0,2,0,0.0,1.0725791520088872,2317.6566668322,Mid,-1,1,0
130523,0,0.2266977,30,0,3149.0,5400.0,11,0,1,0,0.0,0.583040177744862,1259.73601862,Young,-1,1,0
130548,1,0.0,67,0,4623.0,5400.0,9,0,3,0,0.0,0.8559526013701166,1849.2,Senior,-1,1,0
130563,0,0.9999999,25,0,475.0,5400.0,4,0,0,0,0.0,0.0879466765413812,190.59999994,Young,-1,1,0
130603,0,0.037765085,47,0,3546.0,5400.0,6,0,2,0,0.0,0.6565450842436585,1418.422659051,Mid,-1,1,0
130628,0,0.315328448,41,0,2269.0,5400.0,13,0,1,0,3.0,0.4201073875208295,907.7891970688,Mid,-1,1,0
130699,0,0.238394515,39,1,75.0,1.0,8,0,0,0,0.0,37.5,30.143036709,Mid,-1,1,0
130719,0,0.39326087,65,0,2446.0,5400.0,8,0,2,0,0.0,0.4528790964636178,978.635956522,Senior,-1,1,0
130729,0,0.175765702,70,0,2900.0,5400.0,14,0,1,0,0.0,0.5369376041473801,1160.1054594212,Senior,-1,1,0
130761,0,0.791421379,48,0,5582.0,5400.0,12,0,1,0,0.0,1.033512312534716,2233.2748528274,Mid,-1,1,0
130808,0,0.0,57,0,3464.0,5400.0,18,0,1,0,0.0,0.6413627106091464,1385.6,Senior,-1,1,0
130815,0,0.9999999,62,0,1267.0,5400.0,3,0,1,0,0.0,0.2345861877430105,507.39999994,Senior,-1,1,0
130819,0,0.736010243,49,0,4832.0,5400.0,12,0,2,0,2.0,0.8946491390483244,1933.2416061458,Mid,-1,1,0
130848,1,0.789605197,27,0,607.0,5400.0,2,0,0,0,0.0,0.1123865950749861,243.2737631182,Young,-1,1,0
130889,0,0.938061938,61,0,3086.0,5400.0,6,0,2,0,0.0,0.5713756711720052,1234.9628371628,Senior,-1,1,0
130929,0,0.297667558,63,1,4804.0,5400.0,17,0,3,0,1.0,0.8894649139048324,1921.7786005348,Senior,-1,1,0
130961,1,0.708131157,51,3,2463.0,5400.0,7,1,2,0,1.0,0.4560266617293094,985.6248786942,Senior,-1,1,0
131012,0,0.251815138,46,0,5362.0,5400.0,4,0,2,0,0.0,0.9927791149787076,2144.9510890828,Mid,-1,1,0
131043,0,0.088476381,62,0,4536.0,5400.0,9,0,2,0,0.0,0.8398444732456952,1814.4530858286,Senior,-1,1,0
131062,0,0.346910206,69,0,3010.0,5400.0,13,0,4,0,0.0,0.5573042029253842,1204.2081461236,Senior,-1,1,0
131069,0,0.9999999,57,0,1497.0,5400.0,7,0,1,0,0.0,0.2771708942788372,599.39999994,Senior,-1,1,0
131071,0,0.810625536,37,0,1655.0,5400.0,7,0,1,0,0.0,0.3064247361599704,662.4863753216,Mid,-1,1,0
131092,0,0.219480544,54,0,3342.0,5400.0,17,0,2,0,0.0,0.6187743010553601,1336.9316883264005,Senior,-1,1,0
131100,0,0.070730059,48,0,5467.0,5400.0,18,0,2,0,0.0,1.0122199592668024,2186.8424380354004,Mid,-1,1,0
131113,0,0.455059421,43,0,2330.0,5400.0,7,0,1,0,1.0,0.4314015922977226,932.2730356526,Mid,-1,1,0
131151,0,0.043473112,52,0,9616.0,5400.0,20,0,9,0,1.0,1.7804110349935198,3846.4260838672,Senior,-1,1,1
131156,0,0.647626249,48,0,5305.0,5400.0,18,0,1,0,1.0,0.982225513793742,2122.3885757494,Mid,-1,1,0
131168,0,0.9999999,50,0,2232.0,5400.0,2,0,1,0,0.0,0.4132568042955008,893.39999994,Mid,-1,1,0
131186,0,0.912985376,45,0,4517.0,5400.0,22,0,1,0,0.0,0.83632660618404,1807.3477912256,Mid,-1,1,0
131195,0,0.113312127,47,0,4082.0,5400.0,7,0,2,0,0.0,0.755785965561933,1632.8679872762002,Mid,-1,1,0
131239,0,0.78243513,58,0,2472.0,5400.0,6,0,2,0,0.0,0.4576930198111461,989.269461078,Senior,-1,1,0
131327,1,0.9999999,70,2,1228.0,5400.0,6,0,0,2,0.0,0.2273653027217182,491.79999994,Senior,-1,1,0
131345,0,0.090445157,74,0,2376.0,5400.0,5,0,1,0,0.0,0.439918533604888,950.4542670942,Senior,-1,1,0
131372,0,0.009389671,36,0,3851.0,5400.0,17,0,2,0,1.0,0.7130161081281244,1540.4056338026,Mid,-1,1,0
131375,0,0.046842363,55,0,3921.0,5400.0,6,0,2,0,0.0,0.7259766709868543,1568.4281054178,Senior,-1,1,0
131394,0,0.00081078,67,0,325.0,1.0,6,0,1,0,0.0,162.5,130.000486468,Senior,-1,1,0
131398,0,0.031294642,56,0,4413.0,5400.0,10,0,2,0,1.0,0.8170709127939271,1765.2187767852,Senior,-1,1,0
131442,0,0.805365498,48,0,8100.0,5400.0,15,0,3,0,0.0,1.4997222736530271,3240.4832192988,Mid,-1,1,1
131451,0,0.090520361,72,0,2928.0,5400.0,5,0,1,0,0.0,0.542121829290872,1171.2543122166,Senior,-1,1,0
131463,0,0.004433061,42,1,2657.5,1.0,6,0,2,0,3.0,1328.75,1063.0026598366,Mid,-1,1,1
131484,0,0.4273082,52,0,3136.0,5400.0,13,0,3,0,2.0,0.580633216071098,1254.6563849200002,Senior,-1,1,0
131557,0,0.969374842,57,0,1654.0,5400.0,18,0,1,0,1.0,0.3062395852619885,662.1816249052,Senior,-1,1,0
131617,0,0.634052536,38,0,4107.0,5400.0,13,0,2,0,0.0,0.7604147380114794,1643.1804315216002,Mid,-1,1,0
131619,0,0.068096122,62,0,4162.0,5400.0,6,0,1,0,0.0,0.7705980374004814,1664.8408576732002,Senior,-1,1,0
131640,0,0.113148761,48,0,147.5,1.0,19,0,0,0,4.0,73.75,59.0678892566,Mid,-1,1,0
131659,0,0.026196445,56,0,4393.0,5400.0,7,0,2,0,0.0,0.81336789483429,1757.215717867,Senior,-1,1,0
131702,0,0.734979001,59,0,4388.0,5400.0,13,0,1,0,0.0,0.8124421403443807,1755.6409874006,Senior,-1,1,0
131735,0,0.296518511,57,0,3295.0,5400.0,13,0,1,0,2.0,0.610072208850213,1318.1779111066,Senior,-1,1,0
131784,0,0.846744521,47,0,2543.0,5400.0,6,0,2,0,2.0,0.4708387335678578,1017.7080467126,Mid,-1,1,0
131791,0,0.622244545,62,0,4019.0,5400.0,10,0,1,0,0.0,0.7441214589890761,1607.973346727,Senior,-1,1,0
131810,0,0.0,40,0,2956.0,5400.0,12,0,1,0,1.0,0.547306054434364,1182.4,Mid,-1,1,0
131858,0,0.649172257,53,1,4390.0,5400.0,17,0,1,0,2.0,0.8128124421403444,1756.3895033542,Senior,-1,1,0
131877,0,0.650582151,53,0,6096.0,5400.0,10,0,1,0,1.0,1.1286798740973891,2438.7903492906003,Senior,-1,1,0
131886,1,0.904021329,33,1,4749.0,5400.0,15,0,2,0,0.0,0.8792816145158304,1900.1424127974,Mid,-1,1,0
131888,0,0.113957669,39,1,8212.0,5400.0,7,0,2,0,0.0,1.520459174226995,3284.8683746014003,Mid,-1,1,1
131889,0,0.9999999,68,0,1393.0,5400.0,6,0,1,0,0.0,0.2579152008887243,557.79999994,Senior,-1,1,0
131925,0,0.0,66,0,5050.0,5400.0,7,0,3,0,0.0,0.9350120348083688,2020.0,Senior,-1,1,0
131936,0,0.330162987,57,0,2959.0,5400.0,8,0,2,0,0.0,0.5478615071283096,1183.7980977922002,Senior,-1,1,0
131941,0,0.837652015,45,0,6628.0,5400.0,11,0,1,0,0.0,1.2271801518237364,2651.7025912090003,Mid,-1,1,1
131942,0,0.987002606,62,0,2945.0,5400.0,11,0,1,0,1.0,0.5452693945565636,1178.5922015636,Senior,-1,1,0
131963,0,0.0,50,0,3304.0,5400.0,6,0,3,0,0.0,0.6117385669320496,1321.6,Mid,-1,1,0
131973,0,0.43857394,45,0,4275.0,5400.0,10,0,2,0,0.0,0.7915200888724311,1710.263144364,Mid,-1,1,0
131982,0,0.199325604,59,0,5788.0,5400.0,11,0,1,0,0.0,1.071653397518978,2315.3195953624004,Senior,-1,1,0
131987,0,0.436167269,45,0,2967.5,1.0,15,0,1,0,2.0,1483.75,1187.2617003614,Mid,-1,1,1
132002,0,0.010117326,64,0,3290.0,5400.0,21,0,3,0,0.0,0.6091464543603037,1316.0060703956,Senior,-1,1,0
132041,0,0.9999999,62,0,3046.0,5400.0,4,0,1,0,0.0,0.563969635252731,1218.9999999400002,Senior,-1,1,0
132054,0,0.547216695,61,0,4155.0,5400.0,18,0,1,0,0.0,0.7693019811146085,1662.328330017,Senior,-1,1,0
132072,0,0.9999999,43,0,1633.0,5400.0,3,0,1,0,0.0,0.3023514164043696,653.79999994,Mid,-1,1,0
132074,0,0.0,42,0,5415.0,5400.0,8,0,3,0,0.0,1.002592112571746,2166.0,Mid,-1,1,0
132089,0,0.257255744,77,0,2329.0,5400.0,11,0,1,0,0.0,0.4312164413997408,931.7543534464,Senior,-1,1,0
132121,0,0.002067762,56,0,30295.0,5400.0,16,0,0,0,2.0,5.609146454360304,12118.0012406572,Senior,-1,1,1
132132,0,0.002888809,37,0,2853.0,5400.0,11,0,1,0,1.0,0.528235511942233,1141.2017332854,Mid,-1,1,0
132150,0,0.030367883,53,0,3520.0,5400.0,6,0,4,0,0.0,0.6517311608961304,1408.0182207298,Senior,-1,1,0
132173,1,0.9999999,63,0,1363.0,5400.0,2,0,1,0,0.0,0.2523606739492686,545.79999994,Senior,-1,1,0
132194,0,0.9999999,39,2,66.5,1.0,2,1,0,0,0.0,33.25,27.19999994,Mid,-1,1,0
132197,0,0.259346128,42,0,3320.0,5400.0,9,0,2,0,2.0,0.6147009812997593,1328.1556076768,Mid,-1,1,0
132219,0,0.033030127,38,0,3183.0,5400.0,6,0,1,0,0.0,0.5893353082762451,1273.2198180762,Mid,-1,1,0
132242,0,0.148276645,54,1,238.5,1.0,8,0,0,0,1.0,119.25,95.488965987,Senior,-1,1,0
132245,0,0.057207515,45,0,3481.0,5400.0,5,0,1,0,0.0,0.644510275874838,1392.434324509,Mid,-1,1,0
132290,1,0.961129859,30,1,1343.0,5400.0,4,1,0,0,3.0,0.2486576559896315,537.7766779154,Young,-1,1,0
132301,0,0.24629891,63,0,3299.0,5400.0,16,0,3,0,0.0,0.6108128124421404,1319.7477793460002,Senior,-1,1,0
132309,0,0.486799111,75,4,3431.0,5400.0,14,0,1,0,1.0,0.6352527309757452,1372.6920794666,Senior,-1,1,0
132311,0,0.10326449,36,0,3279.0,5400.0,3,0,2,0,0.0,0.6071097944825032,1311.661958694,Mid,-1,1,0
132314,0,0.0,74,0,2855.0,5400.0,9,0,2,0,0.0,0.5286058137381966,1142.0,Senior,-1,1,0
132340,0,0.786327894,62,0,2340.0,5400.0,4,0,2,0,0.0,0.4332531012775412,936.4717967364,Senior,-1,1,0
132352,0,0.007221999,30,0,3059.0,5400.0,9,0,1,0,0.0,0.5663765969264951,1223.6043331994,Young,-1,1,0
132355,0,0.11647722,44,0,948.5,1.0,15,0,1,0,2.0,474.25,379.469886332,Mid,-1,1,1
132365,0,0.034753436,66,0,4845.0,5400.0,8,0,1,0,0.0,0.8970561007220885,1938.0208520616,Senior,-1,1,0
132383,0,0.087383569,37,0,2998.0,5400.0,6,0,2,0,0.0,0.555082392149602,1199.2524301414,Mid,-1,1,0
132405,0,0.882434692,58,1,6250.0,5400.0,11,0,2,0,0.0,1.157193112386595,2500.5294608152,Senior,-1,1,0
132410,0,0.049734761,44,0,3183.0,5400.0,5,0,2,0,0.0,0.5893353082762451,1273.2298408566,Mid,-1,1,0
132422,0,0.9999999,26,0,1396.0,5400.0,1,0,1,0,0.0,0.2584706535826698,558.99999994,Young,-1,1,0
132441,0,0.350202122,48,0,4029.0,5400.0,7,0,1,0,4.0,0.7459729679688947,1611.8101212732,Mid,-1,1,0
132453,0,0.9999999,35,0,1782.0,5400.0,3,0,2,0,0.0,0.329938900203666,713.39999994,Mid,-1,1,0
132460,0,0.151561198,57,0,6194.0,5400.0,10,0,5,0,0.0,1.1468246620996112,2477.6909367188005,Senior,-1,1,0
132466,0,0.605972898,27,1,2318.0,5400.0,12,0,2,0,1.0,0.4291797815219403,927.5635837388,Young,-1,1,0
132472,0,0.0,55,0,4289.0,5400.0,12,0,3,0,0.0,0.794112201444177,1715.6,Senior,-1,1,0
132521,0,0.33827766,65,0,4581.0,5400.0,12,0,2,0,0.0,0.8481762636548787,1832.602966596,Senior,-1,1,0
132523,0,0.9999999,72,0,1535.0,5400.0,4,1,2,0,0.0,0.2842066284021478,614.59999994,Senior,-1,1,0
132576,0,0.185103461,39,0,3825.0,5400.0,17,0,2,0,0.0,0.7082021847805962,1530.1110620766,Mid,-1,1,0
132585,0,0.80914355,53,0,2486.0,5400.0,7,0,0,0,0.0,0.460285132382892,994.88548613,Senior,-1,1,0
132588,0,0.006824626,74,1,2811.0,5400.0,20,0,3,0,0.0,0.520459174226995,1124.4040947756,Senior,-1,1,0
132593,0,0.937137355,52,0,2921.0,5400.0,8,0,1,0,3.0,0.5408257730049991,1168.962282413,Senior,-1,1,0
132599,0,0.9999999,40,0,1586.0,5400.0,4,0,1,0,3.0,0.2936493241992223,634.9999999400001,Mid,-1,1,0
132612,0,0.106474035,57,0,7177.0,5400.0,11,0,2,0,0.0,1.3288279948157748,2870.863884421,Senior,-1,1,1
132620,0,0.9999999,61,0,1845.0,5400.0,8,0,2,0,0.0,0.3416034067765228,738.59999994,Senior,-1,1,0
132633,0,0.322965185,63,0,4200.0,5400.0,13,0,3,0,2.0,0.7776337715237919,1680.193779111,Senior,-1,1,0
132644,0,0.0,29,0,2622.0,5400.0,9,0,2,0,0.0,0.4854656545084244,1048.8,Young,-1,1,0
132653,0,0.495119177,43,0,3707.0,5400.0,7,0,2,0,0.0,0.6863543788187373,1483.0970715062,Mid,-1,1,0
132661,0,0.915620225,31,3,2763.0,5400.0,9,0,1,1,0.0,0.5115719311238659,1105.7493721350002,Mid,-1,1,0
132671,0,0.028541139,44,0,5088.0,5400.0,21,0,2,0,2.0,0.9420477689316792,2035.2171246834,Mid,-1,1,0
132676,0,0.311537692,29,0,25.0,1.0,5,0,0,0,0.0,12.5,10.1869226152,Young,-1,1,0
132679,0,0.044717464,75,0,3451.0,5400.0,14,0,2,0,2.0,0.6389557489353823,1380.4268304784,Senior,-1,1,0
132690,0,0.061299177,73,0,2834.0,5400.0,8,0,2,0,1.0,0.5247176448805777,1133.6367795062,Senior,-1,1,0
132755,0,0.049142356,56,2,4550.0,5400.0,12,0,3,0,0.0,0.8424365858174412,1820.0294854136,Senior,-1,1,0
132784,0,0.555378571,49,0,2774.0,5400.0,10,0,1,0,0.0,0.5136085910016663,1109.9332271426,Mid,-1,1,0
132793,0,0.0,68,0,6260.0,5400.0,13,0,4,0,0.0,1.1590446213664136,2504.0,Senior,-1,1,0
132795,0,0.165922272,30,0,2251.0,5400.0,11,0,2,0,0.0,0.416774671357156,900.4995533632001,Young,-1,1,0
132827,0,0.836964439,50,2,2168.0,5400.0,4,0,1,0,0.0,0.4014071468246621,867.7021786634,Mid,-1,1,0
132831,0,0.986385663,35,0,1612.0,5400.0,8,0,0,0,3.0,0.2984632475467506,645.3918313978,Mid,-1,1,0
132837,0,0.003275051,58,0,986.0,1.0,25,0,2,0,0.0,493.0,394.4019650306,Senior,-1,1,1
132838,0,0.894285083,57,0,10009.0,5400.0,17,0,5,0,1.0,1.8531753379003888,4004.1365710498,Senior,-1,1,1
132846,0,0.646703322,48,0,3189.0,5400.0,11,0,3,0,0.0,0.5904462136641363,1275.9880219932002,Mid,-1,1,0
132859,0,0.179997907,50,0,4817.0,5400.0,12,0,4,0,0.0,0.8918718755785966,1926.9079987442,Mid,-1,1,0
132887,0,0.0,33,0,2768.0,5400.0,8,0,1,0,0.0,0.5124976856137752,1107.2,Mid,-1,1,0
132892,0,0.9999999,72,0,1654.0,5400.0,5,1,1,0,0.0,0.3062395852619885,662.19999994,Senior,-1,1,0
132905,0,0.496125406,60,0,4886.0,5400.0,10,0,1,0,0.0,0.9046472875393444,1954.6976752436,Senior,-1,1,0
132955,0,0.014249555,60,0,5852.0,5400.0,7,0,2,0,0.0,1.0835030549898168,2340.8085497330003,Senior,-1,1,0
132974,0,0.040805018,53,0,4241.0,5400.0,6,0,2,0,0.0,0.785224958341048,1696.4244830108,Senior,-1,1,0
132979,0,0.416900237,60,1,3119.0,5400.0,17,0,1,0,0.0,0.5774856508054064,1247.8501401422002,Senior,-1,1,0
132995,0,0.025232972,65,0,6340.0,5400.0,15,0,6,0,3.0,1.173856693204962,2536.0151397832,Senior,-1,1,0
132997,0,0.479213023,61,0,5136.0,5400.0,15,0,2,0,1.0,0.9509350120348083,2054.6875278138,Senior,-1,1,0
133016,0,0.045173133,44,0,3583.0,5400.0,10,0,1,0,0.0,0.6633956674689873,1433.2271038798,Mid,-1,1,0
133018,0,0.931841692,42,0,2501.0,5400.0,7,0,2,0,0.0,0.4630623958526199,1000.9591050152,Mid,-1,1,0
133019,0,0.009899505,47,0,10437.0,5400.0,7,0,4,0,0.0,1.932419922236623,4174.805939703,Mid,-1,1,1
133067,0,0.866834875,29,2,4936.0,5400.0,10,0,4,0,0.0,0.9139048324384372,1974.920100925,Young,-1,1,0
133116,0,0.305878456,47,0,3152.0,5400.0,11,0,1,0,1.0,0.5835956304388076,1260.9835270736005,Mid,-1,1,0
133145,1,0.979020979,58,2,2018.0,5400.0,6,0,1,1,0.0,0.3736345121273838,807.7874125874,Senior,-1,1,0
133170,0,0.9999999,32,0,174.5,1.0,1,1,0,0,0.0,87.25,70.39999994,Mid,-1,1,0
133172,0,0.065295152,40,0,3942.0,5400.0,11,0,2,0,1.0,0.7298648398444733,1576.8391770912,Mid,-1,1,0
133183,0,0.004385837,72,0,3004.0,5400.0,11,0,2,0,0.0,0.556193297537493,1201.6026315022002,Senior,-1,1,0
133212,0,0.074449077,50,0,4457.0,5400.0,13,0,5,0,0.0,0.8252175523051287,1782.8446694462002,Mid,-1,1,0
133223,0,0.9999999,49,0,2602.0,5400.0,4,0,1,0,0.0,0.4817626365487872,1041.39999994,Mid,-1,1,0
133233,0,0.0,52,0,4522.0,5400.0,9,0,1,0,2.0,0.8372523606739493,1808.8,Senior,-1,1,0
133235,0,0.9999999,62,1,1823.0,5400.0,5,2,1,0,0.0,0.3375300870209221,729.79999994,Senior,-1,1,0
133275,0,0.006547706,59,0,3570.0,5400.0,11,0,2,0,0.0,0.6609887057952231,1428.0039286236,Senior,-1,1,0
133310,0,0.013268999,55,0,6066.0,5400.0,7,0,2,0,0.0,1.1231253471579337,2426.4079613994,Senior,-1,1,0
133332,0,0.75927898,54,0,2933.0,5400.0,7,0,1,0,2.0,0.5430475837807813,1173.655567388,Senior,-1,1,0
133336,0,0.100106554,44,0,255.5,1.0,8,0,0,0,0.0,127.75,102.2600639324,Mid,-1,1,0
133337,0,0.01635755,37,1,3980.0,5400.0,7,0,2,0,0.0,0.7369005739677837,1592.00981453,Mid,-1,1,0
133344,0,0.9999999,40,2,1646.0,5400.0,3,0,1,0,2.0,0.3047583780781336,658.9999999400001,Mid,-1,1,0
133381,1,0.742673993,31,2,2909.0,5400.0,7,0,1,0,0.0,0.5386039622292168,1164.0456043958002,Mid,-1,1,0
133382,0,0.065308982,61,0,4138.0,5400.0,20,0,3,0,2.0,0.7661544158489169,1655.2391853892,Senior,-1,1,0
133408,0,0.991773439,38,0,2965.0,5400.0,8,0,1,0,0.0,0.5489724125162007,1186.5950640634,Mid,-1,1,0
133426,0,0.904474886,62,0,2691.0,5400.0,12,0,2,0,0.0,0.4982410664691724,1076.9426849316,Senior,-1,1,0
133428,0,0.935212957,32,1,1907.0,5400.0,5,0,2,0,2.0,0.3530827624513979,763.3611277742001,Mid,-1,1,0
133447,0,0.77595173,59,1,5541.0,5400.0,18,0,3,0,0.0,1.0259211257174596,2216.865571038,Senior,-1,1,0
133500,0,0.815110769,52,0,5268.0,5400.0,12,0,2,0,0.0,0.9753749305684132,2107.6890664614,Senior,-1,1,0
133504,0,0.067070937,73,1,3676.0,5400.0,9,0,1,0,0.0,0.6806147009812997,1470.4402425622002,Senior,-1,1,0
133522,0,0.239388331,47,0,8060.0,5400.0,13,0,2,0,0.0,1.492316237733753,3224.1436329986,Mid,-1,1,1
133560,0,0.17186264,38,0,3227.0,5400.0,12,0,2,0,0.0,0.5974819477874468,1290.9031175840005,Mid,-1,1,0
133570,0,0.9999999,54,0,2858.0,5400.0,3,0,1,0,0.0,0.5291612664321422,1143.79999994,Senior,-1,1,0
133607,0,0.524284836,46,0,3898.0,5400.0,10,0,1,0,0.0,0.7217182003332716,1559.5145709016,Mid,-1,1,0
133623,0,0.012293466,55,0,4694.0,5400.0,13,0,3,0,0.0,0.8690983151268283,1877.6073760796,Senior,-1,1,0
133637,0,0.9999999,26,0,537.0,5400.0,1,0,0,0,0.0,0.0994260322162562,215.39999994,Young,-1,1,0
133641,0,0.897839826,35,0,1588.0,5400.0,4,0,2,0,0.0,0.294019625995186,635.7387038956,Mid,-1,1,0
133663,0,0.0,49,0,5949.0,5400.0,12,0,3,0,1.0,1.101462692094057,2379.6,Mid,-1,1,0
133695,0,0.268727447,62,0,6402.0,5400.0,11,0,3,0,0.0,1.185336048879837,2560.9612364682,Senior,-1,1,0
133713,0,0.569184043,52,1,3233.0,5400.0,10,0,1,1,4.0,0.598592853175338,1293.5415104258,Senior,-1,1,0
133745,1,0.976047904,66,3,1742.0,5400.0,4,2,1,1,0.0,0.3225328642843917,697.3856287424001,Senior,-1,1,0
133763,0,0.071130962,33,0,3135.0,5400.0,5,0,2,0,0.0,0.5804480651731161,1254.0426785772,Mid,-1,1,0
133793,0,0.029983651,63,0,3630.0,5400.0,11,0,3,0,3.0,0.6720977596741344,1452.0179901906,Senior,-1,1,0
133844,0,0.9999999,65,0,1265.0,5400.0,1,0,1,0,0.0,0.2342158859470468,506.59999994,Senior,-1,1,0
133879,0,0.077757926,49,0,9245.0,5400.0,6,0,2,0,2.0,1.7117200518422515,3698.0466547556,Mid,-1,1,1
133894,0,0.9999999,68,0,3496.0,5400.0,5,0,2,0,0.0,0.6472875393445658,1398.9999999400002,Senior,-1,1,0
133899,0,0.043279898,37,0,3203.0,5400.0,4,0,1,0,0.0,0.5930383262358823,1281.2259679388,Mid,-1,1,0
133901,0,0.653758749,55,1,2697.0,5400.0,8,0,2,1,2.0,0.4993519718570635,1079.1922552494,Senior,-1,1,0
133919,0,0.293294419,36,0,3238.0,5400.0,16,0,2,0,2.0,0.5995186076652472,1295.3759766514002,Mid,-1,1,0
133936,0,0.019393594,63,0,3582.0,5400.0,8,0,1,0,0.0,0.6632105165710054,1432.8116361564005,Senior,-1,1,0
133939,0,0.721859938,57,0,2733.0,5400.0,7,0,1,0,1.0,0.5060174041844103,1093.6331159628,Senior,-1,1,0
133958,0,0.038357064,62,0,4142.0,5400.0,8,0,4,0,0.0,0.7668950194408443,1656.8230142384002,Senior,-1,1,0
134006,1,0.9999999,21,0,307.0,5400.0,0,0,0,0,0.0,0.0568413256804295,123.39999994,Young,-1,1,0
134009,0,0.36717017,70,0,2673.0,5400.0,15,0,2,0,0.0,0.4949083503054989,1069.420302102,Senior,-1,1,0
134012,0,0.500077949,70,0,3837.0,5400.0,8,1,1,0,0.0,0.7104239955563785,1535.1000467694005,Senior,-1,1,0
134013,0,0.099132456,69,0,163.5,1.0,8,0,0,0,0.0,81.75,65.45947947360001,Senior,-1,1,0
134046,0,0.0,62,0,5935.0,5400.0,6,0,1,0,0.0,1.0988705795223106,2374.0,Senior,-1,1,0
134059,0,0.830751882,50,1,4165.0,5400.0,24,0,1,0,0.0,0.7711534900944269,1666.4984511292,Mid,-1,1,0
134143,0,0.370555219,51,0,2761.0,5400.0,12,0,2,0,2.0,0.5112016293279023,1104.6223331314002,Senior,-1,1,0
134170,0,0.0,66,0,4629.0,5400.0,9,0,2,0,0.0,0.8570635067580078,1851.6,Senior,-1,1,0
134180,0,0.355574544,55,0,3184.0,5400.0,16,0,2,0,0.0,0.589520459174227,1273.8133447264,Senior,-1,1,0
134198,0,0.084087751,58,3,3975.0,5400.0,18,0,2,0,2.0,0.7359748194778745,1590.0504526506,Senior,-1,1,0
134204,0,0.185101862,40,2,2983.0,5400.0,6,0,1,0,0.0,0.5523051286798741,1193.3110611172,Mid,-1,1,0
134208,0,0.021019683,65,0,4143.0,5400.0,20,0,2,0,0.0,0.7670801703388261,1657.2126118098,Senior,-1,1,0
134252,0,0.18218096,45,0,3600.0,5400.0,10,0,1,0,0.0,0.6665432327346787,1440.109308576,Mid,-1,1,0
134280,0,0.766222578,31,0,2349.0,5400.0,12,0,1,0,0.0,0.4349194593593778,940.0597335468,Mid,-1,1,0
134388,0,0.49123345,51,1,5481.0,5400.0,11,0,3,0,0.0,1.0148120718385485,2192.69474007,Senior,-1,1,0
134405,0,0.689688756,75,0,0.1199984,75000.0,19,0,4,0,0.0,1.5999573339022149e-06,0.4618126136,Senior,-1,1,1
134415,0,0.225959718,73,0,2817.0,5400.0,17,0,2,0,0.0,0.5215700796148861,1126.9355758308,Senior,-1,1,0
134461,0,0.011332389,36,0,4119.0,5400.0,7,0,2,0,0.0,0.7626365487872616,1647.6067994334,Mid,-1,1,0
134462,0,0.013928074,52,0,3701.0,5400.0,4,0,2,0,0.0,0.6852434734308461,1480.4083568444,Senior,-1,1,0
134542,0,0.0,42,1,3122.0,5400.0,11,0,3,0,0.0,0.578041103499352,1248.8000000000002,Mid,-1,1,0
134568,0,0.666762507,37,0,4629.0,5400.0,7,0,2,0,0.0,0.8570635067580078,1852.0000575042,Mid,-1,1,0
134576,0,0.9999999,23,0,25.0,1.0,2,0,0,0,0.0,12.5,10.59999994,Young,-1,1,0
134577,0,0.288910043,41,1,1192.0,1.0,7,0,2,1,2.0,596.0,476.9733460258,Mid,-1,1,1
134668,0,0.916291273,33,0,1507.0,5400.0,12,0,0,0,0.0,0.2790224032586558,603.3497747638,Mid,-1,1,0
134690,0,0.000156519,58,0,4824.0,5400.0,12,0,5,0,0.0,0.8931679318644695,1929.6000939114,Senior,-1,1,0
134711,1,0.658442331,35,4,3295.0,5400.0,10,0,1,0,2.0,0.610072208850213,1318.3950653986,Mid,-1,1,0
134722,0,0.9999999,60,0,4124.0,5400.0,6,0,2,0,1.0,0.7635623032771709,1650.1999999400002,Senior,-1,1,0
134753,0,0.977522865,48,1,3559.0,5400.0,5,0,1,0,3.0,0.6589520459174227,1424.1865137190002,Mid,-1,1,0
134757,1,0.29403892,39,0,2828.0,5400.0,13,0,1,0,0.0,0.5236067394926865,1131.376423352,Mid,-1,1,0
134763,0,0.471434333,77,0,9898.0,5400.0,20,0,4,0,0.0,1.8326235882244029,3959.482860599801,Senior,-1,1,1
134764,0,0.13920477,64,0,4177.0,5400.0,10,0,3,0,0.0,0.7733753008702092,1670.8835228620003,Senior,-1,1,0
134779,0,0.009663446,51,0,4609.0,5400.0,8,0,3,0,0.0,0.8533604887983707,1843.6057980676,Senior,-1,1,0
134795,0,0.148406817,54,0,4941.0,5400.0,19,0,3,0,1.0,0.9148305869283466,1976.4890440902,Senior,-1,1,0
134820,0,0.9999999,83,0,1007.0,5400.0,2,0,1,0,0.0,0.1864469542677282,403.39999994,Senior,-1,1,0
134827,0,0.63881531,71,0,2642.0,5400.0,9,0,1,0,0.0,0.4891686724680614,1057.183289186,Senior,-1,1,0
134831,0,0.9999999,46,0,1782.0,5400.0,2,0,1,0,0.0,0.329938900203666,713.39999994,Mid,-1,1,0
134864,0,0.0,45,1,4047.0,5400.0,4,0,3,0,1.0,0.749305684132568,1618.8000000000002,Mid,-1,1,0
134871,0,0.092345848,53,1,4144.0,5400.0,5,0,2,0,0.0,0.767265321236808,1657.6554075088002,Senior,-1,1,0
134885,0,0.954624605,62,5,6683.0,5400.0,11,0,1,0,0.0,1.2373634512127385,2673.772774763,Senior,-1,1,1
134932,0,0.950828225,51,1,3413.0,5400.0,4,0,1,0,1.0,0.6319200148120718,1365.770496935,Senior,-1,1,0
134938,0,0.103244189,57,0,4299.0,5400.0,13,0,2,0,1.0,0.7959637104239956,1719.6619465134002,Senior,-1,1,0
135000,1,0.910224439,42,5,1729.0,5400.0,5,2,0,0,0.0,0.3201259026106277,692.1461346634001,Mid,-1,1,0
135021,0,0.102844639,43,0,3258.0,5400.0,5,0,1,0,0.0,0.6032216256248842,1303.2617067834,Mid,-1,1,0
135051,0,0.9999999,30,0,2146.0,5400.0,2,0,2,2,1.0,0.3973338270690613,858.9999999400001,Young,-1,1,0
135089,0,0.07986192,65,0,7556.0,5400.0,19,0,4,0,0.0,1.399000185150898,3022.447917152,Senior,-1,1,1
135104,0,0.561911459,50,1,6046.0,5400.0,12,0,3,0,0.0,1.1194223291982963,2418.7371468754,Mid,-1,1,0
135108,0,0.443357716,46,0,3982.0,5400.0,5,0,1,0,0.0,0.7372708757637475,1593.0660146296002,Mid,-1,1,0
135116,0,0.577904651,40,0,5461.0,5400.0,12,0,2,0,2.0,1.0111090538789114,2184.7467427906,Mid,-1,1,0
135132,0,0.268150646,55,0,3406.0,5400.0,7,0,2,0,1.0,0.6306239585261989,1362.5608903876,Senior,-1,1,0
135180,0,0.9999999,27,0,509.0,5400.0,1,0,0,0,0.0,0.0942418070727643,204.19999994000003,Young,-1,1,0
135186,0,0.626215799,33,0,2824.0,5400.0,5,0,1,0,3.0,0.5228661359007591,1129.9757294794,Mid,-1,1,0
135205,1,0.9999999,71,2,2218.0,5400.0,7,3,1,0,0.0,0.4106646917237548,887.79999994,Senior,-1,1,0
135241,0,0.499950005,28,0,2518.0,5400.0,7,0,2,0,0.0,0.4662099611183114,1007.499970003,Young,-1,1,0
135248,0,0.003124783,31,0,6670.0,5400.0,3,0,1,0,0.0,1.2349564895389742,2668.0018748698,Mid,-1,1,1
135347,0,0.85834552,48,1,2270.0,5400.0,10,0,1,0,0.0,0.4202925384188113,908.515007312,Mid,-1,1,0
135350,0,0.75724855,51,5,2245.0,5400.0,5,1,1,0,0.0,0.4156637659692649,898.45434913,Senior,-1,1,0
135362,0,0.00025333,55,0,4557.0,5400.0,7,0,1,0,0.0,0.8437326421033142,1822.8001519980005,Senior,-1,1,0
135369,0,0.028586116,66,0,3429.0,5400.0,13,0,2,0,0.0,0.6348824291797815,1371.6171516696002,Senior,-1,1,0
135405,0,0.001230675,52,0,4461.0,5400.0,10,0,4,0,0.0,0.8259581558970561,1784.400738405,Senior,-1,1,0
135408,0,0.425549348,65,0,3346.0,5400.0,14,0,3,0,1.0,0.6195149046472875,1338.6553296088,Senior,-1,1,0
135420,0,0.630378074,38,0,3486.0,5400.0,11,0,2,0,0.0,0.6454360303647473,1394.7782268444,Mid,-1,1,0
135425,0,0.951364689,57,0,3803.0,5400.0,10,0,1,0,0.0,0.7041288650249954,1521.7708188134,Senior,-1,1,0
135430,0,0.028161401,53,0,3664.0,5400.0,5,0,1,0,0.0,0.6783928902055175,1465.6168968406002,Senior,-1,1,0
135435,0,0.049770233,67,0,5773.0,5400.0,18,0,2,0,0.0,1.06887613404925,2309.2298621398004,Senior,-1,1,0
135438,0,0.477776755,49,0,2965.0,5400.0,12,0,2,0,0.0,0.5489724125162007,1186.286666053,Mid,-1,1,0
135449,1,0.042751629,62,0,3818.0,5400.0,14,0,3,0,0.0,0.7069061284947232,1527.2256509774,Senior,-1,1,0
135505,0,0.4337127,56,0,4280.0,5400.0,14,0,1,0,0.0,0.7924458433623403,1712.26022762,Senior,-1,1,0
135507,0,0.015078886,41,0,1413.5,1.0,10,0,3,0,3.0,706.75,565.4090473315999,Mid,-1,1,1
135515,0,0.976006855,43,0,2940.0,5400.0,9,1,2,0,0.0,0.5443436400666544,1176.585604113,Mid,-1,1,0
135543,0,0.239369201,45,0,4972.0,5400.0,8,0,2,0,2.0,0.920570264765784,1988.9436215206,Mid,-1,1,0
135586,0,0.460357801,52,0,2690.0,5400.0,14,0,2,0,0.0,0.4980559155711905,1076.2762146806,Senior,-1,1,0
135600,0,0.510594515,36,0,273.0909091,10.0,12,0,1,0,0.0,24.82644628181818,109.542720349,Mid,-1,1,0
135623,0,0.160950435,36,0,442.5,1.0,11,0,1,0,0.0,221.25,177.096570261,Mid,-1,1,0
135638,0,0.9999999,45,1,1745.0,5400.0,3,0,2,0,0.0,0.3230883169783373,698.59999994,Mid,-1,1,0
135664,0,0.023332859,80,0,3173.0,5400.0,9,0,2,0,0.0,0.5874837992964266,1269.2139997154,Senior,-1,1,0
135679,0,0.180566765,46,0,1774.5,1.0,12,0,1,0,0.0,887.25,709.9083400590001,Mid,-1,1,1
135691,0,0.0,48,0,5043.0,5400.0,3,0,2,0,0.0,0.933715978522496,2017.2,Mid,-1,1,0
135708,0,0.874777595,55,0,5425.0,5400.0,21,0,1,0,0.0,1.0044436215515646,2170.524866557,Senior,-1,1,0
135715,0,0.828216716,60,3,8460.0,5400.0,11,0,2,1,0.0,1.5663765969264951,3384.4969300296,Senior,-1,1,1
135729,0,0.174482552,28,0,26.0,1.0,1,0,0,0,0.0,13.0,10.5046895312,Young,-1,1,0
135762,0,0.243420777,40,0,3704.0,5400.0,4,0,2,0,2.0,0.6857989261247917,1481.7460524662,Mid,-1,1,0
135784,0,0.9999999,75,0,516.0,5400.0,1,0,1,0,0.0,0.0955378633586372,206.99999994,Senior,-1,1,0
135793,0,0.535520921,65,0,3998.0,5400.0,9,0,2,0,0.0,0.7402332901314571,1599.5213125526,Senior,-1,1,0
135833,0,0.579669667,65,0,4289.0,5400.0,7,0,1,0,1.0,0.794112201444177,1715.9478018002,Senior,-1,1,0
135844,0,0.249717757,48,0,3750.0,5400.0,7,0,3,0,0.0,0.6943158674319571,1500.1498306542,Mid,-1,1,0
135907,0,0.0,66,0,4347.0,5400.0,10,0,2,0,0.0,0.8048509535271247,1738.8000000000002,Senior,-1,1,0
135912,0,0.013297058,44,1,3139.0,5400.0,8,0,1,0,0.0,0.5811886687650435,1255.6079782348002,Mid,-1,1,0
135919,0,0.867123229,75,0,3760.0,5400.0,11,0,1,0,0.0,0.6961673764117756,1504.5202739374,Senior,-1,1,0
135931,0,0.953603093,49,0,2585.0,5400.0,6,0,1,0,2.0,0.4786150712830957,1034.5721618558,Mid,-1,1,0
135933,0,0.046337532,76,0,3841.0,5400.0,10,0,2,0,0.0,0.7111645991483059,1536.4278025192,Senior,-1,1,0
135950,0,0.015878544,53,0,5516.0,5400.0,16,0,1,0,4.0,1.0212923532679137,2206.4095271264,Senior,-1,1,0
135954,0,0.154421218,73,0,3768.0,5400.0,3,0,2,0,0.0,0.6976485835956304,1507.2926527308,Senior,-1,1,0
135986,0,0.742953754,66,0,5340.0,5400.0,14,0,2,0,0.0,0.9887057952231068,2136.4457722524,Senior,-1,1,0
135999,0,0.136637267,37,0,102.0,1.0,11,0,0,0,4.0,51.0,40.881982360200006,Mid,-1,1,0
136077,0,0.501954157,30,0,5696.0,1.0,5,0,1,0,3.0,2848.0,2278.7011724942,Young,-1,1,1
136089,0,0.174040371,66,0,10050.0,5400.0,8,0,3,0,0.0,1.8607665247176448,4020.1044242226,Senior,-1,1,1
136109,0,0.124840122,43,0,1079.0,1.0,14,0,2,0,1.0,539.5,431.6749040732,Mid,-1,1,1
136192,0,0.508777003,49,0,5566.0,5400.0,21,0,3,0,0.0,1.030549898167006,2226.7052662018,Mid,-1,1,0
136194,0,0.9999999,60,1,3859.0,5400.0,8,0,5,0,0.0,0.7144973153119792,1544.1999999400002,Senior,-1,1,0
136266,0,0.606590818,57,0,2590.0,5400.0,11,0,2,0,0.0,0.479540825773005,1036.3639544908,Senior,-1,1,0
136278,0,0.02610418,66,0,5379.0,5400.0,38,0,2,0,0.0,0.9959266802443992,2151.615662508,Senior,-1,1,0
136281,0,0.433657628,63,0,5983.0,5400.0,19,0,3,0,1.0,1.1077578226254396,2393.4601945768004,Senior,-1,1,0
136317,0,0.804787516,48,5,4675.0,5400.0,15,1,2,1,0.0,0.8655804480651731,1870.4828725096,Mid,-1,1,0
136339,0,0.036396345,78,0,2196.0,5400.0,10,0,2,0,0.0,0.406591371968154,878.4218378070001,Senior,-1,1,0
136349,0,0.202675392,60,0,5315.0,5400.0,11,0,3,0,0.0,0.9840770227735604,2126.1216052352,Senior,-1,1,0
136352,0,0.862075862,27,0,795.0,5400.0,3,0,0,0,0.0,0.1471949638955749,318.5172455172,Young,-1,1,0
136355,0,0.754424316,70,0,4940.0,5400.0,6,0,2,0,2.0,0.9146454360303647,1976.4526545896,Senior,-1,1,0
136361,0,0.415528157,27,0,19.5,1.0,1,0,0,0,0.0,9.75,8.0493168942,Young,-1,1,0
136368,0,0.759762089,66,0,2413.0,5400.0,9,0,1,0,1.0,0.4467691168302166,965.6558572534,Senior,-1,1,0
136387,0,0.223986831,50,2,3795.0,5400.0,12,0,3,0,0.0,0.7026476578411406,1518.1343920986,Mid,-1,1,0
136437,0,0.0,55,0,6581.0,5400.0,9,0,4,0,3.0,1.2184780596185891,2632.4,Senior,-1,1,1
136451,0,0.133681447,37,0,3932.0,5400.0,23,0,1,0,0.0,0.7280133308646547,1572.8802088682005,Mid,-1,1,0
136507,0,0.792427676,59,0,2992.0,5400.0,6,0,1,0,0.0,0.5539714867617108,1197.2754566056,Senior,-1,1,0
136518,0,0.141905424,37,0,2826.0,5400.0,8,0,2,0,1.0,0.5232364376967228,1130.4851432544,Mid,-1,1,0
136526,0,0.411846784,69,0,3305.0,5400.0,14,0,1,0,2.0,0.6119237178300315,1322.2471080704,Senior,-1,1,0
136532,0,0.220524408,55,0,4130.0,5400.0,33,0,1,0,3.0,0.764673208665062,1652.1323146448,Senior,-1,1,0
136550,0,0.981317428,53,1,2687.0,5400.0,5,0,1,0,0.0,0.497500462877245,1075.3887904568,Senior,-1,1,0
136576,0,0.9999999,55,3,2789.0,5400.0,4,1,2,1,0.0,0.5163858544713942,1116.1999999400002,Senior,-1,1,0
136577,0,0.215007808,42,0,3648.0,5400.0,8,0,2,0,0.0,0.6754304758378078,1459.3290046848,Mid,-1,1,0
136597,1,0.9999999,36,0,929.0,5400.0,2,0,0,0,0.0,0.1720051842251435,372.19999994,Mid,-1,1,0
136628,0,0.000475402,36,0,3737.0,5400.0,16,0,1,0,0.0,0.691908905758193,1494.8002852412,Mid,-1,1,0
136637,0,0.740330387,64,1,3088.0,5400.0,4,0,1,0,0.0,0.5717459729679689,1235.6441982322,Senior,-1,1,0
136685,0,0.636452594,74,0,2004.0,5400.0,10,0,2,0,0.0,0.3710423995556378,801.9818715564,Senior,-1,1,0
136693,0,0.440121598,38,0,2793.0,5400.0,13,0,3,0,4.0,0.5171264580633216,1117.4640729588,Mid,-1,1,0
136721,1,0.892837313,34,1,4195.0,5400.0,8,1,2,0,0.0,0.7767080170338826,1678.5357023878,Mid,-1,1,0
136771,0,0.9999999,35,4,1384.0,5400.0,9,1,2,2,2.0,0.2562488428068876,554.19999994,Mid,-1,1,0
136800,0,0.600006168,40,0,5572.0,5400.0,6,0,2,0,2.0,1.0316608035548973,2229.1600037008,Mid,-1,1,0
136810,0,0.219654499,63,1,3511.0,5400.0,12,0,2,0,0.0,0.6500648028142937,1404.5317926994,Senior,-1,1,0
136819,1,0.595822686,62,4,2941.0,5400.0,9,7,1,2,0.0,0.5445287909646361,1176.7574936116,Senior,-1,1,0
136835,0,0.085725714,64,0,6114.0,5400.0,9,0,3,0,0.0,1.1320125902610627,2445.6514354284,Senior,-1,1,0
136858,0,0.005280825,57,0,5706.0,5400.0,11,0,3,0,0.0,1.056471023884466,2282.403168495,Senior,-1,1,0
136872,1,0.9999999,27,0,466.0,5400.0,1,0,0,1,0.0,0.0862803184595445,186.99999994,Young,-1,1,0
136892,0,0.043906326,51,0,5341.0,5400.0,14,0,2,0,0.0,0.9888909461210886,2136.4263437956,Senior,-1,1,0
136936,0,0.037508268,64,0,5007.0,5400.0,13,0,1,0,0.0,0.927050546195149,2002.8225049608,Senior,-1,1,0
136963,0,0.9999999,58,0,1735.0,5400.0,4,4,2,0,0.0,0.3212368079985188,694.59999994,Senior,-1,1,0
137035,0,0.9999999,31,1,2327.0,5400.0,4,0,1,0,0.0,0.4308461396037771,931.39999994,Mid,-1,1,0
137056,0,0.9999999,38,0,2084.0,5400.0,7,0,2,0,2.0,0.3858544713941862,834.19999994,Mid,-1,1,0
137080,0,0.525895885,67,0,9153.0,5400.0,19,0,4,0,0.0,1.6946861692279207,3661.515537531,Senior,-1,1,1
137089,0,0.128553064,32,0,2904.0,5400.0,4,0,2,0,0.0,0.5376782077393075,1161.6771318384,Mid,-1,1,0
137090,0,0.150945232,48,1,4618.0,5400.0,8,0,1,0,2.0,0.8550268468802074,1847.2905671392,Mid,-1,1,0
137139,0,0.078325915,42,0,5850.0,5400.0,6,0,1,0,0.0,1.083132753193853,2340.046995549,Mid,-1,1,0
137143,0,0.054417701,60,0,5301.0,5400.0,9,0,2,0,3.0,0.9814849102018144,2120.4326506206003,Senior,-1,1,0
137144,0,0.0,63,0,8978.0,5400.0,16,0,3,0,0.0,1.662284762081096,3591.2000000000003,Senior,-1,1,1
137191,0,0.710675906,44,0,2204.0,5400.0,5,0,1,0,2.0,0.4080725791520089,882.0264055436,Mid,-1,1,0
137212,0,0.9999999,36,1,1341.0,5400.0,7,3,0,0,0.0,0.2482873541936678,536.99999994,Mid,-1,1,0
137218,0,0.233163462,48,0,3975.0,5400.0,19,0,2,0,1.0,0.7359748194778745,1590.1398980772,Mid,-1,1,0
137249,0,0.150372371,38,0,5198.0,5400.0,13,0,2,0,0.0,0.9624143677096834,2079.2902234226003,Mid,-1,1,0
137253,0,0.9999999,61,0,5944.0,5400.0,6,0,2,0,0.0,1.1005369376041474,2378.19999994,Senior,-1,1,0
137272,0,0.9999999,66,0,3440.0,5400.0,8,1,4,0,0.0,0.6369190890575819,1376.59999994,Senior,-1,1,0
137313,0,0.628356577,53,1,4836.0,5400.0,14,0,2,0,1.0,0.8953897426402518,1934.7770139462,Senior,-1,1,0
137320,0,0.056498588,73,0,3730.0,5400.0,3,0,2,0,0.0,0.6906128494723199,1492.0338991528,Senior,-1,1,0
137330,0,0.0,64,0,5683.0,5400.0,8,0,3,0,0.0,1.0522125532308833,2273.2000000000003,Senior,-1,1,0
137339,0,0.565191818,25,1,155.5,1.0,9,0,0,0,0.0,77.75,62.5391150908,Young,-1,1,0
137341,0,0.125748503,35,0,3400.0,5400.0,4,0,3,0,0.0,0.6295130531383077,1360.0754491018,Mid,-1,1,0
137344,0,0.9999999,57,0,2742.0,5400.0,5,0,1,0,0.0,0.507683762266247,1097.39999994,Senior,-1,1,0
137352,0,0.384599884,50,0,11318.0,5400.0,19,0,4,0,2.0,2.0955378633586372,4527.4307599304,Mid,-1,1,1
137354,0,0.555563941,55,3,7838.0,5400.0,9,0,4,0,2.0,1.4512127383817812,3135.5333383646,Senior,-1,1,1
137367,0,0.160558237,56,0,4004.0,5400.0,6,0,2,0,0.0,0.7413441955193483,1601.6963349422,Senior,-1,1,0
137372,0,0.975145828,78,0,4434.0,5400.0,20,0,2,0,0.0,0.820959081651546,1774.1850874968002,Senior,-1,1,0
137388,0,0.915817933,61,0,7697.0,5400.0,13,0,2,0,0.0,1.4251064617663396,3079.3494907598,Senior,-1,1,1
137410,0,0.463947846,60,0,4140.0,5400.0,11,0,1,0,1.0,0.7665247176448806,1656.2783687076,Senior,-1,1,0
137416,0,0.537604244,39,0,5747.0,5400.0,10,0,4,0,1.0,1.064062210701722,2299.1225625464003,Mid,-1,1,0
137441,0,0.41051179,53,0,4486.0,5400.0,13,0,1,0,0.0,0.8305869283466025,1794.646307074,Senior,-1,1,0
137445,0,0.9999999,29,0,2083.0,5400.0,2,0,1,0,0.0,0.3856693204962044,833.79999994,Young,-1,1,0
137448,0,0.738456353,39,0,2386.0,5400.0,7,0,1,0,0.0,0.4417700425847065,954.8430738118,Mid,-1,1,0
137450,0,0.516440619,69,0,0.356408045,80000.0,22,0,6,0,1.0,4.455044874439069e-06,0.4524275894,Senior,-1,1,1
137477,0,0.585507246,34,0,5606.0,5400.0,7,0,1,0,0.0,1.0379559340862805,2242.7513043476,Mid,-1,1,0
137489,0,0.816136806,51,0,4203.0,5400.0,22,0,2,0,0.0,0.7781892242177375,1681.6896820836,Senior,-1,1,0
137514,0,0.274725275,56,0,7853.0,5400.0,6,0,4,0,0.0,1.453990001851509,3141.3648351650004,Senior,-1,1,1
137531,0,0.963981766,68,0,9670.0,5400.0,23,0,2,0,0.0,1.79040918348454,3868.5783890596,Senior,-1,1,1
137532,0,0.639791572,46,0,3178.0,5400.0,6,0,2,0,1.0,0.5884095537863359,1271.5838749432,Mid,-1,1,0
137553,0,0.019886834,89,0,2852.0,5400.0,6,0,2,0,0.0,0.5280503610442511,1140.8119321004,Senior,-1,1,0
137554,0,0.646612869,34,0,4802.0,5400.0,4,0,2,0,0.0,0.8890946121088688,1921.1879677214,Mid,-1,1,0
137555,0,0.117613575,61,0,3390.0,5400.0,9,0,1,0,0.0,0.6276615441584892,1356.070568145,Senior,-1,1,0
137581,1,0.619529871,50,2,3163.0,5400.0,11,0,1,0,0.0,0.585632290316608,1265.5717179226,Mid,-1,1,0
137588,0,0.9999999,32,0,708.0,5400.0,3,0,0,0,0.0,0.1310868357711535,283.79999993999996,Mid,-1,1,0
137608,0,0.961575961,37,4,3111.0,5400.0,10,0,1,0,0.0,0.5760044436215516,1244.9769455766002,Mid,-1,1,0
137613,0,0.030781008,66,0,3280.0,5400.0,9,0,1,0,0.0,0.6072949453804851,1312.0184686048,Senior,-1,1,0
137634,0,0.376825766,50,1,15123.0,5400.0,18,0,9,0,0.0,2.8000370301795963,6049.426095459601,Mid,-1,1,1
137674,0,0.9999999,47,0,2715.0,5400.0,5,0,1,0,0.0,0.5026846880207368,1086.59999994,Mid,-1,1,0
137715,0,0.06938413,57,0,5851.0,5400.0,24,0,2,0,0.0,1.0833179040918348,2340.441630478,Senior,-1,1,0
137732,0,0.888252805,27,0,674.0,5400.0,4,0,0,0,0.0,0.1247917052397704,270.13295168300004,Young,-1,1,0
137758,0,0.007849608,43,0,3844.0,5400.0,4,0,1,0,1.0,0.7117200518422514,1537.6047097648002,Mid,-1,1,0
137772,1,0.684755471,83,1,1494.0,5400.0,26,0,0,1,0.0,0.2766154415848917,598.0108532826,Senior,-1,1,0
137785,0,0.865347798,46,0,4426.0,5400.0,8,0,2,0,2.0,0.8194778744676912,1770.9192086788,Mid,-1,1,0
137809,0,0.075956962,63,0,3871.0,5400.0,6,0,1,0,0.0,0.7167191260877616,1548.4455741772,Senior,-1,1,0
137815,0,0.0,61,0,3305.0,5400.0,7,0,2,0,3.0,0.6119237178300315,1322.0,Senior,-1,1,0
137820,0,0.815059962,53,0,2716.0,5400.0,11,0,1,0,0.0,0.5028698389187187,1086.8890359772,Senior,-1,1,0
137844,0,0.0,55,0,5177.0,5400.0,9,0,3,0,0.0,0.9585261988520644,2070.8,Senior,-1,1,0
137860,0,0.82913034,29,0,4023.0,5400.0,10,0,1,0,0.0,0.7448620625810035,1609.697478204,Young,-1,1,0
137875,0,0.982275439,46,3,1713.0,5400.0,11,0,1,0,0.0,0.3171634882429179,685.7893652634001,Mid,-1,1,0
137895,0,0.943353538,74,0,1014.0,5400.0,8,0,0,0,0.0,0.1877430105536011,406.1660121228,Senior,-1,1,0
137940,0,0.0,42,0,4066.0,5400.0,5,0,1,0,0.0,0.7528235511942233,1626.4,Mid,-1,1,0
137954,0,0.532611376,59,0,3229.0,5400.0,6,0,1,0,0.0,0.5978522495834104,1291.9195668256002,Senior,-1,1,0
137964,0,0.482664589,48,1,2789.0,5400.0,5,0,2,0,2.0,0.5163858544713942,1115.8895987534002,Mid,-1,1,0
137967,0,0.389932463,67,0,3536.0,5400.0,10,0,2,0,0.0,0.65469357526384,1414.6339594778,Senior,-1,1,0
137968,0,0.291595694,74,4,4812.0,5400.0,24,0,2,0,0.0,0.8909461210886873,1924.9749574164,Senior,-1,1,0
137973,0,0.646653037,55,1,4584.0,5400.0,13,0,2,0,0.0,0.8487317163488243,1833.9879918222,Senior,-1,1,0
138023,0,0.0,72,0,3368.0,5400.0,6,0,1,0,0.0,0.6235882244028883,1347.2,Senior,-1,1,0
138063,0,0.395045863,54,0,4824.0,5400.0,15,0,2,0,0.0,0.8931679318644695,1929.8370275178,Senior,-1,1,0
138071,0,0.006187593,63,0,14336.0,5400.0,19,0,9,0,0.0,2.654323273467876,5734.403712555801,Senior,-1,1,1
138094,0,0.564682784,54,0,3537.0,5400.0,10,0,1,0,0.0,0.6548787261618219,1415.1388096704002,Senior,-1,1,0
138123,0,0.142295773,63,0,3470.0,5400.0,7,0,2,0,0.0,0.6424736159970376,1388.0853774638,Senior,-1,1,0
138129,0,0.005300166,54,0,4517.0,5400.0,9,0,2,0,2.0,0.83632660618404,1806.8031800996,Senior,-1,1,0
138174,0,0.053263287,44,0,3428.0,5400.0,13,0,2,0,0.0,0.6346972782817997,1371.2319579722,Mid,-1,1,0
138179,0,0.0,55,0,5244.0,5400.0,7,0,1,0,1.0,0.9709313090168488,2097.6,Senior,-1,1,0
138221,0,0.458134434,48,0,3715.0,5400.0,6,0,1,0,0.0,0.6878355860025921,1486.2748806604,Mid,-1,1,0
138228,0,0.668691037,56,0,3409.0,5400.0,8,0,2,0,0.0,0.6311794112201444,1364.0012146222002,Senior,-1,1,0
138266,1,0.9999999,61,2,1290.0,5400.0,3,1,1,2,6.0,0.2388446583965932,516.59999994,Senior,-1,1,0
138270,0,0.323395755,60,0,3870.0,5400.0,20,0,3,0,0.0,0.7165339751897797,1548.194037453,Senior,-1,1,0
138278,0,0.083685757,55,0,5901.0,5400.0,10,0,2,0,3.0,1.0925754489909276,2360.4502114542,Senior,-1,1,0
138299,0,0.955908867,68,2,2151.0,5400.0,7,0,1,0,0.0,0.3982595815589705,860.9735453202001,Senior,-1,1,0
138304,0,0.096353295,79,0,305.0,1.0,6,1,0,0,0.0,152.5,122.057811977,Senior,-1,1,0
138328,0,0.717069999,63,0,4670.0,5400.0,11,0,2,0,0.0,0.8646546935752638,1868.4302419994,Senior,-1,1,0
138345,0,0.566972993,46,0,12060.0,5400.0,18,0,4,0,0.0,2.232919829661174,4824.3401837958,Mid,-1,1,1
138349,0,0.9999999,71,0,1779.0,5400.0,6,0,1,0,0.0,0.3293834475097204,712.19999994,Senior,-1,1,0
138356,0,0.032141621,62,0,5411.0,5400.0,14,0,2,0,0.0,1.0018515089798186,2164.4192849726,Senior,-1,1,0
138364,0,0.043494167,51,0,587.0,1.0,4,0,1,0,0.0,293.5,234.8260965002,Senior,-1,1,1
138365,0,0.684382577,44,0,9316.0,5400.0,17,0,4,0,1.0,1.7248657655989632,3726.8106295462,Mid,-1,1,1
138380,1,0.673326673,41,0,3024.0,5400.0,5,0,2,0,0.0,0.5598963154971301,1210.0039960038002,Mid,-1,1,0
138423,0,0.382755329,63,0,6178.0,5400.0,7,0,2,0,0.0,1.1438622477319016,2471.4296531974,Senior,-1,1,0
138435,0,0.766769436,40,0,2013.0,5400.0,7,1,1,1,0.0,0.3727087576374745,805.6600616616,Mid,-1,1,0
138501,0,0.093736852,72,0,7594.0,5400.0,12,0,4,0,0.0,1.4060359192742085,3037.6562421112003,Senior,-1,1,1
138620,1,0.763447024,59,5,5733.0,5400.0,15,0,1,0,0.0,1.0614700981299758,2293.6580682144004,Senior,-1,1,0
138759,1,0.030282708,54,0,3775.0,5400.0,12,0,2,0,0.0,0.6989446398815035,1510.0181696248,Senior,-1,1,0
138761,1,0.825253664,61,0,2483.0,5400.0,15,0,0,0,1.0,0.4597296796889465,993.6951521984,Senior,-1,1,0
138773,0,0.271247046,47,0,1115.0,1.0,9,0,2,0,2.0,557.5,446.1627482276,Mid,-1,1,1
138795,0,0.154135642,59,0,3236.0,5400.0,9,0,2,0,0.0,0.5991483058692835,1294.4924813852,Senior,-1,1,0
138906,0,0.394450694,67,0,4882.0,5400.0,6,0,1,0,0.0,0.9039066839474172,1953.0366704164005,Senior,-1,1,0
138908,0,0.088539015,55,0,4291.0,5400.0,19,1,1,0,1.0,0.7944825032401407,1716.453123409,Senior,-1,1,0
138945,0,0.9999999,42,0,2818.0,5400.0,6,0,2,0,0.0,0.521755230512868,1127.79999994,Mid,-1,1,0
138993,0,0.066192933,58,0,3554.0,5400.0,11,0,4,0,0.0,0.6580262914275135,1421.6397157598,Senior,-1,1,0
139016,1,0.065893411,34,0,4127.0,5400.0,5,0,3,0,0.0,0.7641177559711164,1650.8395360466002,Mid,-1,1,0
139017,0,0.079136027,33,0,3553.0,5400.0,7,0,2,0,0.0,0.6578411405295316,1421.2474816162,Mid,-1,1,0
139023,0,0.352215928,26,0,15.5,1.0,2,0,0,0,0.0,7.75,6.4113295568,Young,-1,1,0
139026,0,0.807907531,30,0,2118.0,5400.0,5,0,2,0,0.0,0.3921496019255693,847.6847445186,Young,-1,1,0
139057,0,0.57973908,45,0,3009.0,5400.0,9,0,1,0,1.0,0.5571190520274023,1203.9478434480002,Mid,-1,1,0
139058,0,0.0,34,0,4388.0,5400.0,17,0,3,0,0.0,0.8124421403443807,1755.2,Mid,-1,1,0
139078,0,0.095498173,44,1,5756.0,5400.0,12,0,3,0,1.0,1.0657285687835587,2302.4572989038,Mid,-1,1,0
139084,0,0.032108029,49,0,1356.0,1.0,11,0,2,0,0.0,678.0,542.4192648174,Mid,-1,1,1
139088,0,0.631670032,34,0,2317.0,5400.0,5,0,1,0,2.0,0.4289946306239585,927.1790020192,Mid,-1,1,0
139092,0,0.847159235,31,0,1680.0,5400.0,11,0,0,0,2.0,0.3110535086095167,672.508295541,Mid,-1,1,0
139138,1,0.720491583,36,0,7041.0,5400.0,15,0,4,0,0.0,1.3036474726902425,2816.8322949498,Mid,-1,1,1
139144,0,0.607190925,36,2,2680.0,5400.0,8,1,1,1,0.0,0.496204406591372,1072.364314555,Mid,-1,1,0
139146,0,0.027797671,43,0,3342.0,5400.0,11,0,2,0,0.0,0.6187743010553601,1336.8166786026002,Mid,-1,1,0
139154,0,0.005975161,68,0,3225.0,5400.0,11,0,2,0,0.0,0.597111645991483,1290.0035850966,Senior,-1,1,0
139156,0,0.83400664,38,0,3723.0,5400.0,6,0,2,0,0.0,0.689316793186447,1489.700403984,Mid,-1,1,0
139180,0,0.05650394,53,0,3491.0,5400.0,13,0,3,0,0.0,0.6463617848546566,1396.433902364,Senior,-1,1,0
139183,0,0.595469318,47,0,3395.0,5400.0,8,0,1,0,3.0,0.6285872986483985,1358.3572815908,Mid,-1,1,0
139222,0,0.39401963,56,0,4102.0,5400.0,23,0,2,0,0.0,0.7594889835215701,1641.0364117780002,Senior,-1,1,0
139226,0,0.094723761,81,0,3289.0,5400.0,17,0,2,0,1.0,0.6089613034623218,1315.6568342566002,Senior,-1,1,0
139231,0,0.042053354,47,0,300.0,1.0,4,0,1,0,0.0,150.0,120.0252320124,Mid,-1,1,0
139246,0,0.44156685,43,0,3339.0,5400.0,9,0,1,0,0.0,0.6182188483614146,1335.86494011,Mid,-1,1,0
139277,0,0.407419617,63,0,2944.0,5400.0,11,0,2,0,0.0,0.5450842436585818,1177.8444517702,Senior,-1,1,0
139285,0,0.9999999,48,0,5291.0,5400.0,7,0,2,0,0.0,0.979633401221996,2116.99999994,Mid,-1,1,0
139295,0,0.9999999,45,0,1590.0,5400.0,2,0,1,0,0.0,0.2943899277911498,636.59999994,Mid,-1,1,0
139298,0,0.328809685,34,0,1113.5,1.0,7,0,2,0,2.0,556.75,445.597285811,Mid,-1,1,1
139302,0,0.805158798,67,0,2725.0,5400.0,6,0,0,0,0.0,0.5045361970005554,1090.4830952788,Senior,-1,1,0
139313,0,0.348316797,57,0,10171.0,5400.0,13,0,3,0,0.0,1.883169783373449,4068.6089900782,Senior,-1,1,1
139323,0,0.156196763,71,0,3706.0,5400.0,9,0,2,0,0.0,0.6861692279207554,1482.4937180578002,Senior,-1,1,0
139327,0,0.975839717,39,0,2710.5,1.0,9,0,1,0,0.0,1355.25,1084.7855038302,Mid,-1,1,1
139386,0,0.269342525,56,0,3713.0,5400.0,10,0,2,0,0.0,0.6874652842066284,1485.361605515,Senior,-1,1,0
139416,0,0.9999999,46,1,3297.0,5400.0,6,0,1,2,0.0,0.6104425106461766,1319.3999999400005,Mid,-1,1,0
139435,0,0.558176323,35,0,4090.0,5400.0,6,0,1,0,0.0,0.7572671727457878,1636.3349057938,Mid,-1,1,0
139592,1,0.9999999,61,1,2598.0,5400.0,2,4,1,1,0.0,0.4810220329568598,1039.79999994,Senior,-1,1,0
139596,0,0.023950398,45,0,908.5,1.0,12,0,2,0,2.0,454.25,363.4143702388,Mid,-1,1,1
139621,0,0.602831048,67,0,11515.0,5400.0,18,0,11,0,3.0,2.1320125902610627,4606.3616986288,Senior,-1,1,1
139647,0,0.0031874,81,0,1890.0,5400.0,8,0,2,0,0.0,0.3499351971857063,756.00191244,Senior,-1,1,0
139655,0,0.001288593,53,0,3734.0,5400.0,15,0,1,0,0.0,0.6913534530642473,1493.6007731558002,Senior,-1,1,0
139672,0,0.9999999,48,0,1850.0,5400.0,1,0,1,0,0.0,0.3425291612664321,740.59999994,Mid,-1,1,0
139680,0,0.044830795,44,0,3850.0,5400.0,7,0,2,0,0.0,0.7128309572301426,1540.026898477,Mid,-1,1,0
139707,0,0.210843233,64,0,5598.0,5400.0,20,0,1,0,5.0,1.0364747269024257,2239.3265059398004,Senior,-1,1,0
139718,0,0.9999999,91,0,392.0,5400.0,0,0,0,0,0.0,0.0725791520088872,157.39999994,Senior,-1,1,0
139723,0,0.439548764,40,0,545.0,1.0,6,0,0,0,3.0,272.5,218.2637292584,Mid,-1,1,0
139748,0,0.035679059,32,0,2674.0,5400.0,7,0,2,0,1.0,0.4950935012034808,1069.6214074354002,Mid,-1,1,0
139766,0,0.17979101,32,0,12656.0,5400.0,7,0,4,0,0.0,2.3432697648583596,5062.507874606001,Mid,-1,1,1
139794,0,0.927942449,54,0,3903.0,5400.0,15,0,2,0,2.0,0.7226439548231809,1561.7567654694,Senior,-1,1,0
139795,0,0.253434596,56,0,3184.0,5400.0,12,0,2,0,2.0,0.589520459174227,1273.7520607576002,Senior,-1,1,0
139810,1,0.913597128,42,1,15191.0,5400.0,18,0,7,0,0.0,2.8126272912423627,6076.9481582768,Mid,-1,1,1
139820,0,0.036995376,28,0,2225.0,5400.0,5,0,1,0,0.0,0.4119607480096278,890.0221972256,Young,-1,1,0
139852,0,0.158418289,63,0,6189.0,5400.0,16,0,1,0,0.0,1.145898907609702,2475.6950509734,Senior,-1,1,0
139914,0,0.03665511,45,0,3622.0,5400.0,16,0,2,0,0.0,0.6706165524902796,1448.8219930660002,Mid,-1,1,0
139915,0,0.167077087,55,1,5814.0,5400.0,27,0,3,0,3.0,1.076467320866506,2325.7002462522,Senior,-1,1,0
139922,0,0.971405719,29,0,779.0,5400.0,3,0,0,0,0.0,0.1442325495278652,312.18284343140004,Young,-1,1,0
139977,0,0.193706807,62,0,5841.0,5400.0,6,0,2,0,1.0,1.0814663951120165,2336.5162240842,Senior,-1,1,0
139987,0,0.202008511,65,0,3282.0,5400.0,6,0,2,0,0.0,0.6076652471764488,1312.9212051066002,Senior,-1,1,0
139990,0,0.9999999,30,0,1043.0,5400.0,3,0,1,0,2.0,0.193112386595075,417.79999994,Young,-1,1,0
140021,0,0.794538251,49,0,3443.0,5400.0,8,0,1,0,2.0,0.6374745417515275,1377.6767229506002,Mid,-1,1,0
140091,0,0.173953894,61,0,3568.0,5400.0,8,0,2,0,1.0,0.6606184039992594,1427.3043723364,Senior,-1,1,0
140107,0,0.119879935,49,0,3560.0,5400.0,10,0,1,0,2.0,0.6591371968154045,1424.071927961,Mid,-1,1,0
140134,0,0.536649864,36,0,3016.0,5400.0,8,0,2,0,0.0,0.5584151083132753,1206.7219899184,Mid,-1,1,0
140176,0,0.448372633,49,0,2057.5,1.0,8,0,3,0,1.0,1028.75,823.2690235798,Mid,-1,1,1
140202,0,0.014030582,47,0,3365.0,5400.0,11,0,4,0,0.0,0.6230327717089428,1346.0084183492,Mid,-1,1,0
140209,0,0.9999999,22,0,8.0,1.0,0,0,0,0,0.0,4.0,3.79999994,Young,-1,1,0
140218,0,0.374406963,60,0,3833.0,5400.0,16,0,3,0,0.0,0.7096833919644511,1533.4246441778,Senior,-1,1,0
140247,0,0.046806323,66,0,4438.0,5400.0,13,0,2,0,0.0,0.8216996852434735,1775.2280837938,Senior,-1,1,0
140258,1,0.0,52,0,3642.0,5400.0,12,0,3,0,0.0,0.6743195704499166,1456.8000000000002,Senior,-1,1,0
140265,1,0.082706844,70,0,2966.0,5400.0,24,0,2,0,0.0,0.5491575634141825,1186.4496241064,Senior,-1,1,0
140354,0,0.73787978,58,0,12512.0,5400.0,16,0,2,0,2.0,2.316608035548972,5005.242727868,Senior,-1,1,1
140364,0,0.083585975,49,0,4118.0,5400.0,9,0,1,0,3.0,0.7624513978892797,1647.250151585,Mid,-1,1,0
140381,0,0.523347954,52,1,4931.0,5400.0,11,0,2,0,3.0,0.912979077948528,1972.7140087724,Senior,-1,1,0
140388,0,0.358842744,59,0,8822.0,5400.0,9,0,4,0,0.0,1.6334012219959266,3529.0153056464,Senior,-1,1,1
140400,0,0.501792939,59,0,4078.0,5400.0,13,0,2,0,0.0,0.7550453619700056,1631.5010757634,Senior,-1,1,0
140415,0,0.28562963,41,0,3261.0,5400.0,12,0,2,0,0.0,0.6037770783188299,1304.5713777780002,Mid,-1,1,0
140417,0,0.507292315,80,0,815.0,5400.0,4,0,0,0,0.0,0.150897981855212,326.304375389,Senior,-1,1,0
140472,0,0.9999999,41,0,2871.0,5400.0,4,0,2,0,0.0,0.5315682281059063,1148.9999999400002,Mid,-1,1,0
140474,0,0.9999999,84,0,1460.0,5400.0,2,0,1,0,0.0,0.2703203110535086,584.59999994,Senior,-1,1,0
140482,0,0.045045045,60,0,3644.0,5400.0,13,0,2,0,0.0,0.6746898722458804,1457.6270270270002,Senior,-1,1,0
140487,0,0.180321386,53,0,3241.0,5400.0,14,4,2,0,0.0,0.6000740603591928,1296.5081928316,Senior,-1,1,0
140504,1,0.0,38,0,5905.0,5400.0,4,1,2,0,0.0,1.0933160525828551,2362.0,Mid,-1,1,0
140523,0,0.416058394,59,0,3287.0,5400.0,4,0,1,0,0.0,0.608591001666358,1315.0496350364,Senior,-1,1,0
140538,0,0.632082959,66,0,2743.0,5400.0,11,0,2,0,0.0,0.5078689131642289,1097.5792497754,Senior,-1,1,0
140583,1,0.813940009,67,0,1932.0,5400.0,12,0,3,0,0.0,0.3577115349009442,773.2883640054,Senior,-1,1,0
140615,0,0.516088397,36,0,4032.0,5400.0,11,0,1,0,0.0,0.7465284206628402,1613.1096530382,Mid,-1,1,0
140633,0,0.890602685,48,0,1978.0,5400.0,6,2,2,0,0.0,0.3662284762081096,791.734361611,Mid,-1,1,0
140641,0,0.9999999,52,0,1451.0,5400.0,2,1,1,0,0.0,0.2686539529716719,580.99999994,Senior,-1,1,0
140647,1,0.9999999,61,0,1425.0,5400.0,2,1,1,1,0.0,0.2638400296241436,570.59999994,Senior,-1,1,0
140659,0,0.319613041,60,0,9094.0,5400.0,8,0,4,0,0.0,1.683762266246991,3637.7917678246,Senior,-1,1,1
140686,0,0.121172903,41,0,4281.0,5400.0,15,0,1,0,0.0,0.7926309942603221,1712.4727037418002,Mid,-1,1,0
140697,0,0.005639774,48,0,3546.0,5400.0,10,0,2,2,0.0,0.6565450842436585,1418.4033838644,Mid,-1,1,0
140704,0,0.006002721,49,0,3249.0,5400.0,13,0,2,0,0.0,0.6015552675430476,1299.6036016326002,Mid,-1,1,0
140753,0,0.9999999,86,0,1460.0,5400.0,2,0,1,0,0.0,0.2703203110535086,584.59999994,Senior,-1,1,0
140754,0,0.856239245,66,0,1399.0,1.0,16,0,1,0,0.0,699.5,560.113743547,Senior,-1,1,1
140784,0,0.150461861,25,0,45.0,1.0,6,0,0,0,0.0,22.5,18.0902771166,Young,-1,1,0
140796,0,0.371032004,55,0,3422.0,5400.0,7,0,2,0,0.0,0.6335863728939085,1369.0226192024002,Senior,-1,1,0
140850,0,0.04229595,42,0,4691.0,5400.0,9,0,1,0,0.0,0.8685428624328828,1876.42537757,Mid,-1,1,0
140851,0,0.164624401,45,0,4577.0,5400.0,3,0,1,0,0.0,0.8474356600629513,1830.8987746406,Mid,-1,1,0
140885,0,0.389550681,73,0,4811.0,5400.0,12,0,2,0,0.0,0.8907609701907054,1924.6337304086,Senior,-1,1,0
140893,0,0.541000777,59,0,3006.0,5400.0,17,0,1,0,0.0,0.5565635993334568,1202.7246004662002,Senior,-1,1,0
140929,0,0.446193779,29,0,936.0,1.0,8,0,1,0,1.0,468.0,374.6677162674,Young,-1,1,1
141005,1,0.997152506,59,2,2313.0,5400.0,12,1,0,0,2.0,0.4282540270320311,925.7982915036,Senior,-1,1,0
141032,0,0.03050621,63,0,9486.0,5400.0,8,0,1,0,0.0,1.7563414182558783,3794.418303726,Senior,-1,1,1
141077,0,0.03634118,80,0,3639.0,5400.0,8,0,4,0,0.0,0.6737641177559711,1455.621804708,Senior,-1,1,0
141089,0,0.390788076,68,0,2749.0,5400.0,13,0,1,0,0.0,0.5089798185521199,1099.8344728456002,Senior,-1,1,0
141102,0,0.634867874,56,0,3148.0,5400.0,6,0,1,0,0.0,0.5828550268468802,1259.5809207244,Senior,-1,1,0
141111,0,0.044974652,68,0,5300.0,5400.0,5,0,4,0,0.0,0.9812997593038326,2120.0269847912,Senior,-1,1,0
141122,0,0.0,55,0,4260.0,5400.0,5,0,1,0,0.0,0.7887428254027032,1704.0,Senior,-1,1,0
141123,0,0.295794585,49,1,3246.0,5400.0,16,0,2,0,1.0,0.600999814849102,1298.5774767510002,Mid,-1,1,0
141125,0,0.646561049,60,0,2559.0,5400.0,11,0,2,0,0.0,0.4738011479355675,1023.9879366294,Senior,-1,1,0
141134,0,0.745440693,54,0,1309.0,1.0,11,0,2,0,2.0,654.5,524.0472644158,Senior,-1,1,1
141136,0,0.749521874,63,0,7977.0,5400.0,15,0,4,0,2.0,1.476948713201259,3191.2497131244004,Senior,-1,1,1
141147,0,0.081849666,47,0,488.5,1.0,4,0,1,0,2.0,244.25,195.4491097996,Mid,-1,1,0
141180,0,0.13270049,47,0,13707.0,5400.0,9,0,4,0,0.0,2.5378633586372894,5482.879620294,Mid,-1,1,1
141204,0,0.055457163,63,0,4328.0,5400.0,6,0,1,0,0.0,0.8013330864654694,1731.2332742978,Senior,-1,1,0
141221,0,0.335382562,38,0,2247.0,5400.0,9,0,1,0,2.0,0.4160340677652286,899.0012295372001,Mid,-1,1,0
141224,0,0.874829027,46,0,2521.0,5400.0,6,1,1,0,1.0,0.466765413812257,1008.9248974162,Mid,-1,1,0
141239,0,0.005967017,48,0,3523.0,5400.0,9,0,2,0,0.0,0.6522866135900759,1409.2035802102,Mid,-1,1,0
141254,0,0.9999999,35,0,4194.0,5400.0,8,0,2,0,2.0,0.7765228661359007,1678.1999999400002,Mid,-1,1,0
141277,0,0.9999999,62,0,7484.0,5400.0,9,0,3,0,0.0,1.3856693204962045,2994.1999999400005,Senior,-1,1,1
141292,0,0.852763211,61,0,3799.0,5400.0,8,0,0,0,0.0,0.703388261433068,1520.1116579266002,Senior,-1,1,0
141347,0,0.021752549,51,0,3765.0,5400.0,8,0,2,0,0.0,0.6970931309016849,1506.0130515294,Senior,-1,1,0
141423,1,0.768403009,35,0,4322.0,5400.0,11,0,2,0,0.0,0.8002221810775783,1729.2610418054005,Mid,-1,1,0
141430,0,0.9999999,46,0,2994.0,5400.0,2,0,2,0,1.0,0.5543417885576745,1198.1999999400002,Mid,-1,1,0
141467,0,0.0,65,0,3421.0,5400.0,7,0,2,0,0.0,0.6334012219959266,1368.4,Senior,-1,1,0
141529,0,0.9999999,48,0,2257.0,5400.0,9,0,2,0,0.0,0.4178855767450472,903.39999994,Mid,-1,1,0
141578,0,0.075938518,39,0,52.5,1.0,5,0,0,0,0.0,26.25,21.0455631108,Mid,-1,1,0
141615,1,0.9999999,28,2,892.0,5400.0,5,3,0,2,3.0,0.1651546009998148,357.39999994,Young,-1,1,0
141620,0,0.9999999,93,0,413.0,5400.0,1,0,1,0,0.0,0.0764673208665062,165.79999994000002,Senior,-1,1,0
141634,0,0.111243184,41,0,1783.0,1.0,11,0,2,0,2.0,891.5,713.2667459104,Mid,-1,1,1
141636,1,0.999960452,50,0,4017.0,5400.0,3,0,2,0,0.0,0.7437511571931124,1607.3999762712,Mid,-1,1,0
141639,0,0.30934185,58,0,2902.0,5400.0,10,0,1,0,0.0,0.5373079059433439,1160.98560511,Senior,-1,1,0
141640,0,0.845890262,75,0,7670.0,5400.0,16,0,2,0,0.0,1.4201073875208294,3068.5075341572,Senior,-1,1,1
141692,0,0.9999999,69,1,612.0,5400.0,2,0,0,0,0.0,0.1133123495648953,245.39999994,Senior,-1,1,0
141693,0,0.513619455,74,0,2728.0,5400.0,8,0,2,0,1.0,0.505091649694501,1091.508171673,Senior,-1,1,0
141718,0,0.7461464,76,3,1821.0,5400.0,14,0,2,0,0.0,0.3371597852249583,728.84768784,Senior,-1,1,0
141720,0,0.005162671,72,1,3055.0,5400.0,7,0,2,0,0.0,0.5656359933345677,1222.0030976026,Senior,-1,1,0
141728,0,0.0,42,0,3376.0,5400.0,9,0,2,0,0.0,0.6250694315867432,1350.4,Mid,-1,1,0
141789,0,0.277586972,50,1,3236.0,5400.0,11,0,3,0,3.0,0.5991483058692835,1294.5665521832002,Mid,-1,1,0
141800,0,0.296285186,56,0,7658.0,5400.0,11,0,4,0,0.0,1.4178855767450471,3063.3777711116004,Senior,-1,1,1
141805,0,0.071341888,26,0,2758.0,5400.0,13,0,2,0,0.0,0.5106461766339567,1103.2428051328,Young,-1,1,0
141810,0,0.9999999,77,0,458.0,5400.0,4,1,1,0,0.0,0.0847991112756896,183.79999994,Senior,-1,1,0
141818,0,0.17723523,54,0,6961.0,5400.0,11,0,8,0,0.0,1.2888354008516942,2784.506341138,Senior,-1,1,1
141821,0,0.018276762,66,0,3988.0,5400.0,2,0,1,0,0.0,0.7383817811516385,1595.2109660572,Senior,-1,1,0
141860,0,0.72981841,47,0,2854.0,5400.0,13,0,2,0,0.0,0.5284206628402148,1142.037891046,Mid,-1,1,0
141881,0,0.597462514,47,0,2835.0,5400.0,5,0,2,0,0.0,0.5249027957785595,1134.3584775084,Mid,-1,1,0
141885,0,0.187720083,54,0,5547.0,5400.0,13,0,3,0,0.0,1.027032031105351,2218.9126320498003,Senior,-1,1,0
141887,0,0.215209014,61,0,3507.0,5400.0,12,0,3,0,0.0,0.6493241992223663,1402.9291254084,Senior,-1,1,0
141937,0,0.354187253,52,0,7976.0,5400.0,13,0,5,0,0.0,1.476763562303277,3190.6125123518,Senior,-1,1,1
141948,1,0.802722728,38,1,2128.0,5400.0,8,1,0,0,5.0,0.3940011109053878,851.6816336368,Mid,-1,1,0
141976,0,0.900221391,70,0,2899.0,5400.0,15,0,1,0,0.0,0.5367524532493982,1160.1401328346,Senior,-1,1,0
142043,0,0.435719369,47,0,5154.0,5400.0,8,0,3,0,0.0,0.9542677281984816,2061.8614316214,Mid,-1,1,0
142053,0,0.005594308,64,0,3352.0,5400.0,10,0,2,0,0.0,0.6206258100351787,1340.8033565848002,Senior,-1,1,0
142073,0,0.9999999,45,1,4219.0,5400.0,6,0,2,0,0.0,0.7811516385854471,1688.1999999400002,Mid,-1,1,0
142123,0,0.0,54,0,7016.0,5400.0,16,0,5,0,0.0,1.299018700240696,2806.4,Senior,-1,1,1
142190,0,0.527284601,53,0,4750.0,5400.0,10,0,1,0,0.0,0.8794667654138123,1900.3163707606,Senior,-1,1,0
142201,0,0.046301013,63,0,5559.0,5400.0,9,0,4,0,0.0,1.0292538418811332,2223.6277806078,Senior,-1,1,0
142204,1,0.892611036,50,6,2487.0,5400.0,14,0,2,4,0.0,0.4604702832808739,995.3355666216,Mid,-1,1,0
142293,0,0.34385893,54,0,4186.0,5400.0,13,0,2,0,0.0,0.7750416589520459,1674.606315358,Senior,-1,1,0
142294,1,0.868149281,41,0,2894.0,5400.0,11,0,2,1,0.0,0.535826698759489,1158.1208895686002,Mid,-1,1,0
142317,0,0.317692206,42,0,2511.0,5400.0,12,0,2,0,1.0,0.4649139048324384,1004.5906153236,Mid,-1,1,0
142329,1,0.982229402,51,0,4865.0,5400.0,13,0,2,0,0.0,0.9007591186817256,1946.5893376412,Senior,-1,1,0
142341,0,0.008319502,70,0,3509.0,5400.0,7,0,1,0,0.0,0.6496945010183299,1403.6049917012,Senior,-1,1,0
142352,0,0.326714432,66,1,2756.0,5400.0,8,0,1,0,0.0,0.510275874837993,1102.5960286592,Senior,-1,1,0
142376,0,0.354243542,50,0,3188.0,5400.0,6,0,1,0,0.0,0.5902610627661544,1275.4125461252002,Mid,-1,1,0
142385,0,0.951580646,54,1,3253.0,5400.0,17,0,0,0,0.0,0.602295871134975,1301.7709483876,Senior,-1,1,0
142394,0,0.052627486,48,0,1376.0,1.0,17,0,3,0,2.0,688.0,550.4315764916,Mid,-1,1,1
142452,0,0.306779475,45,0,3029.0,5400.0,8,0,1,0,1.0,0.5608220699870394,1211.784067685,Mid,-1,1,0
142454,0,0.0,59,0,6412.0,5400.0,5,0,2,0,0.0,1.1871875578596556,2564.8,Senior,-1,1,0
142481,0,0.015492254,26,0,16.5,1.0,3,0,0,0,0.0,8.25,6.6092953524,Young,-1,1,0
142494,0,0.376336436,56,0,2821.0,5400.0,15,0,3,0,2.0,0.5223106832068135,1128.6258018616002,Senior,-1,1,0
142500,0,0.0,75,0,5811.0,5400.0,22,0,2,0,0.0,1.0759118681725606,2324.4,Senior,-1,1,0
142520,0,0.525881348,41,1,4646.0,5400.0,9,0,1,0,0.0,0.8602110720236993,1858.7155288088,Mid,-1,1,0
142536,1,0.9999999,55,0,1668.0,5400.0,2,5,2,0,0.0,0.3088316978337345,667.79999994,Senior,-1,1,0
142560,0,0.114986418,35,0,2713.0,5400.0,12,0,1,0,0.0,0.5023143862247732,1085.2689918508,Mid,-1,1,0
142567,0,0.851029794,27,1,1020.0,5400.0,8,0,0,0,3.0,0.1888539159414923,408.5106178764,Young,-1,1,0
142569,0,0.284658725,51,0,3975.0,5400.0,9,0,1,0,0.0,0.7359748194778745,1590.170795235,Senior,-1,1,0
142585,0,0.053961794,51,0,4203.0,5400.0,6,0,1,0,0.0,0.7781892242177375,1681.2323770764,Senior,-1,1,0
142601,0,0.197696382,80,0,2363.0,5400.0,9,0,1,0,1.0,0.4375115719311239,945.3186178292,Senior,-1,1,0
142602,0,0.104065886,59,1,4332.0,5400.0,13,0,2,0,2.0,0.8020736900573968,1732.8624395316,Senior,-1,1,0
142615,0,0.9999999,70,0,1425.0,5400.0,3,0,1,0,0.0,0.2638400296241436,570.59999994,Senior,-1,1,0
142654,0,0.525557529,42,1,3168.0,5400.0,8,0,2,0,0.0,0.5865580448065173,1267.5153345174,Mid,-1,1,0
142663,0,0.999939748,28,1,1347.0,5400.0,8,0,0,0,0.0,0.2493982595815589,539.3999638488001,Young,-1,1,0
142685,0,0.254706804,44,1,5581.0,5400.0,17,0,1,0,3.0,1.033327161636734,2232.5528240824,Mid,-1,1,0
142770,0,0.744586747,50,1,2992.0,5400.0,15,0,3,0,0.0,0.5539714867617108,1197.2467520482,Mid,-1,1,0
142785,0,0.978085742,72,0,954.0,5400.0,9,0,0,0,0.0,0.1766339566746898,382.1868514452,Senior,-1,1,0
142793,0,0.312256966,63,0,4106.0,5400.0,28,0,2,0,0.0,0.7602295871134975,1642.5873541796002,Senior,-1,1,0
142803,0,0.9999999,82,4,20.94513716,400.0,4,0,0,1,0.0,0.052232262244389,8.978054804000001,Senior,-1,1,0
142827,0,0.9999999,43,0,3526.0,5400.0,1,0,1,0,0.0,0.6528420662840215,1410.9999999400002,Mid,-1,1,0
142837,0,0.019359396,55,0,5559.0,5400.0,12,0,2,0,0.0,1.0292538418811332,2223.6116156375997,Senior,-1,1,0
142859,0,0.543866858,26,0,2010.0,5400.0,7,0,1,0,0.0,0.372153304943529,804.3263201148,Young,-1,1,0
142921,0,0.304700738,64,0,2925.0,5400.0,8,0,2,0,2.0,0.5415663765969265,1170.1828204428,Senior,-1,1,0
142937,0,0.08081603,57,0,2003.0,1.0,25,0,3,0,4.0,1001.5,801.248489618,Senior,-1,1,1
142968,0,0.000749813,32,0,2224.0,5400.0,4,0,1,0,0.0,0.411775597111646,889.6004498878,Mid,-1,1,0
142985,0,0.493202179,51,1,4045.0,5400.0,13,1,2,0,2.0,0.7489353823366043,1618.2959213074,Senior,-1,1,0
143103,1,0.990377964,55,1,1637.0,5400.0,10,0,0,2,0.0,0.303092019996297,655.3942267784,Senior,-1,1,0
143125,0,0.975577654,48,0,3667.0,5400.0,10,0,2,0,0.0,0.678948342899463,1467.3853465924,Mid,-1,1,0
143149,0,0.652030228,65,1,3552.0,5400.0,13,0,1,0,0.0,0.6576559896315497,1421.1912181368002,Senior,-1,1,0
143154,0,0.803540679,64,0,8066.0,5400.0,10,0,1,0,0.0,1.4934271431216442,3226.8821244074,Senior,-1,1,1
143177,0,0.0,60,0,6725.0,5400.0,17,0,7,0,0.0,1.2451397889279765,2690.0,Senior,-1,1,1
143301,0,0.664823167,63,0,8509.0,5400.0,8,0,1,0,0.0,1.575448990927606,3403.9988939002005,Senior,-1,1,1
143303,0,0.705214739,54,0,3830.0,5400.0,7,0,2,0,0.0,0.7091279392705054,1532.4231288434,Senior,-1,1,0
143346,0,0.337676066,88,0,1657.0,5400.0,8,0,1,0,0.0,0.3067950379559341,663.0026056396001,Senior,-1,1,0
143356,0,0.186721265,51,0,3958.0,5400.0,12,0,1,0,0.0,0.732827254212183,1583.312032759,Senior,-1,1,0
143362,0,0.027181819,42,0,4867.0,5400.0,20,0,2,0,0.0,0.9011294204776892,1946.8163090914,Mid,-1,1,0
143364,0,0.269596405,35,0,3805.0,5400.0,10,0,2,0,1.0,0.704499166820959,1522.161757843,Mid,-1,1,0
143371,0,0.461651728,44,0,2360.0,5400.0,11,0,1,0,0.0,0.4369561192371783,944.2769910368,Mid,-1,1,0
143374,0,0.000536666,47,1,7179.0,5400.0,13,0,2,0,0.0,1.3291982966117386,2871.6003219996005,Mid,-1,1,1
143376,0,0.010563467,54,0,4870.0,5400.0,14,0,5,0,0.0,0.9016848731716348,1948.0063380802,Senior,-1,1,0
143419,0,0.420339042,68,0,3149.0,5400.0,16,0,2,0,0.0,0.583040177744862,1259.8522034252,Senior,-1,1,0
143440,0,0.067220355,57,0,773.5,1.0,6,0,1,0,1.0,386.75,309.44033221300003,Senior,-1,1,1
143460,1,0.521135349,79,2,3879.0,5400.0,26,1,2,0,0.0,0.7182003332716164,1551.9126812094,Senior,-1,1,0
143485,0,0.395945789,41,3,3823.0,5400.0,11,0,2,0,0.0,0.7078318829846325,1529.4375674734,Mid,-1,1,0
143488,0,0.445386554,58,0,5334.0,5400.0,9,0,1,0,0.0,0.9875948898352156,2133.8672319324,Senior,-1,1,0
143496,0,0.005030045,75,0,2744.0,5400.0,15,0,3,0,0.0,0.5080540640622107,1097.6030180270002,Senior,-1,1,0
143497,0,0.531069411,33,0,1025.5,1.0,6,0,2,0,0.0,512.75,410.5186416466,Mid,-1,1,1
143509,0,0.9999999,60,0,1246.0,5400.0,4,0,1,0,0.0,0.2306980188853916,498.99999994,Senior,-1,1,0
143523,0,0.9999999,85,0,1160.0,5400.0,8,0,1,0,0.0,0.214775041658952,464.59999994,Senior,-1,1,0
143534,0,0.496035371,67,0,3165.0,5400.0,13,0,0,0,0.0,0.5860025921125718,1266.2976212226,Senior,-1,1,0
143537,0,0.0259784,54,0,4815.0,5400.0,8,0,2,0,0.0,0.8915015737826328,1926.01558704,Senior,-1,1,0
143540,0,0.9999999,68,0,1055.0,5400.0,5,0,1,0,0.0,0.1953341973708572,422.59999994,Senior,-1,1,0
143584,0,0.366314318,44,0,3207.0,5400.0,16,0,2,0,0.0,0.5937789298278097,1283.0197885908,Mid,-1,1,0
143638,0,0.025846018,72,0,2922.0,5400.0,9,0,2,0,0.0,0.5410109239029809,1168.8155076107998,Senior,-1,1,0
143641,0,0.567938129,66,1,3237.0,5400.0,16,0,1,0,2.0,0.5993334567672653,1295.1407628774002,Senior,-1,1,0
143674,0,0.451068942,53,0,6566.0,5400.0,17,0,4,0,0.0,1.2157007961488613,2626.6706413652,Senior,-1,1,1
143688,0,0.069657495,53,0,5296.0,5400.0,7,0,1,0,3.0,0.9805591557119052,2118.441794497,Senior,-1,1,0
143694,1,0.080387541,49,1,3540.0,5400.0,11,1,3,0,1.0,0.6554341788557675,1416.0482325246,Mid,-1,1,0
143734,0,0.114961457,63,0,5012.0,5400.0,13,0,3,0,0.0,0.9279763006850584,2004.8689768742,Senior,-1,1,0
143778,0,0.304140286,46,0,5225.0,5400.0,10,0,2,0,0.0,0.9674134419551936,2090.1824841716,Mid,-1,1,0
143780,1,0.9999999,38,1,1708.0,5400.0,5,1,1,2,0.0,0.3162377337530087,683.79999994,Mid,-1,1,0
143823,0,0.773251345,53,2,2779.0,5400.0,11,1,2,0,3.0,0.5145343454915756,1112.063950807,Senior,-1,1,0
143833,0,0.973264728,63,0,1828.5,1.0,14,0,1,0,1.0,914.25,731.9839588368001,Senior,-1,1,1
143859,0,0.9999999,50,2,2657.0,5400.0,10,0,2,0,0.0,0.4919459359377893,1063.39999994,Mid,-1,1,0
143865,0,0.0,30,0,2293.0,5400.0,7,0,2,0,0.0,0.424551009072394,917.2,Young,-1,1,0
143954,0,0.78123992,55,0,3443.0,5400.0,11,0,1,0,0.0,0.6374745417515275,1377.668743952,Senior,-1,1,0
144007,0,0.561506854,61,0,5743.0,5400.0,13,0,1,0,0.0,1.0633216071097944,2297.5369041124004,Senior,-1,1,0
144038,0,0.429747208,50,4,3537.0,5400.0,10,0,1,1,0.0,0.6548787261618219,1415.0578483248005,Mid,-1,1,0
144043,0,0.18555949,68,0,9978.0,5400.0,8,0,1,0,0.0,1.8474356600629511,3991.311335694,Senior,-1,1,1
144063,0,0.19101167,65,0,6382.0,5400.0,18,0,1,0,0.0,1.1816330309202,2552.914607002,Senior,-1,1,0
144097,0,0.015173125,73,0,3418.0,5400.0,15,0,2,0,0.0,0.6328457693019811,1367.209103875,Senior,-1,1,0
144107,0,0.071397213,52,0,6964.0,5400.0,6,0,2,0,0.0,1.2893908535456398,2785.6428383278003,Senior,-1,1,1
144129,0,0.0,43,0,3071.0,5400.0,7,0,2,0,2.0,0.5685984077022773,1228.4,Mid,-1,1,0
144138,0,0.61914955,67,0,4930.0,5400.0,14,0,2,0,0.0,0.9127939270505462,1972.37148973,Senior,-1,1,0
144142,1,0.9999999,61,0,1359.0,5400.0,1,1,1,0,0.0,0.2516200703573412,544.19999994,Senior,-1,1,0
144149,0,0.085942057,82,0,2016.0,5400.0,6,0,1,0,0.0,0.3732642103314201,806.4515652342001,Senior,-1,1,0
144169,0,0.012905173,54,0,5855.0,5400.0,9,0,4,0,3.0,1.0840585076837623,2342.0077431038,Senior,-1,1,0
144171,0,0.103799554,60,0,4669.0,5400.0,16,0,2,0,0.0,0.8644695426772819,1867.6622797324,Senior,-1,1,0
144186,0,0.007733633,73,0,2731.0,5400.0,6,0,2,0,0.0,0.5056471023884466,1092.4046401798,Senior,-1,1,0
144193,0,0.916053575,33,3,2113.0,5400.0,5,0,1,0,2.0,0.3912238474356601,845.7496321450001,Mid,-1,1,0
144261,1,0.9999999,46,1,1592.0,5400.0,2,2,2,0,0.0,0.2947602295871135,637.39999994,Mid,-1,1,0
144266,0,0.333483326,59,0,4784.0,5400.0,7,0,2,0,0.0,0.8857618959451954,1913.8000899956,Senior,-1,1,0
144269,0,0.066802402,39,0,1482.5,1.0,6,0,1,0,2.0,741.25,593.0400814412,Mid,-1,1,1
144272,0,0.55579716,78,1,1336.0,5400.0,7,0,0,0,1.0,0.2473615997037585,534.7334782959999,Senior,-1,1,0
144282,0,0.823915421,76,3,1188.0,5400.0,12,0,1,0,0.0,0.219959266802444,475.6943492526,Senior,-1,1,0
144289,1,0.365661176,51,1,3374.0,5400.0,13,0,2,0,0.0,0.6246991297907795,1349.8193967056002,Senior,-1,1,0
144314,0,0.038907599,35,0,2703.0,5400.0,13,0,1,0,0.0,0.5004628772449546,1081.2233445594,Mid,-1,1,0
144329,0,0.204632391,65,0,3704.0,5400.0,10,0,2,0,0.0,0.6857989261247917,1481.7227794346002,Senior,-1,1,0
144336,0,0.918911413,30,0,1883.0,5400.0,8,0,2,0,1.0,0.3486391408998334,753.7513468478,Young,-1,1,0
144337,0,0.0,80,0,2028.0,5400.0,3,0,1,0,0.0,0.3754860211072023,811.2,Senior,-1,1,0
144342,0,0.0,60,0,36705.0,5400.0,7,0,0,0,0.0,6.795963710423996,14682.0,Senior,-1,1,1
144373,0,0.893289456,53,0,4352.0,5400.0,13,0,2,0,0.0,0.8057767080170339,1741.3359736736002,Senior,-1,1,0
144383,0,0.044646416,61,0,58.0,1.0,7,0,0,0,0.0,29.0,23.226787849600004,Senior,-1,1,0
144386,0,0.620110726,54,0,5008.0,5400.0,14,0,1,0,0.0,0.9272356970931308,2003.5720664356,Senior,-1,1,0
144396,0,0.318143941,62,0,3058.0,5400.0,12,0,4,0,0.0,0.5661914460285132,1223.3908863646,Senior,-1,1,0
144453,0,0.860203547,50,0,4393.0,5400.0,7,0,1,0,0.0,0.81336789483429,1757.7161221282,Mid,-1,1,0
144482,0,0.059044337,64,0,29.5,1.0,4,0,0,0,0.0,14.75,11.8354266022,Senior,-1,1,0
144485,0,0.950198076,26,0,522.0,5400.0,7,0,0,0,3.0,0.0966487687465284,209.3701188456,Young,-1,1,0
144508,0,0.048154048,63,0,12614.0,5400.0,20,0,9,0,0.0,2.335493427143122,5045.6288924288,Senior,-1,1,1
144509,0,0.000871786,62,0,3455.0,5400.0,12,0,2,0,0.0,0.6396963525273097,1382.0005230716,Senior,-1,1,0
144513,0,0.629171354,36,0,254.0,1.0,3,0,0,0,2.0,127.0,101.9775028124,Mid,-1,1,0
144515,0,0.817841582,45,2,2710.0,5400.0,16,0,2,0,4.0,0.5017589335308277,1084.4907049492,Mid,-1,1,0
144531,0,0.337558869,64,0,2870.0,5400.0,9,0,1,0,0.0,0.5313830772079244,1148.2025353214,Senior,-1,1,0
144537,0,0.511974401,44,0,842.0,1.0,3,0,1,0,3.0,421.0,337.1071846406,Mid,-1,1,1
144548,0,0.80038316,59,0,2217.0,5400.0,9,0,2,0,1.0,0.410479540825773,887.280229896,Senior,-1,1,0
144667,0,0.0,40,0,3674.0,5400.0,10,0,2,0,0.0,0.6802443991853361,1469.6,Mid,-1,1,0
144716,0,0.847415404,50,5,3325.0,5400.0,16,0,3,0,0.0,0.6156267357896685,1330.5084492424,Mid,-1,1,0
144723,0,0.9999999,61,0,8934.0,5400.0,12,0,4,0,0.0,1.6541381225698946,3574.1999999400005,Senior,-1,1,1
144735,0,0.000716632,48,0,3603.0,5400.0,15,0,3,0,0.0,0.6670986854286244,1441.2004299792,Mid,-1,1,0
144741,0,0.908660471,41,0,1459.0,5400.0,6,0,0,0,0.0,0.2701351601555267,584.1451962826001,Mid,-1,1,0
144764,0,0.489063164,54,1,6367.0,5400.0,18,0,4,0,0.0,1.178855767450472,2547.0934378984,Senior,-1,1,0
144774,1,0.937098534,40,0,1684.0,5400.0,2,1,1,1,0.0,0.3117941122014441,674.1622591204,Mid,-1,1,0
144801,0,0.083690239,67,0,4130.0,5400.0,26,0,2,0,0.0,0.764673208665062,1652.0502141434,Senior,-1,1,0
144831,0,0.647590477,63,0,3209.0,5400.0,7,1,2,1,1.0,0.5941492316237734,1283.9885542862,Senior,-1,1,0
144837,0,0.036353666,66,0,1079.5,1.0,9,0,1,0,0.0,539.75,431.8218121996,Senior,-1,1,1
144882,0,0.079688773,36,0,4049.0,5400.0,8,0,2,0,0.0,0.7496759859285318,1619.6478132638,Mid,-1,1,0
144943,0,0.671820165,71,0,1988.0,5400.0,7,0,0,0,1.0,0.3680799851879281,795.603092099,Senior,-1,1,0
144955,0,0.9999999,79,0,457.0,5400.0,2,0,0,0,0.0,0.0846139603777078,183.39999994,Senior,-1,1,0
144997,1,0.895956295,42,1,2356.0,5400.0,9,0,0,0,0.0,0.4362155156452509,942.937573777,Mid,-1,1,0
145001,0,0.217957963,41,0,4623.0,5400.0,43,0,3,0,1.0,0.8559526013701166,1849.3307747778,Mid,-1,1,0
145030,0,0.094483015,62,0,3451.0,5400.0,5,0,1,0,0.0,0.6389557489353823,1380.4566898090002,Senior,-1,1,0
145049,0,0.930606939,39,0,562.0,1.0,3,0,0,0,2.0,281.0,225.3583641634,Mid,-1,1,1
145051,0,0.235313586,44,0,8053.0,5400.0,13,0,2,0,0.0,1.49102018144788,3221.3411881516004,Mid,-1,1,1
145053,0,0.296945624,61,0,3464.0,5400.0,11,0,2,0,0.0,0.6413627106091464,1385.7781673744,Senior,-1,1,0
145071,0,0.0,53,0,3536.0,5400.0,4,0,2,0,0.0,0.65469357526384,1414.4,Senior,-1,1,0
145083,0,0.043346821,34,0,2887.0,5400.0,6,0,2,0,0.0,0.534530642473616,1154.8260080926,Mid,-1,1,0
145126,0,0.9999999,51,0,2444.0,5400.0,7,0,2,0,0.0,0.4525087946676541,978.19999994,Senior,-1,1,0
145150,0,0.9999999,36,3,3539.0,5400.0,4,2,2,1,1.0,0.6552490279577856,1416.1999999400002,Mid,-1,1,0
145178,1,0.947815368,30,0,849.0,5400.0,4,2,0,1,0.0,0.157193112386595,340.16868922080005,Young,-1,1,0
145197,0,0.064566307,59,0,3800.0,5400.0,9,0,5,0,0.0,0.7035734123310498,1520.0387397842,Senior,-1,1,0
145207,0,0.642942468,68,0,2964.0,5400.0,4,0,1,0,2.0,0.5487872616182189,1185.9857654808002,Senior,-1,1,0
145208,0,0.547821442,48,0,7934.0,5400.0,22,0,2,0,3.0,1.468987224588039,3173.9286928652004,Mid,-1,1,1
145231,0,0.167597291,64,0,4491.0,5400.0,12,0,4,0,0.0,0.8315126828365118,1796.5005583746,Senior,-1,1,0
145233,0,0.9999999,61,0,3501.0,5400.0,6,0,1,0,0.0,0.6482132938344751,1400.9999999400002,Senior,-1,1,0
145234,0,0.124921877,46,0,3333.0,5400.0,10,0,2,0,4.0,0.6171079429735234,1333.2749531262,Mid,-1,1,0
145255,1,0.796038432,57,3,5076.0,5400.0,13,0,2,0,0.0,0.9398259581558972,2030.8776230592,Senior,-1,1,0
145267,0,0.97770223,57,0,3228.0,5400.0,5,0,1,0,0.0,0.5976670986854287,1291.786621338,Senior,-1,1,0
145290,0,0.550992936,63,0,12798.0,5400.0,23,0,5,0,0.0,2.369561192371783,5119.530595761601,Senior,-1,1,1
145324,0,0.303105161,61,0,3251.0,5400.0,14,0,1,0,0.0,0.6019255693390113,1300.5818630966,Senior,-1,1,0
145334,0,0.381702171,54,0,3815.0,5400.0,12,0,1,0,0.0,0.7063506758007776,1526.2290213026,Senior,-1,1,0
145346,0,0.9999999,40,0,2288.0,5400.0,10,0,1,0,0.0,0.4236252545824847,915.79999994,Mid,-1,1,0
145423,0,0.535893026,58,0,4213.0,5400.0,11,0,2,0,2.0,0.780040733197556,1685.5215358156,Senior,-1,1,0
145452,1,0.366633367,33,0,4240.0,5400.0,4,0,2,0,2.0,0.7850398074430661,1696.2199800202,Mid,-1,1,0
145566,0,0.004563869,38,0,5098.0,5400.0,9,0,3,0,0.0,0.943899277911498,2039.2027383214,Mid,-1,1,0
145629,0,0.135339376,52,0,3396.0,5400.0,6,0,1,0,3.0,0.6287724495463803,1358.4812036256,Senior,-1,1,0
145648,0,0.9999999,63,0,1739.0,5400.0,11,0,1,0,0.0,0.3219774115904462,696.19999994,Senior,-1,1,0
145671,0,0.988300585,26,0,625.0,5400.0,6,0,0,0,0.0,0.1157193112386595,250.592980351,Young,-1,1,0
145682,0,0.027785327,65,1,4216.0,5400.0,20,0,1,0,0.0,0.7805961858915016,1686.4166711962,Senior,-1,1,0
145732,0,0.9999999,58,0,2296.0,5400.0,5,0,0,1,0.0,0.4251064617663396,918.99999994,Senior,-1,1,0
145774,0,0.029496964,62,0,1235.0,1.0,10,0,1,0,0.0,617.5,494.0176981784,Senior,-1,1,1
145783,0,0.567101788,47,0,3891.0,5400.0,14,0,2,0,0.0,0.7204221440473987,1556.7402610728002,Mid,-1,1,0
145786,0,0.231773816,36,0,3511.0,5400.0,7,0,2,0,0.0,0.6500648028142937,1404.5390642896,Mid,-1,1,0
145801,0,0.206749838,39,0,3304.0,5400.0,7,0,1,0,0.0,0.6117385669320496,1321.7240499028,Mid,-1,1,0
145857,0,0.577335694,34,0,82.5,1.0,3,0,0,0,0.0,41.25,33.3464014164,Mid,-1,1,0
145871,0,0.0,71,0,5359.0,5400.0,7,0,3,0,0.0,0.992223662284762,2143.6,Senior,-1,1,0
145877,0,0.868391451,40,0,2022.0,5400.0,4,0,1,0,0.0,0.3743751157193112,809.3210348706001,Mid,-1,1,0
145928,0,0.377641142,52,0,4387.0,5400.0,11,0,2,0,0.0,0.8122569894463988,1755.0265846852,Senior,-1,1,0
145954,0,0.520300666,62,0,2578.0,5400.0,19,0,1,0,0.0,0.4773190149972227,1031.5121803996,Senior,-1,1,0
145955,0,0.548897496,52,0,2657.0,5400.0,11,4,1,0,1.0,0.4919459359377893,1063.1293384976,Senior,-1,1,0
145964,0,0.76832371,57,0,7518.0,5400.0,15,0,3,0,1.0,1.3919644510275877,3007.660994226,Senior,-1,1,1
145987,0,0.02673936,64,0,571.5,1.0,7,0,1,0,0.0,285.75,228.616043616,Senior,-1,1,1
146069,0,0.336866732,36,0,3840.0,5400.0,11,0,2,0,1.0,0.710979448250324,1536.2021200392,Mid,-1,1,0
146078,0,0.029520998,58,1,4604.0,5400.0,21,0,2,0,0.0,0.8524347343084614,1841.6177125988,Senior,-1,1,0
146079,0,0.0,64,0,1254.0,1.0,10,0,1,0,0.0,627.0,501.6,Senior,-1,1,1
146105,0,0.04585685,48,0,5786.0,5400.0,18,0,1,0,0.0,1.0712830957230142,2314.42751411,Mid,-1,1,0
146117,0,0.311091009,45,0,3382.0,5400.0,16,0,2,0,0.0,0.6261803369746344,1352.9866546054002,Mid,-1,1,0
146128,0,0.135586369,48,0,9743.0,5400.0,10,0,3,0,1.0,1.8039251990372152,3897.2813518214,Mid,-1,1,1
146176,0,0.9999999,68,0,1049.0,5400.0,2,0,1,0,0.0,0.1942232919829661,420.19999994,Senior,-1,1,0
146216,1,0.9999999,34,1,1330.0,5400.0,2,3,0,1,0.0,0.2462506943158674,532.59999994,Mid,-1,1,0
146248,0,0.531657891,52,0,2926.0,5400.0,4,0,2,0,0.0,0.5417515274949084,1170.7189947346,Senior,-1,1,0
146253,0,0.64762819,60,4,9151.0,5400.0,9,0,2,0,0.0,1.694315867431957,3660.788576914,Senior,-1,1,1
146260,0,0.9999999,59,0,1693.0,5400.0,1,0,1,0,0.0,0.3134604702832809,677.79999994,Senior,-1,1,0
146276,0,0.208871819,49,1,1711.0,1.0,12,0,2,0,2.0,855.5,684.5253230914001,Mid,-1,1,1
146285,0,0.004074044,71,0,3427.0,5400.0,14,0,5,0,0.0,0.6345121273838178,1370.8024444264,Senior,-1,1,0
146316,0,0.017289765,46,0,3203.0,5400.0,6,0,1,0,0.0,0.5930383262358823,1281.210373859,Mid,-1,1,0
146400,0,0.069282965,32,0,2908.0,5400.0,11,0,1,0,0.0,0.5384188113312349,1163.241569779,Mid,-1,1,0
146431,0,0.9999999,68,1,1720.0,5400.0,6,0,1,0,0.0,0.3184595445287909,688.59999994,Senior,-1,1,0
146437,1,0.9999999,62,1,1323.0,5400.0,6,0,2,0,0.0,0.2449546380299944,529.79999994,Senior,-1,1,0
146442,0,0.650412188,47,0,1346.5,1.0,6,0,0,0,0.0,673.25,538.9902473128001,Mid,-1,1,1
146470,0,0.303434828,66,0,3707.0,5400.0,11,0,2,0,0.0,0.6863543788187373,1482.9820608968002,Senior,-1,1,0
146539,0,0.316431395,69,1,13251.0,5400.0,10,0,3,0,0.0,2.4534345491575635,5300.589858837001,Senior,-1,1,1
146543,0,0.886754143,52,0,3166.0,5400.0,14,0,1,0,0.0,0.5861877430105537,1266.9320524858,Senior,-1,1,0
146548,0,0.194092611,28,0,2796.0,5400.0,5,0,1,0,0.0,0.5176819107572672,1118.5164555666,Young,-1,1,0
146557,0,0.006704461,63,0,5836.0,5400.0,14,0,2,0,0.0,1.080540640622107,2334.4040226766,Senior,-1,1,0
146558,0,0.332275844,60,0,3124.0,5400.0,9,0,2,0,0.0,0.5784114052953157,1249.7993655064,Senior,-1,1,0
146575,0,0.035273167,43,0,3251.0,5400.0,13,0,2,1,3.0,0.6019255693390113,1300.4211639002,Mid,-1,1,0
146583,0,0.075800793,38,1,3481.0,5400.0,6,0,1,0,0.0,0.644510275874838,1392.4454804758002,Mid,-1,1,0
146595,0,0.605687226,41,0,3318.0,5400.0,11,0,2,0,1.0,0.6143306795037956,1327.5634123356,Mid,-1,1,0
146606,0,0.737651598,53,0,3648.0,5400.0,8,0,2,0,0.0,0.6754304758378078,1459.6425909588002,Senior,-1,1,0
146628,1,0.9999999,40,1,1571.0,1.0,4,2,2,0,1.0,785.5,628.9999999400001,Mid,-1,1,1
146636,0,0.070286056,62,0,4143.0,5400.0,9,0,2,0,0.0,0.7670801703388261,1657.2421716336,Senior,-1,1,0
146638,0,0.12563837,49,0,3516.0,5400.0,3,0,1,0,0.0,0.650990557304203,1406.4753830220002,Mid,-1,1,0
146708,0,0.123441753,47,0,3243.0,5400.0,14,0,3,0,0.0,0.6004443621551565,1297.2740650518,Mid,-1,1,0
146715,0,0.436784579,38,0,4287.0,5400.0,14,0,2,0,0.0,0.7937418996482133,1715.0620707474002,Mid,-1,1,0
146746,0,0.264200952,43,0,2754.0,5400.0,3,0,1,0,0.0,0.5099055730420292,1101.7585205712,Mid,-1,1,0
146780,0,0.310384231,63,0,4355.0,5400.0,12,0,3,0,0.0,0.8063321607109795,1742.1862305386,Senior,-1,1,0
146788,0,0.448490451,53,0,345.5,1.0,14,0,0,0,1.0,172.75,138.4690942706,Senior,-1,1,0
146797,1,0.8835289,52,2,4421.0,5400.0,8,0,1,0,0.0,0.8185521199777819,1768.9301173400002,Senior,-1,1,0
146837,0,0.518251569,45,0,3510.0,5400.0,6,0,2,0,0.0,0.6498796519163118,1404.3109509414,Mid,-1,1,0
146887,0,0.023932934,51,0,3913.0,5400.0,12,0,3,0,0.0,0.7244954638029995,1565.2143597604002,Senior,-1,1,0
146908,0,0.9999999,49,0,2720.0,5400.0,6,0,2,0,0.0,0.5036104425106461,1088.59999994,Mid,-1,1,0
146936,0,0.834865037,67,0,5252.0,5400.0,6,0,2,0,0.0,0.9724125162007036,2101.3009190222,Senior,-1,1,0
146951,0,0.361516126,52,0,2941.0,5400.0,7,0,2,0,0.0,0.5445287909646361,1176.6169096756,Senior,-1,1,0
146981,0,0.014528683,68,0,6106.0,5400.0,11,0,3,0,0.0,1.130531383077208,2442.4087172098,Senior,-1,1,0
146986,0,0.228793239,49,1,4016.0,5400.0,12,0,3,0,0.0,0.7435660062951305,1606.5372759434,Mid,-1,1,0
146997,1,0.840674254,62,0,2842.0,5400.0,15,1,0,3,1.0,0.5261988520644325,1137.3044045524,Senior,-1,1,0
147057,0,0.598570863,53,0,4198.0,5400.0,10,0,1,0,3.0,0.7772634697278282,1679.5591425178,Senior,-1,1,0
147073,0,0.325321022,41,0,2470.0,5400.0,10,0,2,0,5.0,0.4573227180151824,988.1951926132,Mid,-1,1,0
147114,0,0.223530906,41,0,19378.0,5400.0,19,0,6,0,0.0,3.58785410109239,7751.334118543601,Mid,-1,1,1
147128,0,0.3249935,58,0,3264.0,5400.0,6,0,1,0,0.0,0.6043325310127754,1305.7949961000002,Senior,-1,1,0
147145,0,0.9999999,75,0,2591.0,5400.0,9,0,2,0,0.0,0.4797259766709869,1036.9999999400002,Senior,-1,1,0
147160,0,0.597166078,67,0,3010.0,5400.0,15,0,2,0,2.0,0.5573042029253842,1204.3582996468,Senior,-1,1,0
147161,0,0.300174859,64,0,2931.0,5400.0,23,0,1,0,0.0,0.5426772819848176,1172.5801049154002,Senior,-1,1,0
147178,0,0.355961804,45,0,4570.0,5400.0,9,0,2,1,0.0,0.8461396037770783,1828.2135770824,Mid,-1,1,0
147202,0,0.559413894,62,1,4456.0,5400.0,18,0,3,0,0.0,0.8250324014071468,1782.7356483364,Senior,-1,1,0
147217,0,0.845972915,68,0,10752.0,5400.0,26,0,3,0,0.0,1.9907424551009072,4301.3075837490005,Senior,-1,1,1
147236,0,0.52725153,37,0,2410.0,5400.0,7,0,1,0,0.0,0.446213664136271,964.316350918,Mid,-1,1,0
147267,0,0.326391283,39,0,749.0,1.0,6,0,1,0,2.0,374.5,299.7958347698,Mid,-1,1,1
147282,0,0.601179961,51,0,3828.0,5400.0,10,0,1,0,0.0,0.7087576374745418,1531.5607079766,Senior,-1,1,0
147289,0,0.9999999,57,0,1478.0,5400.0,1,0,1,0,0.0,0.273653027217182,591.79999994,Senior,-1,1,0
147294,0,0.0,60,0,3501.0,5400.0,9,0,2,0,0.0,0.6482132938344751,1400.4,Senior,-1,1,0
147311,0,0.173501732,69,0,12403.0,5400.0,31,0,9,0,0.0,2.2964265876689502,4961.304101039201,Senior,-1,1,1
147322,0,0.049575016,79,0,2566.0,5400.0,12,0,3,0,0.0,0.4750972042214405,1026.4297450096,Senior,-1,1,0
147339,0,0.168432715,58,0,4654.0,5400.0,15,0,5,0,0.0,0.8616922792075542,1861.701059629,Senior,-1,1,0
147353,0,0.169583024,56,0,3858.0,5400.0,12,0,2,0,0.0,0.7143121644139974,1543.3017498144,Senior,-1,1,0
147442,0,0.743490359,58,0,5835.0,5400.0,10,0,2,0,4.0,1.0803554897241252,2334.4460942154,Senior,-1,1,0
147448,0,0.0,34,0,2215.0,5400.0,4,0,1,0,0.0,0.4101092390298093,886.0,Mid,-1,1,0
147473,0,0.9999999,23,0,582.0,5400.0,1,0,0,0,0.0,0.1077578226254397,233.39999994,Young,-1,1,0
147477,0,0.810621632,72,0,1178.0,5400.0,7,0,1,0,0.0,0.2181077578226254,471.6863729792,Senior,-1,1,0
147483,0,0.288412399,49,0,5342.0,1.0,8,0,4,0,0.0,2671.0,2136.9730474394,Mid,-1,1,1
147539,0,0.943441473,43,0,4078.0,5400.0,12,0,2,0,1.0,0.7550453619700056,1631.7660648838,Mid,-1,1,0
147562,1,0.981118104,44,1,7148.0,5400.0,10,0,3,2,0.0,1.3234586187743012,2859.7886708624,Mid,-1,1,1
147587,0,0.354530378,49,1,3995.0,5400.0,19,0,1,0,0.0,0.7396778374375116,1598.2127182268,Mid,-1,1,0
147592,0,0.045779084,69,0,4408.0,5400.0,8,0,2,0,0.0,0.8161451583040178,1763.2274674504,Senior,-1,1,0
147593,0,0.0,59,1,9899.0,5400.0,10,0,4,0,0.0,1.8328087391223848,3959.6,Senior,-1,1,1
147600,0,0.57114611,62,0,2494.0,5400.0,8,0,1,0,0.0,0.4617663395667469,997.942687666,Senior,-1,1,0
147643,0,0.4153591,54,1,4319.0,5400.0,9,0,2,0,1.0,0.7996667283836326,1727.84921546,Senior,-1,1,0
147644,0,0.049423341,50,1,1068.5,1.0,10,0,1,0,1.0,534.25,427.4296540046,Mid,-1,1,1
147671,0,0.299095429,56,0,2860.0,5400.0,10,0,1,0,0.0,0.5295315682281059,1144.1794572574,Senior,-1,1,0
147723,0,0.605564321,40,0,3060.0,5400.0,7,0,2,0,0.0,0.566561747824477,1224.3633385926,Mid,-1,1,0
147742,0,0.004315676,58,0,3975.0,5400.0,7,0,2,0,0.0,0.7359748194778745,1590.0025894056,Senior,-1,1,0
147743,0,0.9999999,68,0,1118.0,5400.0,5,0,1,0,0.0,0.2069987039437141,447.79999994,Senior,-1,1,0
147765,0,0.123936063,57,0,4393.0,5400.0,10,0,4,0,0.0,0.81336789483429,1757.2743616378,Senior,-1,1,0
147774,1,0.412257174,40,0,12702.0,5400.0,12,0,2,0,0.0,2.351786706165525,5081.0473543044,Mid,-1,1,1
147785,0,0.067191828,73,0,4693.0,5400.0,8,0,2,0,0.0,0.8689131642288465,1877.2403150968,Senior,-1,1,0
147811,0,0.0,39,0,3283.0,5400.0,4,0,1,0,0.0,0.6078503980744306,1313.2,Mid,-1,1,0
147855,0,0.242485085,63,1,3673.0,5400.0,16,0,1,0,2.0,0.6800592482873542,1469.345491051,Senior,-1,1,0
147858,0,0.066625093,58,0,3423.0,5400.0,15,0,4,0,0.0,0.6337715237918904,1369.2399750558,Senior,-1,1,0
147939,0,0.065097351,37,0,3083.0,5400.0,8,0,2,0,0.0,0.5708202184780596,1233.2390584106,Mid,-1,1,0
147988,0,0.835172173,52,1,2905.0,5400.0,6,0,1,0,1.0,0.5378633586372894,1162.5011033038,Senior,-1,1,0
148011,0,0.0,73,0,5110.0,5400.0,5,0,1,0,0.0,0.9461210886872802,2044.0,Senior,-1,1,0
148025,0,0.088692118,58,0,4052.0,5400.0,17,0,1,0,0.0,0.7502314386224773,1620.8532152708,Senior,-1,1,0
148029,0,0.064046798,64,0,3882.0,5400.0,2,0,1,0,0.0,0.7187557859655619,1552.8384280788002,Senior,-1,1,0
148047,0,0.194983751,66,0,3389.0,5400.0,9,0,2,0,0.0,0.6274763932605073,1355.7169902506002,Senior,-1,1,0
148051,0,0.785120734,37,0,4376.0,5400.0,12,0,1,0,0.0,0.8102203295685985,1750.8710724404,Mid,-1,1,0
148144,0,0.939790717,47,1,7085.0,5400.0,17,0,3,0,4.0,1.3117941122014445,2834.5638744302,Mid,-1,1,1
148194,1,0.9999999,44,0,2599.0,5400.0,2,2,1,0,3.0,0.4812071838548417,1040.1999999400002,Mid,-1,1,0
148208,0,0.534070679,36,0,2423.0,5400.0,9,0,2,0,0.0,0.4486206258100352,969.5204424074,Mid,-1,1,0
148211,0,0.9999999,57,0,3810.0,5400.0,2,0,1,0,0.0,0.7054249213108683,1524.59999994,Senior,-1,1,0
148241,0,0.392866277,42,0,5671.0,5400.0,18,0,2,0,0.0,1.049990742455101,2268.6357197662,Mid,-1,1,0
148250,0,0.022786749,76,0,2748.0,5400.0,5,0,1,0,0.0,0.5087946676541382,1099.2136720494,Senior,-1,1,0
148310,0,0.001043597,85,0,2351.0,5400.0,10,0,1,0,0.0,0.4352897611553416,940.4006261582,Senior,-1,1,0
148319,0,0.005630134,46,0,3854.0,5400.0,9,0,1,0,0.0,0.71357156082207,1541.6033780804,Mid,-1,1,0
148326,0,0.9999999,70,0,738.0,5400.0,7,0,0,0,0.0,0.1366413627106091,295.79999993999996,Senior,-1,1,0
148388,0,0.118041975,46,0,3382.0,5400.0,14,0,1,0,0.0,0.6261803369746344,1352.8708251850005,Mid,-1,1,0
148425,0,0.0,43,0,3803.0,5400.0,7,0,1,0,0.0,0.7041288650249954,1521.2,Mid,-1,1,0
148432,0,0.807736393,62,1,2903.0,5400.0,13,1,1,0,0.0,0.5374930568413256,1161.6846418358,Senior,-1,1,0
148459,0,0.904159993,56,0,3155.0,5400.0,9,0,1,0,1.0,0.5841510831327532,1262.5424959958,Senior,-1,1,0
148475,0,0.034806701,43,0,4274.0,5400.0,10,0,3,0,1.0,0.7913349379744492,1709.6208840206002,Mid,-1,1,0
148478,1,0.876811594,35,2,1241.0,5400.0,4,0,0,2,0.0,0.2297722643954823,496.9260869564,Mid,-1,1,0
148487,0,0.908396683,60,0,7868.0,5400.0,26,0,3,0,0.0,1.456767265321237,3147.7450380098003,Senior,-1,1,1
148490,0,0.096820275,47,0,4611.0,5400.0,10,0,5,0,0.0,0.8537307905943344,1844.458092165,Mid,-1,1,0
148535,1,0.9999999,45,2,2430.0,5400.0,4,1,2,1,0.0,0.4499166820959082,972.59999994,Mid,-1,1,0
148544,0,0.029278513,59,0,3709.0,5400.0,13,0,4,0,0.0,0.6867246806147009,1483.6175671078,Senior,-1,1,0
148549,0,0.147604458,48,0,4210.0,5400.0,16,0,3,0,0.0,0.7794852805036104,1684.0885626748,Mid,-1,1,0
148557,0,0.061665525,52,0,5289.0,5400.0,15,0,6,0,0.0,0.9792630994260322,2115.6369993149997,Senior,-1,1,0
148570,0,0.032665796,31,0,3071.0,5400.0,6,0,3,0,0.0,0.5685984077022773,1228.4195994776,Mid,-1,1,0
148571,0,0.9999999,35,0,1724.0,5400.0,4,0,0,0,0.0,0.3192001481207184,690.19999994,Mid,-1,1,0
148596,0,0.475680284,72,0,3753.0,5400.0,11,0,1,0,0.0,0.6948713201259026,1501.4854081704,Senior,-1,1,0
148607,0,0.0,63,0,4321.0,5400.0,10,0,2,0,0.0,0.8000370301795964,1728.4,Senior,-1,1,0
148612,0,0.678949832,46,0,3759.0,5400.0,6,0,1,0,0.0,0.6959822255137937,1504.0073698992,Mid,-1,1,0
148651,0,0.108944527,50,0,3257.0,5400.0,16,0,1,0,1.0,0.6030364747269025,1302.8653667162002,Mid,-1,1,0
148662,0,0.481303518,50,0,3643.0,5400.0,14,0,0,0,0.0,0.6745047213478985,1457.4887821108,Mid,-1,1,0
148684,0,0.9999999,54,0,2271.0,5400.0,2,0,1,0,0.0,0.4204776893167932,908.99999994,Senior,-1,1,0
148688,0,0.83520412,50,0,5580.0,5400.0,9,0,4,0,0.0,1.033142010738752,2232.501122472,Mid,-1,1,0
148713,0,0.008946898,58,0,3567.0,5400.0,5,0,1,0,1.0,0.6604332531012775,1426.8053681388,Senior,-1,1,0
148731,0,0.12739982,39,0,183.0,1.0,3,0,0,0,2.0,91.5,73.276439892,Mid,-1,1,0
148750,0,0.9999999,60,0,1842.0,5400.0,4,0,1,0,0.0,0.3410479540825773,737.39999994,Senior,-1,1,0
148765,0,0.905609439,53,1,2143.0,5400.0,5,0,1,0,0.0,0.3967783743751157,857.7433656634,Senior,-1,1,0
148767,0,0.9999999,35,0,871.0,5400.0,1,0,1,0,0.0,0.1612664321421958,348.99999994,Mid,-1,1,0
148769,0,0.9999999,47,0,3221.0,5400.0,2,0,1,0,0.0,0.5963710423995556,1288.9999999400002,Mid,-1,1,0
148794,1,0.9999999,45,0,6514.0,5400.0,7,0,3,0,0.0,1.206072949453805,2606.1999999400005,Mid,-1,1,1
148823,0,0.446755324,31,0,354.0,1.0,4,0,0,0,3.0,177.0,141.8680531944,Mid,-1,1,0
148859,0,0.0,57,0,4704.0,5400.0,7,0,2,0,0.0,0.8709498241066469,1881.6,Senior,-1,1,0
148869,0,0.521467461,63,0,3886.0,5400.0,12,0,1,0,0.0,0.7194963895574894,1554.7128804766,Senior,-1,1,0
148873,0,0.897636745,47,2,20351.0,5400.0,9,0,5,0,2.0,3.7680059248287354,8140.938582047001,Mid,-1,1,1
148876,0,0.003157729,27,0,12.5,7.0,7,0,0,0,0.0,1.5625,5.0018946374,Young,-1,1,0
148878,0,0.101188623,53,0,4177.0,5400.0,5,0,2,0,0.0,0.7733753008702092,1670.8607131738,Senior,-1,1,0
148904,0,0.393864359,41,0,3039.0,5400.0,8,0,2,0,0.0,0.562673578966858,1215.8363186154002,Mid,-1,1,0
148993,0,0.056897079,63,5,5057.0,5400.0,5,0,2,0,0.0,0.9363080910942418,2022.8341382474,Senior,-1,1,0
149051,0,0.93976086,31,0,3439.0,5400.0,15,0,2,0,0.0,0.6367339381596001,1376.163856516,Mid,-1,1,0
149058,0,0.000559978,77,0,2448.0,5400.0,7,0,2,0,0.0,0.4532493982595815,979.2003359868,Senior,-1,1,0
149123,0,0.743645408,34,0,2951.0,5400.0,10,0,1,0,0.0,0.5463802999444547,1180.8461872448,Mid,-1,1,0
149132,0,0.574053543,69,0,4685.0,5400.0,20,0,2,0,1.0,0.8674319570449917,1874.3444321258,Senior,-1,1,0
149151,0,0.250534169,78,2,5261.0,5400.0,19,0,1,0,0.0,0.9740788742825404,2104.5503205014,Senior,-1,1,0
149162,0,0.370460989,63,1,4051.0,5400.0,18,0,2,0,0.0,0.7500462877244954,1620.6222765934,Senior,-1,1,0
149207,0,0.465183317,51,3,2824.0,5400.0,7,2,1,4,0.0,0.5228661359007591,1129.8791099902,Senior,-1,1,0
149214,0,0.108456874,41,0,306.5,1.0,20,0,1,0,4.0,153.25,122.6650741244,Mid,-1,1,0
149232,0,0.225693464,35,0,2641.0,5400.0,16,0,2,0,0.0,0.4889835215700796,1056.5354160784002,Mid,-1,1,0
149233,1,0.933062193,50,0,2448.0,5400.0,7,1,2,2,2.0,0.4532493982595815,979.7598373158,Mid,-1,1,0
149238,0,0.346545724,67,0,2900.0,5400.0,6,0,2,0,0.0,0.5369376041473801,1160.2079274344,Senior,-1,1,0
149263,0,0.9999999,56,0,2525.0,5400.0,10,0,2,0,0.0,0.4675060174041844,1010.59999994,Senior,-1,1,0
149289,0,0.108272387,40,0,997.0,1.0,12,1,1,0,1.0,498.5,398.8649634322,Mid,-1,1,1
149324,0,0.32560572,39,0,5131.0,5400.0,14,0,2,0,0.0,0.9500092575448992,2052.595363432,Mid,-1,1,0
149326,0,0.323163697,31,0,2508.0,5400.0,7,0,2,0,0.0,0.4643584521384928,1003.3938982182,Mid,-1,1,0
149336,0,0.280634271,38,0,5725.0,5400.0,8,0,2,0,3.0,1.059988890946121,2290.1683805626,Mid,-1,1,0
149355,0,0.207606471,64,0,7335.0,5400.0,18,0,2,0,0.0,1.358081836696908,2934.1245638826,Senior,-1,1,1
149356,0,0.255991173,56,0,5298.0,5400.0,6,0,3,0,0.0,0.9809294575078688,2119.3535947038004,Senior,-1,1,0
149382,0,0.094996833,57,0,262.5,1.0,6,0,0,0,0.0,131.25,105.0569980998,Senior,-1,1,0
149394,0,0.010875238,72,0,3088.0,5400.0,8,0,2,0,0.0,0.5717459729679689,1235.2065251428,Senior,-1,1,0
149417,0,0.046049088,70,0,3815.0,5400.0,12,0,2,0,0.0,0.7063506758007776,1526.0276294528,Senior,-1,1,0
149463,0,0.006094948,51,0,1450.5,1.0,6,0,2,0,1.0,725.25,580.2036569688,Senior,-1,1,1
149495,0,0.9999999,50,3,244.5,1.0,0,0,0,0,0.0,122.25,98.39999994,Mid,-1,1,0
149505,0,0.0,35,0,3861.0,5400.0,8,1,2,0,1.0,0.714867617107943,1544.4,Mid,-1,1,0
149534,0,0.329906673,62,0,6578.0,5400.0,16,0,3,0,0.0,1.2179226069246436,2631.3979440038,Senior,-1,1,1
149574,0,0.140941389,45,0,4688.0,5400.0,15,0,3,0,0.0,0.8679874097389373,1875.2845648334,Mid,-1,1,0
149688,0,0.356816592,67,0,2960.0,5400.0,4,0,2,0,0.0,0.5480466580262914,1184.2140899552,Senior,-1,1,0
149701,1,0.9999999,26,0,577.0,5400.0,2,1,0,1,0.0,0.1068320681355304,231.39999994,Young,-1,1,0
149720,0,0.005379143,79,0,2114.0,5400.0,19,0,2,0,0.0,0.3914089983336419,845.6032274858001,Senior,-1,1,0
149737,0,0.9999999,35,0,1205.0,5400.0,0,0,0,0,0.0,0.2231068320681355,482.59999994,Mid,-1,1,0
149795,1,0.9999999,44,3,2826.0,5400.0,8,3,1,1,0.0,0.5232364376967228,1130.9999999400002,Mid,-1,1,0
149805,0,0.145804071,34,0,3404.0,5400.0,7,0,1,1,0.0,0.6302536567302351,1361.6874824426002,Mid,-1,1,0
149849,0,0.491903189,48,0,15968.0,5400.0,16,0,5,0,0.0,2.956489538974264,6387.4951419134,Mid,-1,1,1
149860,0,0.174702317,62,0,3835.0,5400.0,9,0,3,0,0.0,0.7100536937604147,1534.1048213902,Senior,-1,1,0
149866,0,0.604762134,49,0,3468.0,5400.0,13,0,1,0,1.0,0.6421033142010739,1387.5628572804,Mid,-1,1,0
149871,0,0.030994073,59,0,3514.0,5400.0,12,0,2,0,0.0,0.6506202555082392,1405.6185964438002,Senior,-1,1,0
149883,0,0.062398217,77,0,714.5,1.0,3,0,0,0,0.0,357.25,285.8374389302,Senior,-1,1,1
149923,0,0.761465216,41,0,6114.0,5400.0,19,0,1,0,2.0,1.1320125902610627,2446.0568791296,Mid,-1,1,0
149924,0,0.245212355,62,0,3720.0,5400.0,16,0,2,0,0.0,0.6887613404925014,1488.147127413,Senior,-1,1,0
149925,1,0.673698801,62,1,3653.0,5400.0,16,0,1,0,1.0,0.6763562303277171,1461.6042192806,Senior,-1,1,0
149933,0,0.807020815,59,0,5467.0,5400.0,19,0,2,0,0.0,1.0122199592668024,2187.2842124890003,Senior,-1,1,0
149955,1,0.9999999,46,0,170.39801,401.0,3,2,0,0,2.0,0.4238756467661692,68.75920394,Mid,-1,1,0
149959,0,0.457100576,63,0,4945.0,5400.0,9,0,1,0,0.0,0.915571190520274,1978.2742603456,Senior,-1,1,0
149993,0,0.871975945,50,0,4132.0,5400.0,11,0,1,0,3.0,0.7650435104610257,1653.323185567,Mid,-1,1,0
149998,0,0.246043918,58,0,3870.0,5400.0,18,0,1,0,0.0,0.7165339751897797,1548.1476263508,Senior,-1,1,0
